ccache aktif
=== kernel HEAD: ee4590eabf5 | device HEAD: d6bd304 ===
[W][2026-08-02T11:37:51+0000][697305] void cmdline::logParams(nsjconf_t *)():250 Process will be UID/EUID=0 in the global user namespace, and will have user root-level access to files
[W][2026-08-02T11:37:51+0000][697305] void cmdline::logParams(nsjconf_t *)():260 Process will be GID/EGID=0 in the global user namespace, and will have group root-level access to files
[1mdevice/oppo/A37/BoardConfig.mk:213: [35mwarning: [0m[1mBOARD_PLAT_PRIVATE_SEPOLICY_DIR has been deprecated. Use SYSTEM_EXT_PRIVATE_SEPOLICY_DIRS instead.[0m
Trying dependencies-only mode on a non-existing device tree?
[W][2026-08-02T11:37:52+0000][697416] void cmdline::logParams(nsjconf_t *)():250 Process will be UID/EUID=0 in the global user namespace, and will have user root-level access to files
[W][2026-08-02T11:37:52+0000][697416] void cmdline::logParams(nsjconf_t *)():260 Process will be GID/EGID=0 in the global user namespace, and will have group root-level access to files
[1mdevice/oppo/A37/BoardConfig.mk:213: [35mwarning: [0m[1mBOARD_PLAT_PRIVATE_SEPOLICY_DIR has been deprecated. Use SYSTEM_EXT_PRIVATE_SEPOLICY_DIRS instead.[0m

============================================
PLATFORM_VERSION_CODENAME=REL
PLATFORM_VERSION=12
LINEAGE_VERSION=19.1-20260802-UNOFFICIAL-rigaz29-A37
TARGET_PRODUCT=lineage_A37
TARGET_BUILD_VARIANT=eng
TARGET_BUILD_TYPE=release
TARGET_ARCH=arm
TARGET_ARCH_VARIANT=armv8-a
TARGET_CPU_VARIANT=cortex-a53
HOST_ARCH=x86_64
HOST_2ND_ARCH=x86
HOST_OS=linux
HOST_OS_EXTRA=Linux-6.8.0-136-generic-x86_64-Ubuntu-24.04.4-LTS
HOST_CROSS_OS=windows
HOST_CROSS_ARCH=x86
HOST_CROSS_2ND_ARCH=x86_64
HOST_BUILD_TYPE=release
BUILD_ID=SQ3A.220705.004
OUT_DIR=out
PRODUCT_SOONG_NAMESPACES=hardware/qcom-caf/msm8916 vendor/qcom/opensource/data-ipa-cfg-mgr vendor/qcom/opensource/dataservices packages/apps/Bluetooth
WITH_GMS=true
============================================
=== TOP= ===
=== mulai mka bacon (rework) — set +eu dipertahankan selama mka ===
11:37:54 ************************************************************
11:37:54 You are building on a machine with 11.7GB of RAM
11:37:54 
11:37:54 The minimum required amount of free memory is around 16GB,
11:37:54 and even with that, some configurations may not work.
11:37:54 
11:37:54 If you run into segfaults or other errors, try reducing your
11:37:54 -j value.
11:37:54 ************************************************************
[W][2026-08-02T11:37:54+0000][697598] void cmdline::logParams(nsjconf_t *)():250 Process will be UID/EUID=0 in the global user namespace, and will have user root-level access to files
[W][2026-08-02T11:37:54+0000][697598] void cmdline::logParams(nsjconf_t *)():260 Process will be GID/EGID=0 in the global user namespace, and will have group root-level access to files
[1mdevice/oppo/A37/BoardConfig.mk:213: [35mwarning: [0m[1mBOARD_PLAT_PRIVATE_SEPOLICY_DIR has been deprecated. Use SYSTEM_EXT_PRIVATE_SEPOLICY_DIRS instead.[0m
[1mbuild/make/core/soong_config.mk:199: [35mwarning: [0m[1mBOARD_PLAT_PUBLIC_SEPOLICY_DIR has been deprecated. Use SYSTEM_EXT_PUBLIC_SEPOLICY_DIRS instead.[0m
[1mbuild/make/core/soong_config.mk:200: [35mwarning: [0m[1mBOARD_PLAT_PRIVATE_SEPOLICY_DIR has been deprecated. Use SYSTEM_EXT_PRIVATE_SEPOLICY_DIRS instead.[0m
============================================
PLATFORM_VERSION_CODENAME=REL
PLATFORM_VERSION=12
LINEAGE_VERSION=19.1-20260802-UNOFFICIAL-rigaz29-A37
TARGET_PRODUCT=lineage_A37
TARGET_BUILD_VARIANT=eng
TARGET_BUILD_TYPE=release
TARGET_ARCH=arm
TARGET_ARCH_VARIANT=armv8-a
TARGET_CPU_VARIANT=cortex-a53
HOST_ARCH=x86_64
HOST_2ND_ARCH=x86
HOST_OS=linux
HOST_OS_EXTRA=Linux-6.8.0-136-generic-x86_64-Ubuntu-24.04.4-LTS
HOST_CROSS_OS=windows
HOST_CROSS_ARCH=x86
HOST_CROSS_2ND_ARCH=x86_64
HOST_BUILD_TYPE=release
BUILD_ID=SQ3A.220705.004
OUT_DIR=out
PRODUCT_SOONG_NAMESPACES=hardware/qcom-caf/msm8916 vendor/qcom/opensource/data-ipa-cfg-mgr vendor/qcom/opensource/dataservices packages/apps/Bluetooth
WITH_GMS=true
============================================
[W][2026-08-02T11:37:56+0000][697661] void cmdline::logParams(nsjconf_t *)():250 Process will be UID/EUID=0 in the global user namespace, and will have user root-level access to files
[W][2026-08-02T11:37:56+0000][697661] void cmdline::logParams(nsjconf_t *)():260 Process will be GID/EGID=0 in the global user namespace, and will have group root-level access to files
[ 20% 1/5] regenerate globs shard 742 of 1024
[ 40% 2/5] regenerate globs shard 341 of 1024
[ 60% 3/5] regenerate globs shard 583 of 1024
[ 80% 4/5] regenerate globs shard 389 of 1024
[100% 5/5] out/soong/.bootstrap/bin/soong_build out/soong/build.ninja
[W][2026-08-02T11:39:23+0000][697811] void cmdline::logParams(nsjconf_t *)():250 Process will be UID/EUID=0 in the global user namespace, and will have user root-level access to files
[W][2026-08-02T11:39:23+0000][697811] void cmdline::logParams(nsjconf_t *)():260 Process will be GID/EGID=0 in the global user namespace, and will have group root-level access to files
device/oppo/A37/device.mk was modified, regenerating...
[1mdevice/oppo/A37/BoardConfig.mk:213: [35mwarning: [0m[1mBOARD_PLAT_PRIVATE_SEPOLICY_DIR has been deprecated. Use SYSTEM_EXT_PRIVATE_SEPOLICY_DIRS instead.[0m
[W][2026-08-02T11:39:24+0000][697868] void cmdline::logParams(nsjconf_t *)():250 Process will be UID/EUID=0 in the global user namespace, and will have user root-level access to files
[W][2026-08-02T11:39:24+0000][697868] void cmdline::logParams(nsjconf_t *)():260 Process will be GID/EGID=0 in the global user namespace, and will have group root-level access to files
device/oppo/A37/device.mk was modified, regenerating...
[100% 6/6] initializing build system ...
device/oppo/A37/BoardConfig.mk:213: warning: BOARD_PLAT_PRIVATE_SEPOLICY_DIR has been deprecated. Use SYSTEM_EXT_PRIVATE_SEPOLICY_DIRS instead.
[  2% 7/238] including out/soong/Android-lineage_A37.mk ...
[  3% 8/238] including art/Android.mk ...
[  3% 9/238] including bionic/Android.mk ...
[  4% 10/238] including bootable/recovery/Android.mk ...
[  4% 11/238] including build/make/target/board/Android.mk ...
[  5% 12/238] including build/make/target/product/gsi/Android.mk ...
[  5% 13/238] including build/make/target/product/security/Android.mk ...
[  5% 14/238] including build/make/tools/fs_config/Android.mk ...
[  6% 15/238] including cts/apps/CameraITS/Android.mk ...
[  6% 16/238] including cts/apps/CtsVerifier/Android.mk ...
[  7% 17/238] including cts/apps/MainlineModuleDetector/Android.mk ...
[  7% 18/238] including cts/build/Android.mk ...
[  7% 19/238] including cts/hostsidetests/Android.mk ...
[  8% 20/238] including cts/suite/audio_quality/Android.mk ...
[  8% 21/238] including cts/tests/camera/Android.mk ...
[  9% 22/238] including cts/tests/location/Android.mk ...
[  9% 23/238] including cts/tests/rotationresolverservice/Android.mk ...
[ 10% 24/238] including cts/tests/signature/api-check/shared-libs-api/Android.mk ...
[ 10% 25/238] including cts/tests/signature/api-check/system-api/Android.mk ...
[ 10% 26/238] including cts/tests/signature/api/Android.mk ...
[ 11% 27/238] including cts/tests/tests/bionic/Android.mk ...
[ 11% 28/238] including cts/tests/tests/content/Android.mk ...
[ 12% 29/238] including cts/tests/tests/nativemedia/aaudio/Android.mk ...
[ 12% 30/238] including cts/tests/tests/nativemedia/sl/Android.mk ...
[ 13% 31/238] including cts/tests/tests/nativemedia/xa/Android.mk ...
[ 13% 32/238] including cts/tests/tests/nativemidi/Android.mk ...
[ 13% 33/238] including cts/tests/tests/neuralnetworks/Android.mk ...
[ 14% 34/238] including cts/tests/tests/os/Android.mk ...
[ 14% 35/238] including cts/tests/tests/renderscript/Android.mk ...
[ 15% 36/238] including cts/tests/tests/rsblas/Android.mk ...
[ 15% 37/238] including cts/tests/tests/rscpp/Android.mk ...
[ 15% 38/238] including cts/tests/tests/simpleperf/Android.mk ...
[ 16% 39/238] including cts/tests/tests/wrap/nowrap/Android.mk ...
[ 16% 40/238] including cts/tests/tests/wrap/wrap_debug/Android.mk ...
[ 17% 41/238] including cts/tests/tests/wrap/wrap_debug_malloc_debug/Android.mk ...
[ 17% 42/238] including cts/tests/tests/wrap/wrap_nodebug/Android.mk ...
[ 18% 43/238] including cts/tools/cts-device-info/Android.mk ...
[ 18% 44/238] including cts/tools/cts-dynamic-config/Android.mk ...
[ 18% 45/238] including cts/tools/vm-tests-tf/Android.mk ...
[ 19% 46/238] including dalvik/Android.mk ...
[ 19% 47/238] including development/apps/Development/Android.mk ...
[ 20% 48/238] including development/apps/DumpViewer/Android.mk ...
[ 20% 49/238] including development/build/Android.mk ...
[ 21% 50/238] including development/samples/ApiDemos/Android.mk ...
[ 21% 51/238] including development/samples/RenderScript/Android.mk ...
[ 21% 52/238] including development/samples/ShortcutDemo/Android.mk ...
[ 22% 53/238] including development/samples/UiAutomator/Android.mk ...
[ 22% 54/238] including development/testrunner/Android.mk ...
[ 23% 55/238] including device/generic/goldfish-opengl/Android.mk ...
[ 23% 56/238] including device/generic/goldfish/Android.mk ...
[ 23% 57/238] including device/google/atv/LeanbackSampleApp/Android.mk ...
[ 24% 58/238] including device/google/atv/sdk/Android.mk ...
[ 24% 59/238] including device/google/contexthub/firmware/Android.mk ...
[ 25% 60/238] including device/google/contexthub/lefty/Android.mk ...
[ 25% 61/238] including device/google/contexthub/lib/Android.mk ...
[ 26% 62/238] including device/google/contexthub/sensorhal/Android.mk ...
[ 26% 63/238] including device/google/cuttlefish/Android.mk ...
[ 26% 64/238] including device/lineage/atv/Android.mk ...
[ 27% 65/238] including device/oppo/A37/Android.mk ...
[ 27% 66/238] including device/qcom/sepolicy-legacy/Android.mk ...
[ 28% 67/238] including device/sample/Android.mk ...
[ 28% 68/238] including external/android-nn-driver/Android.mk ...
[ 28% 69/238] including external/ant-wireless/ant_native/Android.mk ...
[ 29% 70/238] including external/ant-wireless/ant_service/Android.mk ...
[ 29% 71/238] including external/armnn/Android.mk ...
[ 30% 72/238] including external/bash/Android.mk ...
[ 30% 73/238] including external/chromium-trace/Android.mk ...
[ 31% 74/238] including external/chromium-webview/Android.mk ...
[ 31% 75/238] including external/clang/Android.mk ...
[ 31% 76/238] including external/e2fsprogs/Android.mk ...
[ 32% 77/238] including external/exoplayer/Android.mk ...
[ 32% 78/238] including external/flatbuffers/Android.mk ...
[ 33% 79/238] including external/fmtlib/support/Android.mk ...
[ 33% 80/238] including external/google-breakpad/Android.mk ...
[ 34% 81/238] including external/googletest/googletest/Android.mk ...
[ 34% 82/238] including external/htop/Android.mk ...
[ 34% 83/238] including external/hyphenation-patterns/Android.mk ...
[ 35% 84/238] including external/icu/icu4c/Android.mk ...
[ 35% 85/238] including external/json-c/Android.mk ...
[ 36% 86/238] including external/libaom/Android.mk ...
[ 36% 87/238] including external/libncurses/Android.mk ...
[ 36% 88/238] including external/libusb/Android.mk ...
[ 37% 89/238] including external/libvpx/Android.mk ...
[ 37% 90/238] including external/libwebsockets/Android.mk ...
[ 38% 91/238] including external/ltp/Android.mk ...
[ 38% 92/238] including external/markdown/Android.mk ...
[ 39% 93/238] including external/mesa3d/Android.mk ...
[ 39% 94/238] including external/nano/Android.mk ...
[ 39% 95/238] including external/noto-fonts/emoji-compat-flatbuffers/Android.mk ...
[ 40% 96/238] including external/proguard/Android.mk ...
[ 40% 97/238] including external/robolectric-shadows/Android.mk ...
[ 41% 98/238] including external/stlport/Android.mk ...
[ 41% 99/238] including external/v4l2_codec2/tests/Android.mk ...
[ 42% 100/238] including external/vim/Android.mk ...
[ 42% 101/238] including external/vixl/Android.mk ...
[ 42% 102/238] including external/vogar/Android.mk ...
[ 43% 103/238] including external/vulkan-validation-layers/Android.mk ...
[ 43% 104/238] including external/walt/android/WALT/app/src/main/jni/Android.mk ...
[ 44% 105/238] including external/webrtc/Android.mk ...
[ 44% 106/238] including external/wpa_supplicant_8/Android.mk ...
[ 44% 107/238] including frameworks/av/camera/Android.mk ...
[ 45% 108/238] including frameworks/av/cmds/stagefright/Android.mk ...
[ 45% 109/238] including frameworks/av/media/codec2/Android.mk ...
[ 46% 110/238] including frameworks/av/services/camera/libcameraservice/Android.mk ...
[ 46% 111/238] including frameworks/base/Android.mk ...
[ 47% 112/238] including frameworks/native/cmds/flatland/Android.mk ...
[ 47% 113/238] including frameworks/native/cmds/ip-up-vpn/Android.mk ...
[ 47% 114/238] including frameworks/opt/car/services/tests/Android.mk ...
[ 48% 115/238] including frameworks/opt/localepicker/tests/Android.mk ...
[ 48% 116/238] including frameworks/opt/net/wifi/libwifi_hal/Android.mk ...
[ 49% 117/238] including frameworks/rs/Android.mk ...
[ 49% 118/238] including hardware/broadcom/libbt/Android.mk ...
[ 50% 119/238] including hardware/broadcom/wlan/bcmdhd/Android.mk ...
[ 50% 120/238] including hardware/google/easel/amber/camera/Android.mk ...
[ 50% 121/238] including hardware/google/gchips/Android.mk ...
[ 51% 122/238] including hardware/google/graphics/common/Android.mk ...
[ 51% 123/238] including hardware/google/graphics/gs101/libhwc2.1/Android.mk ...
[ 52% 124/238] including hardware/interfaces/compatibility_matrices/Android.mk ...
[ 52% 125/238] including hardware/interfaces/configstore/1.1/default/Android.mk ...
[ 52% 126/238] including hardware/interfaces/graphics/composer/2.2/default/Android.mk ...
[ 53% 127/238] including hardware/interfaces/keymaster/3.0/default/Android.mk ...
[ 53% 128/238] including hardware/interfaces/media/1.0/xml/Android.mk ...
[ 54% 129/238] including hardware/interfaces/soundtrigger/2.0/default/Android.mk ...
[ 54% 130/238] including hardware/interfaces/soundtrigger/2.1/default/Android.mk ...
[ 55% 131/238] including hardware/interfaces/wifi/1.5/default/Android.mk ...
[ 55% 132/238] including hardware/interfaces/wifi/supplicant/1.1/vts/Android.mk ...
[ 55% 133/238] including hardware/invensense/Android.mk ...
[ 56% 134/238] including hardware/knowles/athletico/sound_trigger_hal/Android.mk ...
[ 56% 135/238] including hardware/libhardware/Android.mk ...
[ 57% 136/238] including hardware/lineage/interfaces/wifi/1.0-legacy/Android.mk ...
[ 57% 137/238] including hardware/qcom-caf/bt/Android.mk ...
[ 57% 138/238] including hardware/qcom-caf/msm8916/audio/Android.mk ...
[ 58% 139/238] including hardware/qcom-caf/msm8916/display/Android.mk ...
[ 58% 140/238] including hardware/qcom-caf/msm8916/media/Android.mk ...
[ 59% 141/238] including hardware/qcom-caf/msm8953/Android.mk ...
[ 59% 142/238] including hardware/qcom-caf/msm8996/Android.mk ...
[ 60% 143/238] including hardware/qcom-caf/msm8998/Android.mk ...
[ 60% 144/238] including hardware/qcom-caf/sdm845/Android.mk ...
[ 60% 145/238] including hardware/qcom-caf/sm8150/Android.mk ...
[ 61% 146/238] including hardware/qcom-caf/sm8250/Android.mk ...
[ 61% 147/238] including hardware/qcom-caf/sm8350/Android.mk ...
[ 62% 148/238] including hardware/qcom-caf/vr/Android.mk ...
[ 62% 149/238] including hardware/qcom-caf/wlan/Android.mk ...
[ 63% 150/238] including hardware/qcom/Android.mk ...
[ 63% 151/238] including hardware/ril/libril/Android.mk ...
[ 63% 152/238] including hardware/ril/reference-ril/Android.mk ...
[ 64% 153/238] including hardware/ril/rild/Android.mk ...
[ 64% 154/238] including hardware/sony/timekeep/Android.mk ...
[ 65% 155/238] including lineage-sdk/Android.mk ...
[ 65% 156/238] including packages/apps/AudioFX/tests/Android.mk ...
[ 65% 157/238] including packages/apps/Backgrounds/Android.mk ...
[ 66% 158/238] including packages/apps/Bluetooth/tests/Android.mk ...
[ 66% 159/238] including packages/apps/Camera2/Android.mk ...
[ 67% 160/238] including packages/apps/Car/SystemUI/tests/Android.mk ...
[ 67% 161/238] including packages/apps/Car/libs/car-ui-lib/Android.mk ...
[ 68% 162/238] including packages/apps/Dialer/Android.mk ...
[ 68% 163/238] including packages/apps/FMRadio/Android.mk ...
[ 68% 164/238] including packages/apps/LineageCustomizer/Android.mk ...
[ 69% 165/238] including packages/apps/Messaging/Android.mk ...
[ 69% 166/238] including packages/apps/SetupWizard/tests/Android.mk ...
[ 70% 167/238] including packages/apps/TV/common/tests/robotests/Android.mk ...
[ 70% 168/238] including packages/apps/TV/tests/Android.mk ...
[ 71% 169/238] including packages/apps/TV/tuner/tests/robotests/Android.mk ...
[ 71% 170/238] including packages/apps/TV/tuner/tests/testing/Android.mk ...
[ 71% 171/238] including packages/apps/ThemePicker/robolectric_tests/Android.mk ...
[ 72% 172/238] including packages/apps/TimeZoneData/Android.mk ...
[ 72% 173/238] including packages/apps/Trebuchet/Android.mk ...
[ 73% 174/238] including packages/apps/WallpaperPicker2/robolectric_tests/Android.mk ...
[ 73% 175/238] including packages/overlays/Lineage/customizations/BlackTheme/Android.mk ...
[ 73% 176/238] including packages/overlays/Lineage/customizations/NavigationBarNoHint/Android.mk ...
[ 74% 177/238] including packages/overlays/Lineage/fonts/etc/Android.mk ...
[ 74% 178/238] including packages/overlays/Lineage/stub/Android.mk ...
[ 75% 179/238] including packages/services/Car/Android.mk ...
[ 75% 180/238] including pdk/apps/HelloPDK/Android.mk ...
[ 76% 181/238] including pdk/apps/TestingCamera/Android.mk ...
[ 76% 182/238] including pdk/apps/TestingCamera2/Android.mk ...
[ 76% 183/238] including platform_testing/scripts/androidx-perf-setup/Android.mk ...
[ 77% 184/238] including platform_testing/scripts/perf-load-setup/Android.mk ...
[ 77% 185/238] including platform_testing/scripts/perf-setup/Android.mk ...
[ 78% 186/238] including platform_testing/scripts/perfetto-setup/Android.mk ...
[ 78% 187/238] including platform_testing/tests/bootdoa/Android.mk ...
[ 78% 188/238] including platform_testing/utils/crashcollector/Android.mk ...
[ 79% 189/238] including prebuilts/asuite/acloud/linux-x86/Android.mk ...
[ 79% 190/238] including prebuilts/clang/host/linux-x86/Android.mk ...
[ 80% 191/238] including prebuilts/ndk/Android.mk ...
[ 80% 192/238] including prebuilts/runtime/Android.mk ...
[ 81% 193/238] including prebuilts/sdk/Android.mk ...
[ 81% 194/238] including system/bt/gd/Android.mk ...
[ 81% 195/238] including system/chre/Android.mk ...
[ 82% 196/238] including system/core/fastboot/Android.mk ...
[ 82% 197/238] including system/core/init/Android.mk ...
[ 83% 198/238] including system/core/rootdir/Android.mk ...
[ 83% 199/238] including system/extras/Android.mk ...
[ 84% 200/238] including system/iorap/Android.mk ...
[ 84% 201/238] including system/libfmq/benchmarks/Android.mk ...
[ 84% 202/238] including system/libhidl/vintfdata/Android.mk ...
[ 85% 203/238] including system/libvintf/Android.mk ...
[ 85% 204/238] including system/sepolicy/Android.mk ...
system/sepolicy/Android.mk:57: warning: BOARD_PLAT_PUBLIC_SEPOLICY_DIR has been deprecated. Use SYSTEM_EXT_PUBLIC_SEPOLICY_DIRS instead.
system/sepolicy/Android.mk:62: warning: BOARD_PLAT_PRIVATE_SEPOLICY_DIR has been deprecated. Use SYSTEM_EXT_PRIVATE_SEPOLICY_DIRS instead.
system/sepolicy/Android.mk:64: warning: BOARD_PLAT_PRIVATE_SEPOLICY_DIR has been deprecated. Use SYSTEM_EXT_PRIVATE_SEPOLICY_DIRS instead.
system/sepolicy/Android.mk:148: warning: Be careful when using the SELINUX_IGNORE_NEVERALLOWS flag. It does not work in user builds and using it will not stop you from failing CTS.
[ 86% 205/238] including system/timezone/Android.mk ...
[ 86% 206/238] including system/tools/hidl/build/Android.mk ...
[ 86% 207/238] including test/mlts/benchmark/Android.mk ...
[ 87% 208/238] including test/vti/test_serving/configs/global/Android.mk ...
[ 87% 209/238] including test/vts-testcase/hal/neuralnetworks/V1_2/benchmark/java/Android.mk ...
[ 88% 210/238] including test/vts-testcase/hal/neuralnetworks/V1_3/benchmark/java/Android.mk ...
[ 88% 211/238] including test/vts-testcase/security/poc/target/Android.mk ...
[ 89% 212/238] including test/vts/compilation_tools/vtsc/test/Android.mk ...
[ 89% 213/238] including test/vts/specification/Android.mk ...
[ 89% 214/238] including test/vts/utils/python/archive/Android.mk ...
[ 90% 215/238] including test/vts/utils/python/coverage/Android.mk ...
[ 90% 216/238] including tools/platform-compat/Android.mk ...
[ 91% 217/238] including tools/test/connectivity/Android.mk ...
[ 91% 218/238] including tools/test/graphicsbenchmark/Android.mk ...
[ 92% 219/238] including tools/tradefederation/prebuilts/test_harness/Android.mk ...
[ 92% 220/238] including vendor/lineage/bootanimation/Android.mk ...
[ 92% 221/238] including vendor/lineage/charger/Android.mk ...
[ 93% 222/238] including vendor/lineage/config/Android.mk ...
[ 93% 223/238] including vendor/lineage/prebuilt/common/Android.mk ...
[ 94% 224/238] including vendor/nxp/opensource/pn5xx/Android.mk ...
[ 94% 225/238] including vendor/nxp/opensource/sn100x/Android.mk ...
[ 94% 226/238] including vendor/oppo/A37/Android.mk ...
[ 95% 227/238] including vendor/qcom/opensource/audio-hal/st-hal/Android.mk ...
[ 95% 228/238] including vendor/qcom/opensource/audio/Android.mk ...
[ 96% 229/238] including vendor/qcom/opensource/commonsys/packages/apps/Bluetooth/tests/Android.mk ...
[ 96% 230/238] including vendor/qcom/opensource/data-ipa-cfg-mgr/ipanat/test/Android.mk ...
[ 97% 231/238] including vendor/qcom/opensource/dataservices/datatop/Android.mk ...
[ 97% 232/238] including vendor/qcom/opensource/dataservices/rmnetctl/Android.mk ...
[ 97% 233/238] including vendor/qcom/opensource/libfmjni/Android.mk ...
[ 98% 234/238] including vendor/qcom/opensource/power/Android.mk ...
[ 98% 235/238] including vendor/qcom/opensource/wfd-commonsys/Android.mk ...
[ 99% 236/238] including out/soong/late-lineage_A37.mk ...
[ 99% 237/238] finishing build rules ...
[100% 238/238] writing build rules ...
[W][2026-08-02T11:40:30+0000][698071] void cmdline::logParams(nsjconf_t *)():250 Process will be UID/EUID=0 in the global user namespace, and will have user root-level access to files
[W][2026-08-02T11:40:30+0000][698071] void cmdline::logParams(nsjconf_t *)():260 Process will be GID/EGID=0 in the global user namespace, and will have group root-level access to files
No need to regenerate ninja file
Starting ninja...
[W][2026-08-02T11:40:30+0000][698086] void cmdline::logParams(nsjconf_t *)():250 Process will be UID/EUID=0 in the global user namespace, and will have user root-level access to files
[W][2026-08-02T11:40:30+0000][698086] void cmdline::logParams(nsjconf_t *)():260 Process will be GID/EGID=0 in the global user namespace, and will have group root-level access to files
[ 49% 239/485] //vendor/lineage/build/soong:generated_kernel_includes write generator.sbox.textproto
[ 49% 240/485] Copy: out/target/product/A37/ramdisk/fstab.qcom
[ 49% 241/485] Copy: out/target/product/A37/system/vendor/etc/cgroups.json
[ 49% 242/485] Copy: out/target/product/A37/system/vendor/etc/task_profiles.json
[ 50% 243/485] Installed file list: out/target/product/A37/installed-files-ramdisk.txt
[ 50% 244/485] Target ramdisk: out/target/product/A37/ramdisk.img
[ 50% 245/485] Building out/target/product/A37/system/build.prop
[ 50% 246/485] Target recovery buildinfo: out/target/product/A37/recovery/root/prop.default
[ 50% 247/485] build out/target/product/A37/obj/PACKAGING/recovery_intermediates/ramdisk_files-timestamp
[ 51% 248/485] ----- Making uncompressed recovery ramdisk ------
[ 51% 249/485] ----- Making compressed recovery ramdisk ------
[ 51% 250/485] Building Kernel Config
make: Entering directory '/root/los19/kernel/oppo/msm8939'
  GEN     /root/los19/out/target/product/A37/obj/KERNEL_OBJ/Makefile
#
# configuration written to .config
#
make: Leaving directory '/root/los19/kernel/oppo/msm8939'
[ 51% 251/485] //vendor/lineage/build/soong:generated_kernel_includes generate
make: Entering directory '/root/los19/kernel/oppo/msm8939'
  CHK     include/generated/uapi/linux/version.h
  UPD     include/generated/uapi/linux/version.h
  HOSTCC  scripts/basic/fixdep
  WRAP    arch/arm/include/generated/asm/auxvec.h
  WRAP    arch/arm/include/generated/asm/bitsperlong.h
  WRAP    arch/arm/include/generated/asm/cputime.h
  WRAP    arch/arm/include/generated/asm/current.h
  WRAP    arch/arm/include/generated/asm/emergency-restart.h
  WRAP    arch/arm/include/generated/asm/errno.h
  WRAP    arch/arm/include/generated/asm/exec.h
  WRAP    arch/arm/include/generated/asm/ioctl.h
  WRAP    arch/arm/include/generated/asm/ipcbuf.h
  WRAP    arch/arm/include/generated/asm/irq_regs.h
  WRAP    arch/arm/include/generated/asm/kdebug.h
  WRAP    arch/arm/include/generated/asm/local.h
  WRAP    arch/arm/include/generated/asm/local64.h
  WRAP    arch/arm/include/generated/asm/mcs_spinlock.h
  WRAP    arch/arm/include/generated/asm/msgbuf.h
  WRAP    arch/arm/include/generated/asm/param.h
  WRAP    arch/arm/include/generated/asm/parport.h
  WRAP    arch/arm/include/generated/asm/poll.h
  WRAP    arch/arm/include/generated/asm/resource.h
  WRAP    arch/arm/include/generated/asm/sections.h
  WRAP    arch/arm/include/generated/asm/segment.h
  WRAP    arch/arm/include/generated/asm/sembuf.h
  WRAP    arch/arm/include/generated/asm/serial.h
  WRAP    arch/arm/include/generated/asm/shmbuf.h
  WRAP    arch/arm/include/generated/asm/siginfo.h
  WRAP    arch/arm/include/generated/asm/simd.h
  WRAP    arch/arm/include/generated/asm/sizes.h
  WRAP    arch/arm/include/generated/asm/socket.h
  WRAP    arch/arm/include/generated/asm/sockios.h
  WRAP    arch/arm/include/generated/asm/termbits.h
  WRAP    arch/arm/include/generated/asm/termios.h
  WRAP    arch/arm/include/generated/asm/timex.h
  WRAP    arch/arm/include/generated/asm/trace_clock.h
  WRAP    arch/arm/include/generated/asm/types.h
  WRAP    arch/arm/include/generated/asm/unaligned.h
  HOSTCC  scripts/unifdef
  INSTALL include/asm-generic (35 files)
  INSTALL include/uapi (0 file)
  INSTALL include/mtd (5 files)
  INSTALL include/drm (18 files)
  INSTALL include/media (23 files)
  INSTALL include/rdma (6 files)
  INSTALL include/xen (2 files)
  INSTALL include/sound (18 files)
  INSTALL include/video (5 files)
  INSTALL include/scsi/fc (4 files)
  INSTALL include/scsi/ufs (2 files)
  INSTALL include/linux/../../../usr/include/linux/staging/android/uapi (2 files)
  INSTALL include/linux/android (1 file)
  INSTALL include/scsi (5 files)
  INSTALL include/linux/byteorder (2 files)
  INSTALL include/linux/caif (2 files)
  INSTALL include/linux/can (5 files)
  INSTALL include/linux/dvb (8 files)
  INSTALL include/linux/hdlc (1 file)
  INSTALL include/linux/hsi (1 file)
  INSTALL include/linux/isdn (1 file)
  INSTALL include/linux/mfd/wcd9xxx (3 files)
  INSTALL include/linux/mmc (3 files)
  INSTALL include/linux/netfilter/ipset (4 files)
  INSTALL include/linux/netfilter_arp (2 files)
  INSTALL include/linux/mfd (1 file)
  INSTALL include/linux/netfilter_bridge (18 files)
  INSTALL include/linux/netfilter_ipv4 (11 files)
  INSTALL include/linux/netfilter_ipv6 (12 files)
  INSTALL include/linux/nfsd (5 files)
  INSTALL include/linux/raid (2 files)
  INSTALL include/linux/netfilter (78 files)
  INSTALL include/linux/spi (1 file)
  INSTALL include/linux/sunrpc (1 file)
  INSTALL include/linux/tc_act (7 files)
  INSTALL include/linux/tc_ematch (4 files)
  INSTALL include/linux/usb (13 files)
  INSTALL include/linux/wimax (1 file)
  INSTALL include/linux (453 files)
  INSTALL include/asm (33 files)
make: Leaving directory '/root/los19/kernel/oppo/msm8939'
[ 51% 252/485] target thumb C++: libwifi-hal-qcom <= hardware/qcom-caf/wlan/qcwcn/wifi_hal/list.cpp
[ 52% 253/485] target thumb C++: sensors.msm8916 <= device/oppo/A37/sensors/InputEventReader.cpp
[ 52% 254/485] target thumb C++: libwifi-hal-qcom <= hardware/qcom-caf/wlan/qcwcn/wifi_hal/common.cpp
[ 52% 255/485] target thumb C++: sensors.msm8916 <= device/oppo/A37/sensors/VirtualSensor.cpp
[ 52% 256/485] target thumb C++: sensors.msm8916 <= device/oppo/A37/sensors/CalibrationManager.cpp
[ 52% 257/485] target thumb C++: sensors.msm8916 <= device/oppo/A37/sensors/Accelerometer.cpp
[ 53% 258/485] target thumb C++: sensors.msm8916 <= device/oppo/A37/sensors/CompassSensor.cpp
[ 53% 259/485] target thumb C++: sensors.msm8916 <= device/oppo/A37/sensors/ProximitySensor.cpp
[ 53% 260/485] target thumb C++: sensors.msm8916 <= device/oppo/A37/sensors/sensors.cpp
[ 53% 261/485] target thumb C++: sensors.msm8916 <= device/oppo/A37/sensors/SensorBase.cpp
[ 54% 262/485] target thumb C++: sensors.msm8916 <= device/oppo/A37/sensors/LightSensor.cpp
[ 54% 263/485] target thumb C++: libwifi-hal-qcom <= hardware/qcom-caf/wlan/qcwcn/wifi_hal/wifi_hal.cpp
[ 54% 264/485] target thumb C++: libwifi-hal-qcom <= hardware/qcom-caf/wlan/qcwcn/wifi_hal/rtt.cpp
[ 54% 265/485] target thumb C++: libwifi-hal-qcom <= hardware/qcom-caf/wlan/qcwcn/wifi_hal/cpp_bindings.cpp
[ 54% 266/485] target thumb C++: libwifi-hal-qcom <= hardware/qcom-caf/wlan/qcwcn/wifi_hal/llstats.cpp
[ 55% 267/485] target thumb C++: libwifi-hal-qcom <= hardware/qcom-caf/wlan/qcwcn/wifi_hal/gscan_event_handler.cpp
[ 55% 268/485] target thumb C++: sensors.msm8916 <= device/oppo/A37/sensors/NativeSensorManager.cpp
device/oppo/A37/sensors/NativeSensorManager.cpp:374:5: warning: format specifies type 'long' but the argument has type 'int32_t' (aka 'int') [-Wformat]
                                context[i].sensor->maxDelay,
                                ^~~~~~~~~~~~~~~~~~~~~~~~~~~
system/logging/liblog/include/log/log_main.h:241:51: note: expanded from macro 'ALOGI'
#define ALOGI(...) ((void)ALOG(LOG_INFO, LOG_TAG, __VA_ARGS__))
                                                  ^~~~~~~~~~~
system/logging/liblog/include/log/log_main.h:336:67: note: expanded from macro 'ALOG'
#define ALOG(priority, tag, ...) LOG_PRI(ANDROID_##priority, tag, __VA_ARGS__)
                                                                  ^~~~~~~~~~~
system/logging/liblog/include/log/log_main.h:94:69: note: expanded from macro 'LOG_PRI'
#define LOG_PRI(priority, tag, ...) android_printLog(priority, tag, __VA_ARGS__)
                                                                    ^~~~~~~~~~~
system/logging/liblog/include/log/log_main.h:85:34: note: expanded from macro 'android_printLog'
  __android_log_print(prio, tag, __VA_ARGS__)
                                 ^~~~~~~~~~~
device/oppo/A37/sensors/NativeSensorManager.cpp:375:5: warning: format specifies type 'unsigned long' but the argument has type 'uint32_t' (aka 'unsigned int') [-Wformat]
                                context[i].sensor->flags);
                                ^~~~~~~~~~~~~~~~~~~~~~~~
system/logging/liblog/include/log/log_main.h:241:51: note: expanded from macro 'ALOGI'
#define ALOGI(...) ((void)ALOG(LOG_INFO, LOG_TAG, __VA_ARGS__))
                                                  ^~~~~~~~~~~
system/logging/liblog/include/log/log_main.h:336:67: note: expanded from macro 'ALOG'
#define ALOG(priority, tag, ...) LOG_PRI(ANDROID_##priority, tag, __VA_ARGS__)
                                                                  ^~~~~~~~~~~
system/logging/liblog/include/log/log_main.h:94:69: note: expanded from macro 'LOG_PRI'
#define LOG_PRI(priority, tag, ...) android_printLog(priority, tag, __VA_ARGS__)
                                                                    ^~~~~~~~~~~
system/logging/liblog/include/log/log_main.h:85:34: note: expanded from macro 'android_printLog'
  __android_log_print(prio, tag, __VA_ARGS__)
                                 ^~~~~~~~~~~
2 warnings generated.
[ 55% 269/485] target thumb C++: libwifi-hal-qcom <= hardware/qcom-caf/wlan/qcwcn/wifi_hal/ifaceeventhandler.cpp
[ 55% 270/485] target thumb C++: libwifi-hal-qcom <= hardware/qcom-caf/wlan/qcwcn/wifi_hal/tdls.cpp
[ 55% 271/485] target thumb C++: libwifi-hal-qcom <= hardware/qcom-caf/wlan/qcwcn/wifi_hal/gscan.cpp
[ 56% 272/485] target SharedLib: sensors.msm8916 (out/target/product/A37/obj/SHARED_LIBRARIES/sensors.msm8916_intermediates/LINKED/sensors.msm8916.so)
[ 56% 273/485] target Symbolic: sensors.msm8916 (out/target/product/A37/symbols/system/vendor/lib/hw/sensors.msm8916.so)
[ 56% 274/485] target thumb C++: libwifi-hal-qcom <= hardware/qcom-caf/wlan/qcwcn/wifi_hal/nan.cpp
[ 56% 275/485] target thumb C++: libwifi-hal-qcom <= hardware/qcom-caf/wlan/qcwcn/wifi_hal/nan_rsp.cpp
[ 56% 276/485] target Strip: sensors.msm8916 (out/target/product/A37/obj/SHARED_LIBRARIES/sensors.msm8916_intermediates/sensors.msm8916.so)
[ 57% 277/485] target thumb C++: libwifi-hal-qcom <= hardware/qcom-caf/wlan/qcwcn/wifi_hal/rb_wrapper.cpp
[ 57% 278/485] target thumb C++: libwifi-hal-qcom <= hardware/qcom-caf/wlan/qcwcn/wifi_hal/ring_buffer.cpp
[ 57% 279/485] target thumb C++: libwifi-hal-qcom <= hardware/qcom-caf/wlan/qcwcn/wifi_hal/nan_ind.cpp
[ 57% 280/485] target thumb C++: libbt-vendor <= hardware/qcom-caf/bt/libbt-vendor/src/bt_vendor_persist.cpp
[ 57% 281/485] target thumb C++: libwifi-hal-qcom <= hardware/qcom-caf/wlan/qcwcn/wifi_hal/rssi_monitor.cpp
[ 58% 282/485] target thumb C++: libwifi-hal-qcom <= hardware/qcom-caf/wlan/qcwcn/wifi_hal/nan_req.cpp
[ 58% 283/485] target thumb C++: libwifi-hal-qcom <= hardware/qcom-caf/wlan/qcwcn/wifi_hal/wifilogger.cpp
[ 58% 284/485] target thumb C++: libwifi-hal-qcom <= hardware/qcom-caf/wlan/qcwcn/wifi_hal/roam.cpp
[ 58% 285/485] target thumb C++: libwifi-hal-qcom <= hardware/qcom-caf/wlan/qcwcn/wifi_hal/radio_mode.cpp
[ 58% 286/485] target thumb C: libbt-vendor <= hardware/qcom-caf/bt/libbt-vendor/src/hardware.c
[ 59% 287/485] target thumb C: libbt-vendor <= hardware/qcom-caf/bt/libbt-vendor/src/hci_uart.c
[ 59% 288/485] target thumb C++: libwifi-hal-qcom <= hardware/qcom-caf/wlan/qcwcn/wifi_hal/tcp_params_update.cpp
[ 59% 289/485] target thumb C: libbt-vendor <= hardware/qcom-caf/bt/libbt-vendor/src/hci_smd.c
[ 59% 290/485] target thumb C++: libwifi-hal-qcom <= hardware/qcom-caf/wlan/qcwcn/wifi_hal/wifilogger_diag.cpp
[ 60% 291/485] target thumb C++: libwifi-hal-qcom <= hardware/qcom-caf/wlan/qcwcn/wifi_hal/wifihal_vendor.cpp
[ 60% 292/485] target thumb C: libbt-vendor <= hardware/qcom-caf/bt/libbt-vendor/src/bt_vendor_qcom.c
[ 60% 293/485] target arm C: audio.primary.msm8916 <= hardware/qcom-caf/msm8916/audio/hal/acdb.c
[ 60% 294/485] target thumb C: libbt-vendor <= hardware/qcom-caf/bt/libbt-vendor/src/hw_rome.c
[ 60% 295/485] target arm C: audio.primary.msm8916 <= hardware/qcom-caf/msm8916/audio/hal/audio_extn/audio_extn.c
[ 61% 296/485] target arm C: audio.primary.msm8916 <= hardware/qcom-caf/msm8916/audio/hal/platform_info.c
[ 61% 297/485] target arm C: audio.primary.msm8916 <= hardware/qcom-caf/msm8916/audio/hal/voice.c
[ 61% 298/485] target thumb C: libbt-vendor <= hardware/qcom-caf/bt/libbt-vendor/src/hw_ar3k.c
[ 61% 299/485] target arm C: audio.primary.msm8916 <= hardware/qcom-caf/msm8916/audio/hal/audio_extn/fm.c
[ 61% 300/485] target SharedLib: libbt-vendor (out/target/product/A37/obj/SHARED_LIBRARIES/libbt-vendor_intermediates/LINKED/libbt-vendor.so)
[ 62% 301/485] target Symbolic: libbt-vendor (out/target/product/A37/symbols/system/vendor/lib/libbt-vendor.so)
[ 62% 302/485] target thumb C++: libwifi-hal-qcom <= hardware/qcom-caf/wlan/qcwcn/wifi_hal/wificonfig.cpp
[ 62% 303/485] target arm C: audio.primary.msm8916 <= hardware/qcom-caf/msm8916/audio/hal/audio_extn/hfp.c
[ 62% 304/485] target arm C: audio.primary.msm8916 <= hardware/qcom-caf/msm8916/audio/hal/msm8916/hw_info.c
[ 62% 305/485] target arm C: audio.primary.msm8916 <= hardware/qcom-caf/msm8916/audio/hal/voice_extn/voice_extn.c
[ 63% 306/485] target arm C: audio.primary.msm8916 <= hardware/qcom-caf/msm8916/audio/hal/audio_extn/utils.c
[ 63% 307/485] target Strip: libbt-vendor (out/target/product/A37/obj/SHARED_LIBRARIES/libbt-vendor_intermediates/libbt-vendor.so)
[ 63% 308/485] target arm C: audio.primary.msm8916 <= hardware/qcom-caf/msm8916/audio/hal/voice_extn/compress_voip.c
[ 63% 309/485] target StaticLib: libwifi-hal-qcom (out/target/product/A37/obj/STATIC_LIBRARIES/libwifi-hal-qcom_intermediates/libwifi-hal-qcom.a)
[ 63% 310/485] target arm C: audio.primary.msm8916 <= hardware/qcom-caf/msm8916/audio/hal/audio_extn/audio_amplifier.c
[ 64% 311/485] target thumb C: libOmxAacEnc <= hardware/qcom-caf/msm8916/audio/mm-audio/aenc-aac/qdsp6/src/aenc_svr.c
[ 64% 312/485] target thumb C: libOmxAmrEnc <= hardware/qcom-caf/msm8916/audio/mm-audio/aenc-amrnb/qdsp6/src/aenc_svr.c
[ 64% 313/485] target arm C: audio.primary.msm8916 <= hardware/qcom-caf/msm8916/audio/hal/audio_extn/sndmonitor.c
[ 64% 314/485] target thumb C: libOmxEvrcEnc <= hardware/qcom-caf/msm8916/audio/mm-audio/aenc-evrc/qdsp6/src/aenc_svr.c
[ 64% 315/485] target thumb C: libOmxQcelp13Enc <= hardware/qcom-caf/msm8916/audio/mm-audio/aenc-qcelp13/qdsp6/src/aenc_svr.c
[ 65% 316/485] target arm C: audio.primary.msm8916 <= hardware/qcom-caf/msm8916/audio/hal/msm8916/platform.c
[ 65% 317/485] target arm C: audio.primary.msm8916 <= hardware/qcom-caf/msm8916/audio/hal/audio_hw.c
[ 65% 318/485] target thumb C: libqcompostprocbundle <= hardware/qcom-caf/msm8916/audio/post_proc/equalizer.c
[ 65% 319/485] target thumb C: libqcompostprocbundle <= hardware/qcom-caf/msm8916/audio/post_proc/bundle.c
[ 65% 320/485] target thumb C: libqcompostprocbundle <= hardware/qcom-caf/msm8916/audio/post_proc/virtualizer.c
[ 66% 321/485] target thumb C: libqcompostprocbundle <= hardware/qcom-caf/msm8916/audio/post_proc/bass_boost.c
[ 66% 322/485] target SharedLib: audio.primary.msm8916 (out/target/product/A37/obj/SHARED_LIBRARIES/audio.primary.msm8916_intermediates/LINKED/audio.primary.msm8916.so)
[ 66% 323/485] target Symbolic: audio.primary.msm8916 (out/target/product/A37/symbols/system/vendor/lib/hw/audio.primary.msm8916.so)
[ 66% 324/485] target thumb C: libqcompostprocbundle <= hardware/qcom-caf/msm8916/audio/post_proc/effect_util.c
[ 67% 325/485] target Strip: audio.primary.msm8916 (out/target/product/A37/obj/SHARED_LIBRARIES/audio.primary.msm8916_intermediates/audio.primary.msm8916.so)
[ 67% 326/485] target thumb C: libqcompostprocbundle <= hardware/qcom-caf/msm8916/audio/post_proc/reverb.c
[ 67% 327/485] target thumb C: libqcompostprocbundle <= hardware/qcom-caf/msm8916/audio/post_proc/effect_api.c
[ 67% 328/485] target SharedLib: libqcompostprocbundle (out/target/product/A37/obj/SHARED_LIBRARIES/libqcompostprocbundle_intermediates/LINKED/libqcompostprocbundle.so)
[ 67% 329/485] target thumb C++: libOmxAmrEnc <= hardware/qcom-caf/msm8916/audio/mm-audio/aenc-amrnb/qdsp6/src/omx_amr_aenc.cpp
[ 68% 330/485] target thumb C++: libOmxEvrcEnc <= hardware/qcom-caf/msm8916/audio/mm-audio/aenc-evrc/qdsp6/src/omx_evrc_aenc.cpp
[ 68% 331/485] target Symbolic: libqcompostprocbundle (out/target/product/A37/symbols/system/vendor/lib/soundfx/libqcompostprocbundle.so)
[ 68% 332/485] target SharedLib: libOmxAmrEnc (out/target/product/A37/obj/SHARED_LIBRARIES/libOmxAmrEnc_intermediates/LINKED/libOmxAmrEnc.so)
[ 68% 333/485] target Symbolic: libOmxAmrEnc (out/target/product/A37/symbols/system/vendor/lib/libOmxAmrEnc.so)
[ 68% 334/485] target SharedLib: libOmxEvrcEnc (out/target/product/A37/obj/SHARED_LIBRARIES/libOmxEvrcEnc_intermediates/LINKED/libOmxEvrcEnc.so)
[ 69% 335/485] target thumb C++: libOmxAacEnc <= hardware/qcom-caf/msm8916/audio/mm-audio/aenc-aac/qdsp6/src/omx_aac_aenc.cpp
[ 69% 336/485] target Symbolic: libOmxEvrcEnc (out/target/product/A37/symbols/system/vendor/lib/libOmxEvrcEnc.so)
[ 69% 337/485] target Strip: libqcompostprocbundle (out/target/product/A37/obj/SHARED_LIBRARIES/libqcompostprocbundle_intermediates/libqcompostprocbundle.so)
[ 69% 338/485] target thumb C++: libOmxQcelp13Enc <= hardware/qcom-caf/msm8916/audio/mm-audio/aenc-qcelp13/qdsp6/src/omx_qcelp13_aenc.cpp
[ 69% 339/485] target thumb C++: gralloc.msm8916 <= hardware/qcom-caf/msm8916/display/libgralloc/gralloc.cpp
[ 70% 340/485] target SharedLib: libOmxAacEnc (out/target/product/A37/obj/SHARED_LIBRARIES/libOmxAacEnc_intermediates/LINKED/libOmxAacEnc.so)
[ 70% 341/485] target Strip: libOmxAmrEnc (out/target/product/A37/obj/SHARED_LIBRARIES/libOmxAmrEnc_intermediates/libOmxAmrEnc.so)
[ 70% 342/485] target Symbolic: libOmxAacEnc (out/target/product/A37/symbols/system/vendor/lib/libOmxAacEnc.so)
[ 70% 343/485] target Strip: libOmxEvrcEnc (out/target/product/A37/obj/SHARED_LIBRARIES/libOmxEvrcEnc_intermediates/libOmxEvrcEnc.so)
[ 70% 344/485] target SharedLib: libOmxQcelp13Enc (out/target/product/A37/obj/SHARED_LIBRARIES/libOmxQcelp13Enc_intermediates/LINKED/libOmxQcelp13Enc.so)
[ 71% 345/485] target Symbolic: libOmxQcelp13Enc (out/target/product/A37/symbols/system/vendor/lib/libOmxQcelp13Enc.so)
[ 71% 346/485] target thumb C++: gralloc.msm8916 <= hardware/qcom-caf/msm8916/display/libgralloc/gpu.cpp
[ 71% 347/485] target Strip: libOmxAacEnc (out/target/product/A37/obj/SHARED_LIBRARIES/libOmxAacEnc_intermediates/libOmxAacEnc.so)
[ 71% 348/485] target thumb C++: gralloc.msm8916 <= hardware/qcom-caf/msm8916/display/libgralloc/framebuffer.cpp
[ 71% 349/485] target Strip: libOmxQcelp13Enc (out/target/product/A37/obj/SHARED_LIBRARIES/libOmxQcelp13Enc_intermediates/libOmxQcelp13Enc.so)
[ 72% 350/485] target thumb C++: gralloc.msm8916 <= hardware/qcom-caf/msm8916/display/libgralloc/mapper.cpp
[ 72% 351/485] target thumb C++: libmemalloc <= hardware/qcom-caf/msm8916/display/libgralloc/ionalloc.cpp
[ 72% 352/485] target thumb C++: libqdutils <= hardware/qcom-caf/msm8916/display/libqdutils/idle_invalidator.cpp
[ 72% 353/485] target thumb C++: libqdutils <= hardware/qcom-caf/msm8916/display/libqdutils/comptype.cpp
[ 72% 354/485] target thumb C++: libqdutils <= hardware/qcom-caf/msm8916/display/libqdutils/qd_utils.cpp
[ 73% 355/485] target thumb C++: libqdutils <= hardware/qcom-caf/msm8916/display/libqdutils/profiler.cpp
[ 73% 356/485] target thumb C++: libqdutils <= hardware/qcom-caf/msm8916/display/libqdutils/mdp_version.cpp
[ 73% 357/485] target thumb C++: libqdutils <= hardware/qcom-caf/msm8916/display/libqdutils/cb_swap_rect.cpp
[ 73% 358/485] target thumb C++: libmemalloc <= hardware/qcom-caf/msm8916/display/libgralloc/alloc_controller.cpp
[ 74% 359/485] target thumb C++: libqdMetaData <= hardware/qcom-caf/msm8916/display/libqdutils/qdMetaData.cpp
[ 74% 360/485] target thumb C++: libqdutils <= hardware/qcom-caf/msm8916/display/libqdutils/cb_utils.cpp
[ 74% 361/485] target thumb C++: libqdMetaData <= hardware/qcom-caf/msm8916/display/libqdutils/qd_utils.cpp
[ 74% 362/485] target thumb C++: libqdutils <= hardware/qcom-caf/msm8916/display/libqdutils/display_config.cpp
[ 74% 363/485] target thumb C++: copybit.msm8916 <= hardware/qcom-caf/msm8916/display/libcopybit/software_converter.cpp
[ 75% 364/485] target thumb C++: libqservice <= hardware/qcom-caf/msm8916/display/libqservice/QService.cpp
[ 75% 365/485] target thumb C++: copybit.msm8916 <= hardware/qcom-caf/msm8916/display/libcopybit/copybit_c2d.cpp
[ 75% 366/485] target SharedLib: libqdMetaData (out/target/product/A37/obj/SHARED_LIBRARIES/libqdMetaData_intermediates/LINKED/libqdMetaData.so)
[ 75% 367/485] target thumb C++: libqservice <= hardware/qcom-caf/msm8916/display/libqservice/IQClient.cpp
[ 75% 368/485] target Symbolic: libqdMetaData (out/target/product/A37/symbols/system/vendor/lib/libqdMetaData.so)
[ 76% 369/485] target Strip: libqdMetaData (out/target/product/A37/obj/SHARED_LIBRARIES/libqdMetaData_intermediates/libqdMetaData.so)
[ 76% 370/485] build out/target/product/A37/obj/SHARED_LIBRARIES/libqdMetaData_intermediates/libqdMetaData.so.toc
[ 76% 371/485] target thumb C++: libqservice <= hardware/qcom-caf/msm8916/display/libqservice/IQService.cpp
[ 76% 372/485] target SharedLib: libqservice (out/target/product/A37/obj/SHARED_LIBRARIES/libqservice_intermediates/LINKED/libqservice.so)
[ 76% 373/485] target Symbolic: libqservice (out/target/product/A37/symbols/system/vendor/lib/libqservice.so)
[ 77% 374/485] target Strip: libqservice (out/target/product/A37/obj/SHARED_LIBRARIES/libqservice_intermediates/libqservice.so)
[ 77% 375/485] build out/target/product/A37/obj/SHARED_LIBRARIES/libqservice_intermediates/libqservice.so.toc
[ 77% 376/485] target SharedLib: libqdutils (out/target/product/A37/obj/SHARED_LIBRARIES/libqdutils_intermediates/LINKED/libqdutils.so)
[ 77% 377/485] target Symbolic: libqdutils (out/target/product/A37/symbols/system/vendor/lib/libqdutils.so)
[ 77% 378/485] target Strip: libqdutils (out/target/product/A37/obj/SHARED_LIBRARIES/libqdutils_intermediates/libqdutils.so)
[ 78% 379/485] build out/target/product/A37/obj/SHARED_LIBRARIES/libqdutils_intermediates/libqdutils.so.toc
[ 78% 380/485] target SharedLib: libmemalloc (out/target/product/A37/obj/SHARED_LIBRARIES/libmemalloc_intermediates/LINKED/libmemalloc.so)
[ 78% 381/485] target Symbolic: libmemalloc (out/target/product/A37/symbols/system/vendor/lib/libmemalloc.so)
[ 78% 382/485] target thumb C++: hwcomposer.msm8916 <= hardware/qcom-caf/msm8916/display/libhwcomposer/hwc_uevents.cpp
[ 78% 383/485] target Strip: libmemalloc (out/target/product/A37/obj/SHARED_LIBRARIES/libmemalloc_intermediates/libmemalloc.so)
[ 79% 384/485] target thumb C++: hwcomposer.msm8916 <= hardware/qcom-caf/msm8916/display/libhwcomposer/hwc_vsync.cpp
[ 79% 385/485] build out/target/product/A37/obj/SHARED_LIBRARIES/libmemalloc_intermediates/libmemalloc.so.toc
[ 79% 386/485] target thumb C++: hwcomposer.msm8916 <= hardware/qcom-caf/msm8916/display/libhwcomposer/hwc.cpp
[ 79% 387/485] target SharedLib: gralloc.msm8916 (out/target/product/A37/obj/SHARED_LIBRARIES/gralloc.msm8916_intermediates/LINKED/gralloc.msm8916.so)
[ 80% 388/485] target thumb C++: hwcomposer.msm8916 <= hardware/qcom-caf/msm8916/display/libhwcomposer/hwc_fbupdate.cpp
[ 80% 389/485] target SharedLib: copybit.msm8916 (out/target/product/A37/obj/SHARED_LIBRARIES/copybit.msm8916_intermediates/LINKED/copybit.msm8916.so)
[ 80% 390/485] target Symbolic: gralloc.msm8916 (out/target/product/A37/symbols/system/vendor/lib/hw/gralloc.msm8916.so)
[ 80% 391/485] target Symbolic: copybit.msm8916 (out/target/product/A37/symbols/system/vendor/lib/hw/copybit.msm8916.so)
[ 80% 392/485] target Strip: gralloc.msm8916 (out/target/product/A37/obj/SHARED_LIBRARIES/gralloc.msm8916_intermediates/gralloc.msm8916.so)
[ 81% 393/485] target Strip: copybit.msm8916 (out/target/product/A37/obj/SHARED_LIBRARIES/copybit.msm8916_intermediates/copybit.msm8916.so)
[ 81% 394/485] target thumb C++: hwcomposer.msm8916 <= hardware/qcom-caf/msm8916/display/libhwcomposer/hwc_copybit.cpp
[ 81% 395/485] target thumb C++: hwcomposer.msm8916 <= hardware/qcom-caf/msm8916/display/libhwcomposer/hwc_dump_layers.cpp
[ 81% 396/485] target SharedLib: libwifi-hal (out/target/product/A37/obj/SHARED_LIBRARIES/libwifi-hal_intermediates/LINKED/libwifi-hal.so)
[ 81% 397/485] target Symbolic: libwifi-hal (out/target/product/A37/symbols/system/vendor/lib/libwifi-hal.so)
[ 82% 398/485] target Strip: libwifi-hal (out/target/product/A37/obj/SHARED_LIBRARIES/libwifi-hal_intermediates/libwifi-hal.so)
[ 82% 399/485] build out/target/product/A37/obj/SHARED_LIBRARIES/libwifi-hal_intermediates/libwifi-hal.so.toc
[ 83% 400/481] target thumb C++: liboverlay <= hardware/qcom-caf/msm8916/display/liboverlay/overlayUtils.cpp
[ 83% 401/481] target thumb C++: hwcomposer.msm8916 <= hardware/qcom-caf/msm8916/display/libhwcomposer/hwc_ad.cpp
[ 83% 402/481] target thumb C++: hwcomposer.msm8916 <= hardware/qcom-caf/msm8916/display/libhwcomposer/hwc_qdcm_legacy.cpp
[ 83% 403/481] target thumb C++: liboverlay <= hardware/qcom-caf/msm8916/display/liboverlay/overlay.cpp
[ 83% 404/481] target thumb C++: hwcomposer.msm8916 <= hardware/qcom-caf/msm8916/display/libhwcomposer/hwc_mdpcomp.cpp
[ 84% 405/481] target thumb C++: hwcomposer.msm8916 <= hardware/qcom-caf/msm8916/display/libhwcomposer/hwc_virtual.cpp
[ 84% 406/481] target thumb C++: liboverlay <= hardware/qcom-caf/msm8916/display/liboverlay/overlayRotator.cpp
[ 84% 407/481] target thumb C++: liboverlay <= hardware/qcom-caf/msm8916/display/liboverlay/overlayMdp.cpp
[ 84% 408/481] target thumb C++: libOmxVidcCommon <= hardware/qcom-caf/msm8916/media/mm-video-v4l2/vidc/common/src/vidc_color_converter.cpp
[ 85% 409/481] target thumb C++: hwcomposer.msm8916 <= hardware/qcom-caf/msm8916/display/libhwcomposer/hwc_utils.cpp
[ 85% 410/481] target thumb C++: liboverlay <= hardware/qcom-caf/msm8916/display/liboverlay/overlayMdpRot.cpp
[ 85% 411/481] target thumb C++: liboverlay <= hardware/qcom-caf/msm8916/display/liboverlay/overlayWriteback.cpp
[ 85% 412/481] target thumb C++: libOmxVdec <= hardware/qcom-caf/msm8916/media/mm-video-v4l2/vidc/vdec/src/frameparser.cpp
[ 85% 413/481] target thumb C++: liboverlay <= hardware/qcom-caf/msm8916/display/liboverlay/overlayMdssRot.cpp
[ 86% 414/481] target thumb C++: libOmxVidcCommon <= hardware/qcom-caf/msm8916/media/mm-video-v4l2/vidc/common/src/extra_data_handler.cpp
[ 86% 415/481] target thumb C++: libOmxVdec <= hardware/qcom-caf/msm8916/media/mm-video-v4l2/vidc/vdec/src/ts_parser.cpp
[ 86% 416/481] target StaticLib: libOmxVidcCommon (out/target/product/A37/obj/STATIC_LIBRARIES/libOmxVidcCommon_intermediates/libOmxVidcCommon.a)
[ 86% 417/481] target thumb C++: libOmxVdec <= hardware/qcom-caf/msm8916/media/mm-video-v4l2/vidc/vdec/src/mp4_utils.cpp
[ 86% 418/481] target thumb C++: libOmxVdec <= hardware/qcom-caf/msm8916/media/mm-video-v4l2/vidc/vdec/src/hevc_utils.cpp
[ 87% 419/481] Install: out/target/product/A37/system/vendor/lib/hw/audio.primary.msm8916.so
[ 87% 420/481] Install: out/target/product/A37/system/vendor/lib/libwifi-hal.so
[ 87% 421/481] Install: out/target/product/A37/system/vendor/lib/libqservice.so
[ 87% 422/481] Install: out/target/product/A37/system/vendor/lib/libqdutils.so
[ 87% 423/481] Install: out/target/product/A37/system/vendor/lib/libqdMetaData.so
[ 88% 424/481] Install: out/target/product/A37/system/vendor/lib/libmemalloc.so
[ 88% 425/481] Install: out/target/product/A37/system/vendor/lib/hw/sensors.msm8916.so
[ 88% 426/481] Install: out/target/product/A37/system/vendor/lib/hw/copybit.msm8916.so
[ 88% 427/481] Install: out/target/product/A37/system/vendor/lib/hw/gralloc.msm8916.so
[ 88% 428/481] Install: out/target/product/A37/system/vendor/lib/libOmxAacEnc.so
[ 89% 429/481] Install: out/target/product/A37/system/vendor/lib/libOmxAmrEnc.so
[ 89% 430/481] target thumb C++: liboverlay <= hardware/qcom-caf/msm8916/display/liboverlay/pipes/overlayGenPipe.cpp
[ 89% 431/481] Install: out/target/product/A37/system/vendor/lib/libOmxQcelp13Enc.so
[ 89% 432/481] Install: out/target/product/A37/system/vendor/lib/libbt-vendor.so
[ 90% 433/481] Install: out/target/product/A37/system/vendor/lib/libOmxEvrcEnc.so
[ 90% 434/481] Install: out/target/product/A37/system/vendor/lib/soundfx/libqcompostprocbundle.so
[ 90% 435/481] target SharedLib: liboverlay (out/target/product/A37/obj/SHARED_LIBRARIES/liboverlay_intermediates/LINKED/liboverlay.so)
[ 90% 436/481] target Symbolic: liboverlay (out/target/product/A37/symbols/system/vendor/lib/liboverlay.so)
[ 90% 437/481] target thumb C++: libc2dcolorconvert <= hardware/qcom-caf/msm8916/media/libc2dcolorconvert/C2DColorConverter.cpp
[ 91% 438/481] target SharedLib: libc2dcolorconvert (out/target/product/A37/obj/SHARED_LIBRARIES/libc2dcolorconvert_intermediates/LINKED/libc2dcolorconvert.so)
[ 91% 439/481] target Strip: liboverlay (out/target/product/A37/obj/SHARED_LIBRARIES/liboverlay_intermediates/liboverlay.so)
[ 91% 440/481] target Symbolic: libc2dcolorconvert (out/target/product/A37/symbols/system/vendor/lib/libc2dcolorconvert.so)
[ 91% 441/481] Install: out/target/product/A37/system/vendor/lib/liboverlay.so
[ 91% 442/481] target thumb C++: hwcomposer.msm8916 <= hardware/qcom-caf/msm8916/display/libhwcomposer/hwc_qclient.cpp
[ 92% 443/481] build out/target/product/A37/obj/SHARED_LIBRARIES/liboverlay_intermediates/liboverlay.so.toc
[ 92% 444/481] target Strip: libc2dcolorconvert (out/target/product/A37/obj/SHARED_LIBRARIES/libc2dcolorconvert_intermediates/libc2dcolorconvert.so)
[ 92% 445/481] Install: out/target/product/A37/system/vendor/lib/libc2dcolorconvert.so
[ 92% 446/481] target thumb C++: libhdmi <= hardware/qcom-caf/msm8916/display/libhdmi/hdmi.cpp
[ 92% 447/481] build out/target/product/A37/obj/SHARED_LIBRARIES/libc2dcolorconvert_intermediates/libc2dcolorconvert.so.toc
[ 93% 448/481] target SharedLib: libhdmi (out/target/product/A37/obj/SHARED_LIBRARIES/libhdmi_intermediates/LINKED/libhdmi.so)
[ 93% 449/481] target Symbolic: libhdmi (out/target/product/A37/symbols/system/vendor/lib/libhdmi.so)
[ 93% 450/481] target Strip: libhdmi (out/target/product/A37/obj/SHARED_LIBRARIES/libhdmi_intermediates/libhdmi.so)
[ 93% 451/481] Install: out/target/product/A37/system/vendor/lib/libhdmi.so
[ 93% 452/481] build out/target/product/A37/obj/SHARED_LIBRARIES/libhdmi_intermediates/libhdmi.so.toc
[ 94% 453/481] target thumb C++: libOmxVdec <= hardware/qcom-caf/msm8916/media/mm-video-v4l2/vidc/vdec/src/h264_utils.cpp
[ 94% 454/481] target thumb C++: libOmxVenc <= hardware/qcom-caf/msm8916/media/mm-video-v4l2/vidc/venc/src/omx_video_encoder.cpp
[ 94% 455/481] target thumb C++: libOmxVenc <= hardware/qcom-caf/msm8916/media/mm-video-v4l2/vidc/venc/src/omx_video_base.cpp
[ 94% 456/481] target thumb C++: libOmxVenc <= hardware/qcom-caf/msm8916/media/mm-video-v4l2/vidc/venc/src/video_encoder_device_v4l2.cpp
[ 95% 457/481] target SharedLib: libOmxVenc (out/target/product/A37/obj/SHARED_LIBRARIES/libOmxVenc_intermediates/LINKED/libOmxVenc.so)
[ 95% 458/481] target Symbolic: libOmxVenc (out/target/product/A37/symbols/system/vendor/lib/libOmxVenc.so)
[ 95% 459/481] target Strip: libOmxVenc (out/target/product/A37/obj/SHARED_LIBRARIES/libOmxVenc_intermediates/libOmxVenc.so)
[ 95% 460/481] Install: out/target/product/A37/system/vendor/lib/libOmxVenc.so
[ 95% 461/481] target SharedLib: hwcomposer.msm8916 (out/target/product/A37/obj/SHARED_LIBRARIES/hwcomposer.msm8916_intermediates/LINKED/hwcomposer.msm8916.so)
[ 96% 462/481] target Symbolic: hwcomposer.msm8916 (out/target/product/A37/symbols/system/vendor/lib/hw/hwcomposer.msm8916.so)
[ 96% 463/481] target Strip: hwcomposer.msm8916 (out/target/product/A37/obj/SHARED_LIBRARIES/hwcomposer.msm8916_intermediates/hwcomposer.msm8916.so)
[ 96% 464/481] Install: out/target/product/A37/system/vendor/lib/hw/hwcomposer.msm8916.so
[ 96% 465/481] target thumb C++: libOmxVdec <= hardware/qcom-caf/msm8916/media/mm-video-v4l2/vidc/vdec/src/omx_vdec_msm8974.cpp
[ 96% 466/481] target SharedLib: libOmxVdec (out/target/product/A37/obj/SHARED_LIBRARIES/libOmxVdec_intermediates/LINKED/libOmxVdec.so)
[ 97% 467/481] target Symbolic: libOmxVdec (out/target/product/A37/symbols/system/vendor/lib/libOmxVdec.so)
[ 97% 468/481] target Strip: libOmxVdec (out/target/product/A37/obj/SHARED_LIBRARIES/libOmxVdec_intermediates/libOmxVdec.so)
[ 97% 469/481] Install: out/target/product/A37/system/vendor/lib/libOmxVdec.so
[ 97% 470/481] build out/target/product/A37/obj/NOTICE.txt
[ 97% 471/481] build out/target/product/A37/obj/NOTICE.html.gz
[ 98% 472/481] build out/target/product/A37/system/etc/NOTICE.html.gz
[ 98% 473/481] build out/target/product/A37/system/etc/linker.config.pb
[ 98% 474/481] Building Kernel Image (zImage)
make: Entering directory '/root/los19/kernel/oppo/msm8939'
  GEN     /root/los19/out/target/product/A37/obj/KERNEL_OBJ/Makefile
scripts/kconfig/conf --silentoldconfig Kconfig
  GEN     /root/los19/out/target/product/A37/obj/KERNEL_OBJ/Makefile
  WRAP    arch/arm/include/generated/asm/auxvec.h
  WRAP    arch/arm/include/generated/asm/bitsperlong.h
  WRAP    arch/arm/include/generated/asm/cputime.h
  WRAP    arch/arm/include/generated/asm/emergency-restart.h
  WRAP    arch/arm/include/generated/asm/current.h
  WRAP    arch/arm/include/generated/asm/errno.h
  WRAP    arch/arm/include/generated/asm/exec.h
  WRAP    arch/arm/include/generated/asm/ioctl.h
  WRAP    arch/arm/include/generated/asm/ipcbuf.h
  WRAP    arch/arm/include/generated/asm/irq_regs.h
  WRAP    arch/arm/include/generated/asm/local.h
  WRAP    arch/arm/include/generated/asm/kdebug.h
  WRAP    arch/arm/include/generated/asm/local64.h
  WRAP    arch/arm/include/generated/asm/mcs_spinlock.h
  WRAP    arch/arm/include/generated/asm/msgbuf.h
  WRAP    arch/arm/include/generated/asm/param.h
  WRAP    arch/arm/include/generated/asm/parport.h
  WRAP    arch/arm/include/generated/asm/resource.h
  WRAP    arch/arm/include/generated/asm/poll.h
  WRAP    arch/arm/include/generated/asm/sections.h
  WRAP    arch/arm/include/generated/asm/segment.h
  WRAP    arch/arm/include/generated/asm/sembuf.h
  WRAP    arch/arm/include/generated/asm/serial.h
  WRAP    arch/arm/include/generated/asm/shmbuf.h
  WRAP    arch/arm/include/generated/asm/siginfo.h
  WRAP    arch/arm/include/generated/asm/simd.h
  WRAP    arch/arm/include/generated/asm/sizes.h
  WRAP    arch/arm/include/generated/asm/socket.h
  WRAP    arch/arm/include/generated/asm/sockios.h
  WRAP    arch/arm/include/generated/asm/termbits.h
  WRAP    arch/arm/include/generated/asm/termios.h
  WRAP    arch/arm/include/generated/asm/timex.h
  WRAP    arch/arm/include/generated/asm/trace_clock.h
  WRAP    arch/arm/include/generated/asm/unaligned.h
  WRAP    arch/arm/include/generated/asm/types.h
  CHK     include/generated/uapi/linux/version.h
  HOSTCC  scripts/basic/fixdep
  HOSTCC  scripts/kallsyms
  HOSTCC  scripts/conmakehash
  HOSTCC  scripts/bin2c
  HOSTCC  scripts/sortextable
  CC      scripts/mod/empty.o
  HOSTCC  scripts/selinux/mdp/mdp
  HOSTCC  scripts/selinux/genheaders/genheaders
  CC      scripts/mod/devicetable-offsets.s
  MKELF   scripts/mod/elfconfig.h
  HOSTCC  scripts/mod/modpost.o
  HOSTCC  scripts/mod/sumversion.o
clang-12: warning: argument unused during compilation: '-fuse-ld=lld' [-Wunused-command-line-argument]
clang-12: warning: argument unused during compilation: '-fuse-ld=lld' [-Wunused-command-line-argument]
  GEN     scripts/mod/devicetable-offsets.h
  HOSTCC  scripts/mod/file2alias.o
clang-12: warning: argument unused during compilation: '-fuse-ld=lld' [-Wunused-command-line-argument]
/root/los19/kernel/oppo/msm8939/scripts/mod/file2alias.c:376:1: warning: adding 'unsigned long' to a string does not append to the string [-Wstring-plus-int]
ADD_TO_DEVTABLE("hid", hid_device_id, do_hid_entry);
^~~~~~~~~~~~~~~~~~~~~~~~~~~~~~~~~~~~~~~~~~~~~~~~~~~
/root/los19/kernel/oppo/msm8939/scripts/mod/file2alias.c:105:13: note: expanded from macro 'ADD_TO_DEVTABLE'
                device_id + 0*sizeof((function)((const char *)NULL,     \
                ~~~~~~~~~~^~~~~~~~~~~~~~~~~~~~~~~~~~~~~~~~~~~~~~~~~~~~~~~
/root/los19/kernel/oppo/msm8939/scripts/mod/file2alias.c:376:1: note: use array indexing to silence this warning
/root/los19/kernel/oppo/msm8939/scripts/mod/file2alias.c:105:13: note: expanded from macro 'ADD_TO_DEVTABLE'
                device_id + 0*sizeof((function)((const char *)NULL,     \
                          ^
/root/los19/kernel/oppo/msm8939/scripts/mod/file2alias.c:401:1: warning: adding 'unsigned long' to a string does not append to the string [-Wstring-plus-int]
ADD_TO_DEVTABLE("ieee1394", ieee1394_device_id, do_ieee1394_entry);
^~~~~~~~~~~~~~~~~~~~~~~~~~~~~~~~~~~~~~~~~~~~~~~~~~~~~~~~~~~~~~~~~~
/root/los19/kernel/oppo/msm8939/scripts/mod/file2alias.c:105:13: note: expanded from macro 'ADD_TO_DEVTABLE'
                device_id + 0*sizeof((function)((const char *)NULL,     \
                ~~~~~~~~~~^~~~~~~~~~~~~~~~~~~~~~~~~~~~~~~~~~~~~~~~~~~~~~~
/root/los19/kernel/oppo/msm8939/scripts/mod/file2alias.c:401:1: note: use array indexing to silence this warning
/root/los19/kernel/oppo/msm8939/scripts/mod/file2alias.c:105:13: note: expanded from macro 'ADD_TO_DEVTABLE'
                device_id + 0*sizeof((function)((const char *)NULL,     \
                          ^
/root/los19/kernel/oppo/msm8939/scripts/mod/file2alias.c:445:1: warning: adding 'unsigned long' to a string does not append to the string [-Wstring-plus-int]
ADD_TO_DEVTABLE("pci", pci_device_id, do_pci_entry);
^~~~~~~~~~~~~~~~~~~~~~~~~~~~~~~~~~~~~~~~~~~~~~~~~~~
/root/los19/kernel/oppo/msm8939/scripts/mod/file2alias.c:105:13: note: expanded from macro 'ADD_TO_DEVTABLE'
                device_id + 0*sizeof((function)((const char *)NULL,     \
                ~~~~~~~~~~^~~~~~~~~~~~~~~~~~~~~~~~~~~~~~~~~~~~~~~~~~~~~~~
/root/los19/kernel/oppo/msm8939/scripts/mod/file2alias.c:445:1: note: use array indexing to silence this warning
/root/los19/kernel/oppo/msm8939/scripts/mod/file2alias.c:105:13: note: expanded from macro 'ADD_TO_DEVTABLE'
                device_id + 0*sizeof((function)((const char *)NULL,     \
                          ^
/root/los19/kernel/oppo/msm8939/scripts/mod/file2alias.c:469:1: warning: adding 'unsigned long' to a string does not append to the string [-Wstring-plus-int]
ADD_TO_DEVTABLE("ccw", ccw_device_id, do_ccw_entry);
^~~~~~~~~~~~~~~~~~~~~~~~~~~~~~~~~~~~~~~~~~~~~~~~~~~
/root/los19/kernel/oppo/msm8939/scripts/mod/file2alias.c:105:13: note: expanded from macro 'ADD_TO_DEVTABLE'
                device_id + 0*sizeof((function)((const char *)NULL,     \
                ~~~~~~~~~~^~~~~~~~~~~~~~~~~~~~~~~~~~~~~~~~~~~~~~~~~~~~~~~
/root/los19/kernel/oppo/msm8939/scripts/mod/file2alias.c:469:1: note: use array indexing to silence this warning
/root/los19/kernel/oppo/msm8939/scripts/mod/file2alias.c:105:13: note: expanded from macro 'ADD_TO_DEVTABLE'
                device_id + 0*sizeof((function)((const char *)NULL,     \
                          ^
/root/los19/kernel/oppo/msm8939/scripts/mod/file2alias.c:480:1: warning: adding 'unsigned long' to a string does not append to the string [-Wstring-plus-int]
ADD_TO_DEVTABLE("ap", ap_device_id, do_ap_entry);
^~~~~~~~~~~~~~~~~~~~~~~~~~~~~~~~~~~~~~~~~~~~~~~~
/root/los19/kernel/oppo/msm8939/scripts/mod/file2alias.c:105:13: note: expanded from macro 'ADD_TO_DEVTABLE'
                device_id + 0*sizeof((function)((const char *)NULL,     \
                ~~~~~~~~~~^~~~~~~~~~~~~~~~~~~~~~~~~~~~~~~~~~~~~~~~~~~~~~~
/root/los19/kernel/oppo/msm8939/scripts/mod/file2alias.c:480:1: note: use array indexing to silence this warning
/root/los19/kernel/oppo/msm8939/scripts/mod/file2alias.c:105:13: note: expanded from macro 'ADD_TO_DEVTABLE'
                device_id + 0*sizeof((function)((const char *)NULL,     \
                          ^
/root/los19/kernel/oppo/msm8939/scripts/mod/file2alias.c:491:1: warning: adding 'unsigned long' to a string does not append to the string [-Wstring-plus-int]
ADD_TO_DEVTABLE("css", css_device_id, do_css_entry);
^~~~~~~~~~~~~~~~~~~~~~~~~~~~~~~~~~~~~~~~~~~~~~~~~~~
/root/los19/kernel/oppo/msm8939/scripts/mod/file2alias.c:105:13: note: expanded from macro 'ADD_TO_DEVTABLE'
                device_id + 0*sizeof((function)((const char *)NULL,     \
                ~~~~~~~~~~^~~~~~~~~~~~~~~~~~~~~~~~~~~~~~~~~~~~~~~~~~~~~~~
/root/los19/kernel/oppo/msm8939/scripts/mod/file2alias.c:491:1: note: use array indexing to silence this warning
/root/los19/kernel/oppo/msm8939/scripts/mod/file2alias.c:105:13: note: expanded from macro 'ADD_TO_DEVTABLE'
                device_id + 0*sizeof((function)((const char *)NULL,     \
                          ^
/root/los19/kernel/oppo/msm8939/scripts/mod/file2alias.c:511:1: warning: adding 'unsigned long' to a string does not append to the string [-Wstring-plus-int]
ADD_TO_DEVTABLE("serio", serio_device_id, do_serio_entry);
^~~~~~~~~~~~~~~~~~~~~~~~~~~~~~~~~~~~~~~~~~~~~~~~~~~~~~~~~
/root/los19/kernel/oppo/msm8939/scripts/mod/file2alias.c:105:13: note: expanded from macro 'ADD_TO_DEVTABLE'
                device_id + 0*sizeof((function)((const char *)NULL,     \
                ~~~~~~~~~~^~~~~~~~~~~~~~~~~~~~~~~~~~~~~~~~~~~~~~~~~~~~~~~
/root/los19/kernel/oppo/msm8939/scripts/mod/file2alias.c:511:1: note: use array indexing to silence this warning
/root/los19/kernel/oppo/msm8939/scripts/mod/file2alias.c:105:13: note: expanded from macro 'ADD_TO_DEVTABLE'
                device_id + 0*sizeof((function)((const char *)NULL,     \
                          ^
/root/los19/kernel/oppo/msm8939/scripts/mod/file2alias.c:521:1: warning: adding 'unsigned long' to a string does not append to the string [-Wstring-plus-int]
ADD_TO_DEVTABLE("acpi", acpi_device_id, do_acpi_entry);
^~~~~~~~~~~~~~~~~~~~~~~~~~~~~~~~~~~~~~~~~~~~~~~~~~~~~~
/root/los19/kernel/oppo/msm8939/scripts/mod/file2alias.c:105:13: note: expanded from macro 'ADD_TO_DEVTABLE'
                device_id + 0*sizeof((function)((const char *)NULL,     \
                ~~~~~~~~~~^~~~~~~~~~~~~~~~~~~~~~~~~~~~~~~~~~~~~~~~~~~~~~~
/root/los19/kernel/oppo/msm8939/scripts/mod/file2alias.c:521:1: note: use array indexing to silence this warning
/root/los19/kernel/oppo/msm8939/scripts/mod/file2alias.c:105:13: note: expanded from macro 'ADD_TO_DEVTABLE'
                device_id + 0*sizeof((function)((const char *)NULL,     \
                          ^
/root/los19/kernel/oppo/msm8939/scripts/mod/file2alias.c:642:1: warning: adding 'unsigned long' to a string does not append to the string [-Wstring-plus-int]
ADD_TO_DEVTABLE("pcmcia", pcmcia_device_id, do_pcmcia_entry);
^~~~~~~~~~~~~~~~~~~~~~~~~~~~~~~~~~~~~~~~~~~~~~~~~~~~~~~~~~~~
/root/los19/kernel/oppo/msm8939/scripts/mod/file2alias.c:105:13: note: expanded from macro 'ADD_TO_DEVTABLE'
                device_id + 0*sizeof((function)((const char *)NULL,     \
                ~~~~~~~~~~^~~~~~~~~~~~~~~~~~~~~~~~~~~~~~~~~~~~~~~~~~~~~~~
/root/los19/kernel/oppo/msm8939/scripts/mod/file2alias.c:642:1: note: use array indexing to silence this warning
/root/los19/kernel/oppo/msm8939/scripts/mod/file2alias.c:105:13: note: expanded from macro 'ADD_TO_DEVTABLE'
                device_id + 0*sizeof((function)((const char *)NULL,     \
                          ^
/root/los19/kernel/oppo/msm8939/scripts/mod/file2alias.c:669:1: warning: adding 'unsigned long' to a string does not append to the string [-Wstring-plus-int]
ADD_TO_DEVTABLE("of", of_device_id, do_of_entry);
^~~~~~~~~~~~~~~~~~~~~~~~~~~~~~~~~~~~~~~~~~~~~~~~
/root/los19/kernel/oppo/msm8939/scripts/mod/file2alias.c:105:13: note: expanded from macro 'ADD_TO_DEVTABLE'
                device_id + 0*sizeof((function)((const char *)NULL,     \
                ~~~~~~~~~~^~~~~~~~~~~~~~~~~~~~~~~~~~~~~~~~~~~~~~~~~~~~~~~
/root/los19/kernel/oppo/msm8939/scripts/mod/file2alias.c:669:1: note: use array indexing to silence this warning
/root/los19/kernel/oppo/msm8939/scripts/mod/file2alias.c:105:13: note: expanded from macro 'ADD_TO_DEVTABLE'
                device_id + 0*sizeof((function)((const char *)NULL,     \
                          ^
/root/los19/kernel/oppo/msm8939/scripts/mod/file2alias.c:689:1: warning: adding 'unsigned long' to a string does not append to the string [-Wstring-plus-int]
ADD_TO_DEVTABLE("vio", vio_device_id, do_vio_entry);
^~~~~~~~~~~~~~~~~~~~~~~~~~~~~~~~~~~~~~~~~~~~~~~~~~~
/root/los19/kernel/oppo/msm8939/scripts/mod/file2alias.c:105:13: note: expanded from macro 'ADD_TO_DEVTABLE'
                device_id + 0*sizeof((function)((const char *)NULL,     \
                ~~~~~~~~~~^~~~~~~~~~~~~~~~~~~~~~~~~~~~~~~~~~~~~~~~~~~~~~~
/root/los19/kernel/oppo/msm8939/scripts/mod/file2alias.c:689:1: note: use array indexing to silence this warning
/root/los19/kernel/oppo/msm8939/scripts/mod/file2alias.c:105:13: note: expanded from macro 'ADD_TO_DEVTABLE'
                device_id + 0*sizeof((function)((const char *)NULL,     \
                          ^
/root/los19/kernel/oppo/msm8939/scripts/mod/file2alias.c:762:1: warning: adding 'unsigned long' to a string does not append to the string [-Wstring-plus-int]
ADD_TO_DEVTABLE("input", input_device_id, do_input_entry);
^~~~~~~~~~~~~~~~~~~~~~~~~~~~~~~~~~~~~~~~~~~~~~~~~~~~~~~~~
/root/los19/kernel/oppo/msm8939/scripts/mod/file2alias.c:105:13: note: expanded from macro 'ADD_TO_DEVTABLE'
                device_id + 0*sizeof((function)((const char *)NULL,     \
                ~~~~~~~~~~^~~~~~~~~~~~~~~~~~~~~~~~~~~~~~~~~~~~~~~~~~~~~~~
/root/los19/kernel/oppo/msm8939/scripts/mod/file2alias.c:762:1: note: use array indexing to silence this warning
/root/los19/kernel/oppo/msm8939/scripts/mod/file2alias.c:105:13: note: expanded from macro 'ADD_TO_DEVTABLE'
                device_id + 0*sizeof((function)((const char *)NULL,     \
                          ^
/root/los19/kernel/oppo/msm8939/scripts/mod/file2alias.c:774:1: warning: adding 'unsigned long' to a string does not append to the string [-Wstring-plus-int]
ADD_TO_DEVTABLE("eisa", eisa_device_id, do_eisa_entry);
^~~~~~~~~~~~~~~~~~~~~~~~~~~~~~~~~~~~~~~~~~~~~~~~~~~~~~
/root/los19/kernel/oppo/msm8939/scripts/mod/file2alias.c:105:13: note: expanded from macro 'ADD_TO_DEVTABLE'
                device_id + 0*sizeof((function)((const char *)NULL,     \
                ~~~~~~~~~~^~~~~~~~~~~~~~~~~~~~~~~~~~~~~~~~~~~~~~~~~~~~~~~
/root/los19/kernel/oppo/msm8939/scripts/mod/file2alias.c:774:1: note: use array indexing to silence this warning
/root/los19/kernel/oppo/msm8939/scripts/mod/file2alias.c:105:13: note: expanded from macro 'ADD_TO_DEVTABLE'
                device_id + 0*sizeof((function)((const char *)NULL,     \
                          ^
/root/los19/kernel/oppo/msm8939/scripts/mod/file2alias.c:794:1: warning: adding 'unsigned long' to a string does not append to the string [-Wstring-plus-int]
ADD_TO_DEVTABLE("parisc", parisc_device_id, do_parisc_entry);
^~~~~~~~~~~~~~~~~~~~~~~~~~~~~~~~~~~~~~~~~~~~~~~~~~~~~~~~~~~~
/root/los19/kernel/oppo/msm8939/scripts/mod/file2alias.c:105:13: note: expanded from macro 'ADD_TO_DEVTABLE'
                device_id + 0*sizeof((function)((const char *)NULL,     \
                ~~~~~~~~~~^~~~~~~~~~~~~~~~~~~~~~~~~~~~~~~~~~~~~~~~~~~~~~~
/root/los19/kernel/oppo/msm8939/scripts/mod/file2alias.c:794:1: note: use array indexing to silence this warning
/root/los19/kernel/oppo/msm8939/scripts/mod/file2alias.c:105:13: note: expanded from macro 'ADD_TO_DEVTABLE'
                device_id + 0*sizeof((function)((const char *)NULL,     \
                          ^
/root/los19/kernel/oppo/msm8939/scripts/mod/file2alias.c:811:1: warning: adding 'unsigned long' to a string does not append to the string [-Wstring-plus-int]
ADD_TO_DEVTABLE("sdio", sdio_device_id, do_sdio_entry);
^~~~~~~~~~~~~~~~~~~~~~~~~~~~~~~~~~~~~~~~~~~~~~~~~~~~~~
/root/los19/kernel/oppo/msm8939/scripts/mod/file2alias.c:105:13: note: expanded from macro 'ADD_TO_DEVTABLE'
                device_id + 0*sizeof((function)((const char *)NULL,     \
                ~~~~~~~~~~^~~~~~~~~~~~~~~~~~~~~~~~~~~~~~~~~~~~~~~~~~~~~~~
/root/los19/kernel/oppo/msm8939/scripts/mod/file2alias.c:811:1: note: use array indexing to silence this warning
/root/los19/kernel/oppo/msm8939/scripts/mod/file2alias.c:105:13: note: expanded from macro 'ADD_TO_DEVTABLE'
                device_id + 0*sizeof((function)((const char *)NULL,     \
                          ^
/root/los19/kernel/oppo/msm8939/scripts/mod/file2alias.c:828:1: warning: adding 'unsigned long' to a string does not append to the string [-Wstring-plus-int]
ADD_TO_DEVTABLE("ssb", ssb_device_id, do_ssb_entry);
^~~~~~~~~~~~~~~~~~~~~~~~~~~~~~~~~~~~~~~~~~~~~~~~~~~
/root/los19/kernel/oppo/msm8939/scripts/mod/file2alias.c:105:13: note: expanded from macro 'ADD_TO_DEVTABLE'
                device_id + 0*sizeof((function)((const char *)NULL,     \
                ~~~~~~~~~~^~~~~~~~~~~~~~~~~~~~~~~~~~~~~~~~~~~~~~~~~~~~~~~
/root/los19/kernel/oppo/msm8939/scripts/mod/file2alias.c:828:1: note: use array indexing to silence this warning
/root/los19/kernel/oppo/msm8939/scripts/mod/file2alias.c:105:13: note: expanded from macro 'ADD_TO_DEVTABLE'
                device_id + 0*sizeof((function)((const char *)NULL,     \
                          ^
/root/los19/kernel/oppo/msm8939/scripts/mod/file2alias.c:847:1: warning: adding 'unsigned long' to a string does not append to the string [-Wstring-plus-int]
ADD_TO_DEVTABLE("bcma", bcma_device_id, do_bcma_entry);
^~~~~~~~~~~~~~~~~~~~~~~~~~~~~~~~~~~~~~~~~~~~~~~~~~~~~~
/root/los19/kernel/oppo/msm8939/scripts/mod/file2alias.c:105:13: note: expanded from macro 'ADD_TO_DEVTABLE'
                device_id + 0*sizeof((function)((const char *)NULL,     \
                ~~~~~~~~~~^~~~~~~~~~~~~~~~~~~~~~~~~~~~~~~~~~~~~~~~~~~~~~~
/root/los19/kernel/oppo/msm8939/scripts/mod/file2alias.c:847:1: note: use array indexing to silence this warning
/root/los19/kernel/oppo/msm8939/scripts/mod/file2alias.c:105:13: note: expanded from macro 'ADD_TO_DEVTABLE'
                device_id + 0*sizeof((function)((const char *)NULL,     \
                          ^
/root/los19/kernel/oppo/msm8939/scripts/mod/file2alias.c:863:1: warning: adding 'unsigned long' to a string does not append to the string [-Wstring-plus-int]
ADD_TO_DEVTABLE("virtio", virtio_device_id, do_virtio_entry);
^~~~~~~~~~~~~~~~~~~~~~~~~~~~~~~~~~~~~~~~~~~~~~~~~~~~~~~~~~~~
/root/los19/kernel/oppo/msm8939/scripts/mod/file2alias.c:105:13: note: expanded from macro 'ADD_TO_DEVTABLE'
                device_id + 0*sizeof((function)((const char *)NULL,     \
                ~~~~~~~~~~^~~~~~~~~~~~~~~~~~~~~~~~~~~~~~~~~~~~~~~~~~~~~~~
/root/los19/kernel/oppo/msm8939/scripts/mod/file2alias.c:863:1: note: use array indexing to silence this warning
/root/los19/kernel/oppo/msm8939/scripts/mod/file2alias.c:105:13: note: expanded from macro 'ADD_TO_DEVTABLE'
                device_id + 0*sizeof((function)((const char *)NULL,     \
                          ^
/root/los19/kernel/oppo/msm8939/scripts/mod/file2alias.c:886:1: warning: adding 'unsigned long' to a string does not append to the string [-Wstring-plus-int]
ADD_TO_DEVTABLE("vmbus", hv_vmbus_device_id, do_vmbus_entry);
^~~~~~~~~~~~~~~~~~~~~~~~~~~~~~~~~~~~~~~~~~~~~~~~~~~~~~~~~~~~
/root/los19/kernel/oppo/msm8939/scripts/mod/file2alias.c:105:13: note: expanded from macro 'ADD_TO_DEVTABLE'
                device_id + 0*sizeof((function)((const char *)NULL,     \
                ~~~~~~~~~~^~~~~~~~~~~~~~~~~~~~~~~~~~~~~~~~~~~~~~~~~~~~~~~
/root/los19/kernel/oppo/msm8939/scripts/mod/file2alias.c:886:1: note: use array indexing to silence this warning
/root/los19/kernel/oppo/msm8939/scripts/mod/file2alias.c:105:13: note: expanded from macro 'ADD_TO_DEVTABLE'
                device_id + 0*sizeof((function)((const char *)NULL,     \
                          ^
/root/los19/kernel/oppo/msm8939/scripts/mod/file2alias.c:897:1: warning: adding 'unsigned long' to a string does not append to the string [-Wstring-plus-int]
ADD_TO_DEVTABLE("i2c", i2c_device_id, do_i2c_entry);
^~~~~~~~~~~~~~~~~~~~~~~~~~~~~~~~~~~~~~~~~~~~~~~~~~~
/root/los19/kernel/oppo/msm8939/scripts/mod/file2alias.c:105:13: note: expanded from macro 'ADD_TO_DEVTABLE'
                device_id + 0*sizeof((function)((const char *)NULL,     \
                ~~~~~~~~~~^~~~~~~~~~~~~~~~~~~~~~~~~~~~~~~~~~~~~~~~~~~~~~~
/root/los19/kernel/oppo/msm8939/scripts/mod/file2alias.c:897:1: note: use array indexing to silence this warning
/root/los19/kernel/oppo/msm8939/scripts/mod/file2alias.c:105:13: note: expanded from macro 'ADD_TO_DEVTABLE'
                device_id + 0*sizeof((function)((const char *)NULL,     \
                          ^
/root/los19/kernel/oppo/msm8939/scripts/mod/file2alias.c:908:1: warning: adding 'unsigned long' to a string does not append to the string [-Wstring-plus-int]
ADD_TO_DEVTABLE("spi", spi_device_id, do_spi_entry);
^~~~~~~~~~~~~~~~~~~~~~~~~~~~~~~~~~~~~~~~~~~~~~~~~~~
/root/los19/kernel/oppo/msm8939/scripts/mod/file2alias.c:105:13: note: expanded from macro 'ADD_TO_DEVTABLE'
                device_id + 0*sizeof((function)((const char *)NULL,     \
                ~~~~~~~~~~^~~~~~~~~~~~~~~~~~~~~~~~~~~~~~~~~~~~~~~~~~~~~~~
/root/los19/kernel/oppo/msm8939/scripts/mod/file2alias.c:908:1: note: use array indexing to silence this warning
/root/los19/kernel/oppo/msm8939/scripts/mod/file2alias.c:105:13: note: expanded from macro 'ADD_TO_DEVTABLE'
                device_id + 0*sizeof((function)((const char *)NULL,     \
                          ^
/root/los19/kernel/oppo/msm8939/scripts/mod/file2alias.c:963:1: warning: adding 'unsigned long' to a string does not append to the string [-Wstring-plus-int]
ADD_TO_DEVTABLE("dmi", dmi_system_id, do_dmi_entry);
^~~~~~~~~~~~~~~~~~~~~~~~~~~~~~~~~~~~~~~~~~~~~~~~~~~
/root/los19/kernel/oppo/msm8939/scripts/mod/file2alias.c:105:13: note: expanded from macro 'ADD_TO_DEVTABLE'
                device_id + 0*sizeof((function)((const char *)NULL,     \
                ~~~~~~~~~~^~~~~~~~~~~~~~~~~~~~~~~~~~~~~~~~~~~~~~~~~~~~~~~
/root/los19/kernel/oppo/msm8939/scripts/mod/file2alias.c:963:1: note: use array indexing to silence this warning
/root/los19/kernel/oppo/msm8939/scripts/mod/file2alias.c:105:13: note: expanded from macro 'ADD_TO_DEVTABLE'
                device_id + 0*sizeof((function)((const char *)NULL,     \
                          ^
/root/los19/kernel/oppo/msm8939/scripts/mod/file2alias.c:972:1: warning: adding 'unsigned long' to a string does not append to the string [-Wstring-plus-int]
ADD_TO_DEVTABLE("platform", platform_device_id, do_platform_entry);
^~~~~~~~~~~~~~~~~~~~~~~~~~~~~~~~~~~~~~~~~~~~~~~~~~~~~~~~~~~~~~~~~~
/root/los19/kernel/oppo/msm8939/scripts/mod/file2alias.c:105:13: note: expanded from macro 'ADD_TO_DEVTABLE'
                device_id + 0*sizeof((function)((const char *)NULL,     \
                ~~~~~~~~~~^~~~~~~~~~~~~~~~~~~~~~~~~~~~~~~~~~~~~~~~~~~~~~~
/root/los19/kernel/oppo/msm8939/scripts/mod/file2alias.c:972:1: note: use array indexing to silence this warning
/root/los19/kernel/oppo/msm8939/scripts/mod/file2alias.c:105:13: note: expanded from macro 'ADD_TO_DEVTABLE'
                device_id + 0*sizeof((function)((const char *)NULL,     \
                          ^
/root/los19/kernel/oppo/msm8939/scripts/mod/file2alias.c:997:1: warning: adding 'unsigned long' to a string does not append to the string [-Wstring-plus-int]
ADD_TO_DEVTABLE("mdio", mdio_device_id, do_mdio_entry);
^~~~~~~~~~~~~~~~~~~~~~~~~~~~~~~~~~~~~~~~~~~~~~~~~~~~~~
/root/los19/kernel/oppo/msm8939/scripts/mod/file2alias.c:105:13: note: expanded from macro 'ADD_TO_DEVTABLE'
                device_id + 0*sizeof((function)((const char *)NULL,     \
                ~~~~~~~~~~^~~~~~~~~~~~~~~~~~~~~~~~~~~~~~~~~~~~~~~~~~~~~~~
/root/los19/kernel/oppo/msm8939/scripts/mod/file2alias.c:997:1: note: use array indexing to silence this warning
/root/los19/kernel/oppo/msm8939/scripts/mod/file2alias.c:105:13: note: expanded from macro 'ADD_TO_DEVTABLE'
                device_id + 0*sizeof((function)((const char *)NULL,     \
                          ^
/root/los19/kernel/oppo/msm8939/scripts/mod/file2alias.c:1008:1: warning: adding 'unsigned long' to a string does not append to the string [-Wstring-plus-int]
ADD_TO_DEVTABLE("zorro", zorro_device_id, do_zorro_entry);
^~~~~~~~~~~~~~~~~~~~~~~~~~~~~~~~~~~~~~~~~~~~~~~~~~~~~~~~~
/root/los19/kernel/oppo/msm8939/scripts/mod/file2alias.c:105:13: note: expanded from macro 'ADD_TO_DEVTABLE'
                device_id + 0*sizeof((function)((const char *)NULL,     \
                ~~~~~~~~~~^~~~~~~~~~~~~~~~~~~~~~~~~~~~~~~~~~~~~~~~~~~~~~~
/root/los19/kernel/oppo/msm8939/scripts/mod/file2alias.c:1008:1: note: use array indexing to silence this warning
/root/los19/kernel/oppo/msm8939/scripts/mod/file2alias.c:105:13: note: expanded from macro 'ADD_TO_DEVTABLE'
                device_id + 0*sizeof((function)((const char *)NULL,     \
                          ^
/root/los19/kernel/oppo/msm8939/scripts/mod/file2alias.c:1024:1: warning: adding 'unsigned long' to a string does not append to the string [-Wstring-plus-int]
ADD_TO_DEVTABLE("isapnp", isapnp_device_id, do_isapnp_entry);
^~~~~~~~~~~~~~~~~~~~~~~~~~~~~~~~~~~~~~~~~~~~~~~~~~~~~~~~~~~~
/root/los19/kernel/oppo/msm8939/scripts/mod/file2alias.c:105:13: note: expanded from macro 'ADD_TO_DEVTABLE'
                device_id + 0*sizeof((function)((const char *)NULL,     \
                ~~~~~~~~~~^~~~~~~~~~~~~~~~~~~~~~~~~~~~~~~~~~~~~~~~~~~~~~~
/root/los19/kernel/oppo/msm8939/scripts/mod/file2alias.c:1024:1: note: use array indexing to silence this warning
/root/los19/kernel/oppo/msm8939/scripts/mod/file2alias.c:105:13: note: expanded from macro 'ADD_TO_DEVTABLE'
                device_id + 0*sizeof((function)((const char *)NULL,     \
                          ^
/root/los19/kernel/oppo/msm8939/scripts/mod/file2alias.c:1040:1: warning: adding 'unsigned long' to a string does not append to the string [-Wstring-plus-int]
ADD_TO_DEVTABLE("ipack", ipack_device_id, do_ipack_entry);
^~~~~~~~~~~~~~~~~~~~~~~~~~~~~~~~~~~~~~~~~~~~~~~~~~~~~~~~~
/root/los19/kernel/oppo/msm8939/scripts/mod/file2alias.c:105:13: note: expanded from macro 'ADD_TO_DEVTABLE'
                device_id + 0*sizeof((function)((const char *)NULL,     \
                ~~~~~~~~~~^~~~~~~~~~~~~~~~~~~~~~~~~~~~~~~~~~~~~~~~~~~~~~~
/root/los19/kernel/oppo/msm8939/scripts/mod/file2alias.c:1040:1: note: use array indexing to silence this warning
/root/los19/kernel/oppo/msm8939/scripts/mod/file2alias.c:105:13: note: expanded from macro 'ADD_TO_DEVTABLE'
                device_id + 0*sizeof((function)((const char *)NULL,     \
                          ^
/root/los19/kernel/oppo/msm8939/scripts/mod/file2alias.c:1111:1: warning: adding 'unsigned long' to a string does not append to the string [-Wstring-plus-int]
ADD_TO_DEVTABLE("amba", amba_id, do_amba_entry);
^~~~~~~~~~~~~~~~~~~~~~~~~~~~~~~~~~~~~~~~~~~~~~~
/root/los19/kernel/oppo/msm8939/scripts/mod/file2alias.c:105:13: note: expanded from macro 'ADD_TO_DEVTABLE'
                device_id + 0*sizeof((function)((const char *)NULL,     \
                ~~~~~~~~~~^~~~~~~~~~~~~~~~~~~~~~~~~~~~~~~~~~~~~~~~~~~~~~~
/root/los19/kernel/oppo/msm8939/scripts/mod/file2alias.c:1111:1: note: use array indexing to silence this warning
/root/los19/kernel/oppo/msm8939/scripts/mod/file2alias.c:105:13: note: expanded from macro 'ADD_TO_DEVTABLE'
                device_id + 0*sizeof((function)((const char *)NULL,     \
                          ^
/root/los19/kernel/oppo/msm8939/scripts/mod/file2alias.c:1136:1: warning: adding 'unsigned long' to a string does not append to the string [-Wstring-plus-int]
ADD_TO_DEVTABLE("x86cpu", x86_cpu_id, do_x86cpu_entry);
^~~~~~~~~~~~~~~~~~~~~~~~~~~~~~~~~~~~~~~~~~~~~~~~~~~~~~
/root/los19/kernel/oppo/msm8939/scripts/mod/file2alias.c:105:13: note: expanded from macro 'ADD_TO_DEVTABLE'
                device_id + 0*sizeof((function)((const char *)NULL,     \
                ~~~~~~~~~~^~~~~~~~~~~~~~~~~~~~~~~~~~~~~~~~~~~~~~~~~~~~~~~
/root/los19/kernel/oppo/msm8939/scripts/mod/file2alias.c:1136:1: note: use array indexing to silence this warning
/root/los19/kernel/oppo/msm8939/scripts/mod/file2alias.c:105:13: note: expanded from macro 'ADD_TO_DEVTABLE'
                device_id + 0*sizeof((function)((const char *)NULL,     \
                          ^
/root/los19/kernel/oppo/msm8939/scripts/mod/file2alias.c:1146:1: warning: adding 'unsigned long' to a string does not append to the string [-Wstring-plus-int]
ADD_TO_DEVTABLE("cpu", cpu_feature, do_cpu_entry);
^~~~~~~~~~~~~~~~~~~~~~~~~~~~~~~~~~~~~~~~~~~~~~~~~
/root/los19/kernel/oppo/msm8939/scripts/mod/file2alias.c:105:13: note: expanded from macro 'ADD_TO_DEVTABLE'
                device_id + 0*sizeof((function)((const char *)NULL,     \
                ~~~~~~~~~~^~~~~~~~~~~~~~~~~~~~~~~~~~~~~~~~~~~~~~~~~~~~~~~
/root/los19/kernel/oppo/msm8939/scripts/mod/file2alias.c:1146:1: note: use array indexing to silence this warning
/root/los19/kernel/oppo/msm8939/scripts/mod/file2alias.c:105:13: note: expanded from macro 'ADD_TO_DEVTABLE'
                device_id + 0*sizeof((function)((const char *)NULL,     \
                          ^
/root/los19/kernel/oppo/msm8939/scripts/mod/file2alias.c:1158:1: warning: adding 'unsigned long' to a string does not append to the string [-Wstring-plus-int]
ADD_TO_DEVTABLE("mei", mei_cl_device_id, do_mei_entry);
^~~~~~~~~~~~~~~~~~~~~~~~~~~~~~~~~~~~~~~~~~~~~~~~~~~~~~
/root/los19/kernel/oppo/msm8939/scripts/mod/file2alias.c:105:13: note: expanded from macro 'ADD_TO_DEVTABLE'
                device_id + 0*sizeof((function)((const char *)NULL,     \
                ~~~~~~~~~~^~~~~~~~~~~~~~~~~~~~~~~~~~~~~~~~~~~~~~~~~~~~~~~
/root/los19/kernel/oppo/msm8939/scripts/mod/file2alias.c:1158:1: note: use array indexing to silence this warning
/root/los19/kernel/oppo/msm8939/scripts/mod/file2alias.c:105:13: note: expanded from macro 'ADD_TO_DEVTABLE'
                device_id + 0*sizeof((function)((const char *)NULL,     \
                          ^
31 warnings generated.
  HOSTLD  scripts/mod/modpost
  Using /root/los19/kernel/oppo/msm8939 as source for kernel
  CHK     include/generated/utsrelease.h
  UPD     include/generated/utsrelease.h
  Generating include/generated/mach-types.h
  CC      kernel/bounds.s
  GEN     include/generated/bounds.h
  CC      arch/arm/kernel/asm-offsets.s
  GEN     include/generated/asm-offsets.h
  CALL    /root/los19/kernel/oppo/msm8939/scripts/checksyscalls.sh
  AS      usr/initramfs_data.o
  CC      init/main.o
  CHK     include/generated/compile.h
  CC      init/do_mounts.o
  CC      init/do_mounts_rd.o
  CC      init/do_mounts_initrd.o
  CC      arch/arm/vfp/vfpmodule.o
  AS      arch/arm/vfp/entry.o
  AS      arch/arm/vfp/vfphw.o
  CC      arch/arm/vfp/vfpsingle.o
  CC      arch/arm/vfp/vfpdouble.o
  LD      usr/built-in.o
  CC      arch/arm/kernel/elf.o
  UPD     include/generated/compile.h
  AS      arch/arm/kernel/entry-armv.o
  CC      init/initramfs.o
  CC      init/calibrate.o
  CC      arch/arm/mm/dma-mapping.o
  AS      arch/arm/kernel/entry-common.o
  CC      arch/arm/common/firmware.o
  CC      arch/arm/kernel/irq.o
  CC      arch/arm/mm/extable.o
  CC      init/init_task.o
  LD      arch/arm/net/built-in.o
  CC      arch/arm/kernel/opcodes.o
  PERL    arch/arm/crypto/aesbs-core.S_shipped
  LD      arch/arm/vfp/vfp.o
  CC      arch/arm/hotplug/msm_hotplug.o
  LD      arch/arm/vfp/built-in.o
  CC      arch/arm/crypto/aesbs-glue.o
  CC      arch/arm/mm/fault.o
  CC      arch/arm/mach-msm/io.o
  CC      arch/arm/mach-msm/dma.o
  CC      arch/arm/mach-msm/memory.o
  AS      arch/arm/crypto/aes-armv4.o
  LD      arch/arm/common/built-in.o
  CC      arch/arm/kernel/process.o
  CC      init/version.o
  LD      init/mounts.o
  CC      arch/arm/crypto/aes_glue.o
  CC      arch/arm/kernel/ptrace.o
  CC      kernel/fork.o
  CC      arch/arm/mm/init.o
  CC      arch/arm/kernel/return_address.o
  LD      ipc/built-in.o
  LD      init/built-in.o
  CC      mm/filemap.o
  CC      mm/mempool.o
  CC      arch/arm/mach-msm/board-dt.o
  CC      fs/open.o
  AS      arch/arm/crypto/sha1-armv7-neon.o
  LD      arch/arm/hotplug/built-in.o
  CC      security/keys/gc.o
  CC      arch/arm/mach-msm/acpuclock.o
  CC      fs/read_write.o
  CC      arch/arm/crypto/sha1_neon_glue.o
  CC      arch/arm/mm/iomap.o
  CC      mm/oom_kill.o
  CC      arch/arm/mach-msm/perf_trace_counters.o
  CC      kernel/exec_domain.o
  CC      security/keys/key.o
  CC      arch/arm/kernel/setup.o
  CC      arch/arm/mm/fault-armv.o
  AS      arch/arm/crypto/sha1-armv4-large.o
  CC      arch/arm/crypto/sha1_glue.o
  CC      fs/file_table.o
  CC      fs/super.o
  CC      arch/arm/mach-msm/perf_debug.o
  CC      kernel/panic.o
  CC      block/elevator.o
  CC      arch/arm/mm/flush.o
  LD      drivers/amba/built-in.o
  CC      security/keys/keyring.o
  CC      arch/arm/kernel/signal.o
  CC      drivers/android/binder.o
  CC      crypto/api.o
  AS      arch/arm/mach-msm/headsmp.o
  CC      mm/fadvise.o
  AS      arch/arm/crypto/sha256-armv7-neon.o
  CC      arch/arm/crypto/sha256_neon_glue.o
  CC      arch/arm/mach-msm/platsmp.o
/root/los19/out/soong/.temp/ccUxhQ2L.s: Assembler messages:
/root/los19/out/soong/.temp/ccUxhQ2L.s:484: This coprocessor register access is deprecated in ARMv8
  CC      arch/arm/mm/idmap.o
  CC      arch/arm/kernel/stacktrace.o
  CC      mm/maccess.o
  CC      fs/char_dev.o
  CC      kernel/printk.o
  CC      crypto/cipher.o
  AS      arch/arm/crypto/sha512-armv7-neon.o
  CC      arch/arm/crypto/sha512_neon_glue.o
  CC      arch/arm/kernel/sys_arm.o
  CC      block/blk-core.o
  CC      security/keys/keyctl.o
  CC      arch/arm/mach-msm/hotplug.o
  CC      arch/arm/mm/ioremap.o
  CC      fs/stat.o
  CC      mm/page_alloc.o
  CC      arch/arm/kernel/time.o
  AS      arch/arm/mach-msm/memutils/memcpy.o
  CC      arch/arm/mach-msm/keypad-surf-ffa.o
  CC      crypto/compress.o
  SHIPPED arch/arm/crypto/aesbs-core.S
  AS      arch/arm/crypto/aesbs-core.o
  CC      arch/arm/mm/mmap.o
  AS      arch/arm/mach-msm/memutils/copy_from_user.o
  LD      arch/arm/crypto/aes-arm.o
  LD      arch/arm/crypto/aes-arm-bs.o
  LD      arch/arm/crypto/sha1-arm.o
  LD      arch/arm/crypto/sha1-arm-neon.o
  LD      arch/arm/crypto/sha256-arm-neon.o
  LD      arch/arm/crypto/sha512-arm-neon.o
  LD      arch/arm/crypto/built-in.o
  CC      crypto/memneq.o
  AS      arch/arm/mach-msm/memutils/copy_to_user.o
  CC      arch/arm/kernel/traps.o
  CC      security/keys/permission.o
  CC      fs/exec.o
  CC      arch/arm/mach-msm/memutils/copy_page.o
  GEN     security/selinux/flask.h security/selinux/av_permissions.h
  CC      arch/arm/mm/pgd.o
  CC      security/selinux/avc.o
  CC      fs/pipe.o
  AS      arch/arm/mach-msm/memutils/memmove.o
  CC      kernel/cpu.o
  LD      arch/arm/mach-msm/memutils/built-in.o
  CC      crypto/algapi.o
  CC      arch/arm/mach-msm/board-8916.o
  CC      security/keys/process_keys.o
  CC      arch/arm/kernel/atags_parse.o
  CC      arch/arm/mm/mmu.o
  CC      arch/arm/mach-msm/ext-buck-control.o
  CC      drivers/android/binder_alloc.o
  CC      kernel/exit.o
  CC      fs/namei.o
  CC      block/blk-tag.o
  CC      security/selinux/hooks.o
  CC      arch/arm/kernel/cpuidle.o
  CC      security/keys/request_key.o
  CC      mm/page-writeback.o
  CC      crypto/scatterwalk.o
  CC      arch/arm/mach-msm/msm_mem_hole.o
  AS      arch/arm/kernel/sleep.o
  CC      arch/arm/mm/alignment.o
  CC      arch/arm/kernel/suspend.o
  CC      security/keys/request_key_auth.o
  CC      arch/arm/mach-msm/smcmod.o
  CC      block/blk-sysfs.o
  CC      block/blk-flush.o
  CC      crypto/proc.o
  LD      drivers/android/built-in.o
  LD      drivers/auxdisplay/built-in.o
  CC      arch/arm/kernel/smp.o
  CC      drivers/base/core.o
  CC      security/keys/user_defined.o
  CC      arch/arm/mm/highmem.o
  LD      arch/arm/mach-msm/built-in.o
  CC      kernel/softirq.o
  CC      sound/sound_core.o
  CC      crypto/ablkcipher.o
  CC      fs/fcntl.o
  CC      block/blk-settings.o
  CC      security/keys/proc.o
  CC      mm/readahead.o
  LD      sound/arm/built-in.o
  LD      sound/atmel/built-in.o
  AS      arch/arm/mm/abort-ev7.o
  CC      drivers/block/brd.o
  CC      arch/arm/kernel/smp_tlb.o
  CC      sound/core/compress_offload.o
  AS      arch/arm/mm/pabort-v7.o
  CC      security/keys/sysctl.o
  CC      fs/ioctl.o
  AS      arch/arm/mm/cache-v7.o
  CC      crypto/blkcipher.o
  CC      drivers/base/bus.o
  CC      block/blk-ioc.o
  CC      arch/arm/mm/copypage-v6.o
  CC      mm/swap.o
  CC      security/keys/encrypted-keys/encrypted.o
  CC      kernel/resource.o
  CC      arch/arm/kernel/arch_timer.o
  CC      security/selinux/selinuxfs.o
  CC      sound/core/hrtimer.o
  CC      arch/arm/kernel/jump_label.o
  CC      fs/readdir.o
  CC      arch/arm/mm/context.o
  CC      drivers/block/loop.o
  CC      arch/arm/kernel/insn.o
  CC      crypto/ahash.o
  CC      block/blk-map.o
  CC      drivers/base/dd.o
  CC      security/keys/encrypted-keys/ecryptfs_format.o
  CC      arch/arm/kernel/patch.o
  CC      sound/core/hwdep.o
  AS      arch/arm/mm/tlb-v7.o
  CC      mm/truncate.o
  AS      arch/arm/mm/proc-v7.o
  CC      fs/select.o
  CC      kernel/sysctl.o
  LD      security/keys/encrypted-keys/encrypted-keys.o
  LD      security/keys/encrypted-keys/built-in.o
  LD      security/keys/built-in.o
  CC      drivers/block/zram/zcomp.o
  LD      arch/arm/mm/built-in.o
  CC      drivers/base/syscore.o
  CC      drivers/base/driver.o
  CC      block/blk-exec.o
  CC      arch/arm/kernel/unwind.o
  CC      crypto/shash.o
  CC      security/selinux/netlink.o
  CC      sound/core/memalloc.o
  CC      drivers/bluetooth/bluetooth-power.o
  CC      drivers/block/zram/zram_drv.o
  CC      mm/vmscan.o
  CC      drivers/base/class.o
  CC      block/blk-merge.o
  CC      arch/arm/kernel/devtree.o
  CC      arch/arm/kernel/swp_emulate.o
  CC      security/selinux/nlmsgtab.o
  CC      sound/core/pcm.o
  CC      fs/dcache.o
  LD      drivers/bluetooth/built-in.o
  CC      arch/arm/kernel/hw_breakpoint.o
  CC      drivers/base/platform.o
  CC      crypto/algboss.o
  CC      kernel/sysctl_binary.o
  LD      sound/drivers/mpu401/built-in.o
  LD      sound/drivers/opl3/built-in.o
  LD      sound/drivers/opl4/built-in.o
  CC      block/blk-softirq.o
  LD      sound/drivers/pcsp/built-in.o
  LD      sound/drivers/vx/built-in.o
  CC      drivers/base/cpu.o
  LD      sound/drivers/built-in.o
  CC      drivers/base/firmware.o
  LD      drivers/block/zram/zram.o
  LD      drivers/block/zram/built-in.o
  LD      drivers/block/built-in.o
  LD      sound/firewire/built-in.o
  LD      drivers/bus/built-in.o
  CC      security/selinux/netif.o
  CC      sound/core/pcm_native.o
  MK_FW   firmware/rt2870.bin.gen.S
  AS      firmware/rt2870.bin.gen.o
  CC      drivers/cdrom/cdrom.o
  CC      arch/arm/kernel/perf_event.o
  CC      kernel/capability.o
  CC      drivers/base/init.o
  LD      firmware/built-in.o
  CC      crypto/testmgr.o
  CC      block/blk-timeout.o
  CC      security/commoncap.o
  CC      mm/shmem.o
  CC      drivers/base/map.o
  CC      security/selinux/netnode.o
  CC      crypto/crypto_wq.o
  CC      fs/inode.o
  CC      arch/arm/kernel/perf_event_cpu.o
  CC      kernel/ptrace.o
  CC      block/blk-iopoll.o
  LD      crypto/crypto_algapi.o
  CC      kernel/user.o
  CC      drivers/base/devres.o
  CC      crypto/aead.o
  CC      sound/core/pcm_lib.o
  CC      drivers/base/attribute_container.o
  CC      security/selinux/netport.o
  CC      block/blk-lib.o
  LD      drivers/cdrom/built-in.o
  CC      fs/attr.o
  CC      arch/arm/kernel/topology.o
  CC      kernel/signal.o
  CC      net/socket.o
  CC      arch/arm/lib/uaccess_with_memcpy.o
  CC      drivers/base/transport_class.o
  LD      crypto/crypto_blkcipher.o
  CC      crypto/chainiv.o
  AS      arch/arm/lib/ashldi3.o
  CC      fs/bad_inode.o
  CC      arch/arm/kernel/user_accessible_timer.o
  CC      mm/util.o
  CC      block/ioctl.o
  LD      sound/i2c/other/built-in.o
  LD      sound/i2c/built-in.o
  CC      security/min_addr.o
  CC      security/selinux/exports.o
  CC      drivers/base/topology.o
  AS      arch/arm/lib/ashrdi3.o
  CC      crypto/eseqiv.o
  CC      fs/file.o
  AS      arch/arm/lib/backtrace.o
  CC      security/selinux/ss/ebitmap.o
  CC      arch/arm/kernel/io.o
  CC      sound/core/pcm_timer.o
  CC      drivers/base/dma-contiguous.o
  AS      arch/arm/lib/bswapsdi2.o
  AS      arch/arm/kernel/hyp-stub.o
  CC      crypto/seqiv.o
  AS      arch/arm/lib/call_with_stack.o
  CC      arch/arm/kernel/psci.o
  CC      block/genhd.o
  AS      arch/arm/lib/changebit.o
  CC      block/scsi_ioctl.o
  CC      sound/core/pcm_misc.o
  AS      arch/arm/lib/clear_user.o
  CC      mm/mmzone.o
  AS      arch/arm/lib/clearbit.o
  CC      arch/arm/kernel/psci_smp.o
  CC      net/802/p8022.o
  CC      security/selinux/ss/hashtab.o
  CC      drivers/base/dma-removed.o
  CC      fs/filesystems.o
  CC      kernel/sys.o
  LD      crypto/crypto_hash.o
  CC      crypto/pcompress.o
  AS      arch/arm/lib/csumipv6.o
  AS      arch/arm/kernel/head.o
  AS      arch/arm/lib/csumpartial.o
  CC      sound/core/pcm_memory.o
  CC      mm/vmstat.o
  CC      security/selinux/ss/symtab.o
  CC      block/partition-generic.o
  LDS     arch/arm/kernel/vmlinux.lds
  AS      arch/arm/lib/csumpartialcopy.o
  LD      arch/arm/kernel/built-in.o
  CC      kernel/kmod.o
  CC      drivers/base/power/sysfs.o
  CC      security/selinux/ss/sidtab.o
  CC      fs/namespace.o
  AS      arch/arm/lib/csumpartialcopyuser.o
  LD      crypto/cryptomgr.o
  CC      crypto/cmac.o
  CC      net/802/psnap.o
  AS      arch/arm/lib/delay-loop.o
  CC      sound/core/rawmidi.o
  CC      net/802/stp.o
  CC      arch/arm/lib/delay.o
  CC      drivers/base/power/generic_ops.o
  CC      mm/backing-dev.o
  CC      block/partitions/check.o
  CC      crypto/hmac.o
  CC      kernel/workqueue.o
  CC      net/bluetooth/af_bluetooth.o
  AS      arch/arm/lib/div64.o
  CC      security/selinux/ss/avtab.o
  CC      net/bridge/br.o
  AS      arch/arm/lib/findbit.o
  LD      net/802/built-in.o
  CC      block/partitions/msdos.o
  CC      drivers/base/power/common.o
  AS      arch/arm/lib/getuser.o
  CC      drivers/base/power/qos.o
  CC      sound/core/timer.o
  AS      arch/arm/lib/io-readsb.o
  CC      mm/mm_init.o
  CC      crypto/xcbc.o
  CC      fs/seq_file.o
  AS      arch/arm/lib/io-readsl.o
  CC      drivers/base/power/main.o
  AS      arch/arm/lib/io-readsw-armv4.o
  CC      mm/mmu_context.o
  CC      mm/percpu.o
  AS      arch/arm/lib/io-writesb.o
  CC      security/selinux/ss/policydb.o
  CC      net/bluetooth/hci_core.o
  CC      block/partitions/efi.o
  CC      net/bridge/br_device.o
  AS      arch/arm/lib/io-writesl.o
  CC      crypto/crypto_null.o
  AS      arch/arm/lib/io-writesw-armv4.o
  CC      net/bluetooth/hci_conn.o
  CC      fs/xattr.o
  CC      sound/core/sound.o
  AS      arch/arm/lib/lib1funcs.o
  AS      arch/arm/lib/lshrdi3.o
  CC      drivers/base/power/wakeup.o
  CC      kernel/pid.o
  AS      arch/arm/lib/memchr.o
  CC      crypto/md4.o
  LD      block/partitions/built-in.o
  CC      block/bsg.o
  AS      arch/arm/lib/memset.o
  CC      net/bridge/br_fdb.o
  CC      sound/core/init.o
  AS      arch/arm/lib/memzero.o
  AS      arch/arm/lib/muldi3.o
  CC      fs/libfs.o
  AS      arch/arm/lib/putuser.o
  CC      crypto/md5.o
  CC      mm/slab_common.o
  CC      drivers/base/power/runtime.o
  AS      arch/arm/lib/setbit.o
  CC      kernel/task_work.o
  CC      net/core/sock.o
  AS      arch/arm/lib/strchr.o
  CC      block/blk-cgroup.o
  CC      sound/core/memory.o
  AS      arch/arm/lib/strrchr.o
  CC      net/bridge/br_forward.o
  CC      security/selinux/ss/services.o
  AS      arch/arm/lib/testchangebit.o
  CC      crypto/sha1_generic.o
  CC      net/bluetooth/hci_event.o
  AS      arch/arm/lib/testclearbit.o
  CC      fs/fs-writeback.o
  CC      sound/core/info.o
  CC      kernel/extable.o
  AS      arch/arm/lib/testsetbit.o
  CC      mm/compaction.o
  CC      drivers/base/power/clock_ops.o
  AS      arch/arm/lib/ucmpdi2.o
  CC      arch/arm/lib/xor-neon.o
  CC      crypto/sha256_generic.o
  CC      kernel/params.o
  CC      block/blk-throttle.o
  CC      net/bridge/br_if.o
  CC      sound/core/control.o
  LD      drivers/base/power/built-in.o
  LD      arch/arm/lib/built-in.o
  AR      arch/arm/lib/lib.a
  CC      drivers/base/regmap/regmap.o
  CC      security/selinux/ss/conditional.o
  CC      net/core/request_sock.o
  CC      kernel/kthread.o
  CC      crypto/sha512_generic.o
  CC      mm/balloon_compaction.o
  CC      net/bridge/br_input.o
  CC      sound/core/misc.o
  CC      security/selinux/ss/mls.o
  CC      kernel/wait.o
  CC      block/noop-iosched.o
  LD      sound/isa/ad1816a/built-in.o
  CC      mm/vmacache.o
  LD      sound/isa/ad1848/built-in.o
  CC      net/core/skbuff.o
  LD      sound/isa/cs423x/built-in.o
  CC      sound/core/device.o
  CC      crypto/gf128mul.o
  LD      sound/isa/es1688/built-in.o
  LD      sound/isa/galaxy/built-in.o
  CC      fs/pnode.o
  LD      sound/isa/gus/built-in.o
  CC      net/bluetooth/mgmt.o
  LD      sound/isa/msnd/built-in.o
  LD      sound/isa/opti9xx/built-in.o
  CC      net/bridge/br_ioctl.o
  LD      sound/isa/sb/built-in.o
  CC      drivers/base/regmap/regcache.o
  LD      sound/isa/wavefront/built-in.o
  LD      sound/isa/wss/built-in.o
  LD      sound/isa/built-in.o
  CC      fs/splice.o
  CC      block/deadline-iosched.o
  CC      kernel/sys_ni.o
  CC      mm/interval_tree.o
  CC      security/selinux/ss/status.o
  CC      sound/core/jack.o
  CC      kernel/nsproxy.o
  CC      crypto/ecb.o
  CC      drivers/char/mem.o
  CC      drivers/base/regmap/regcache-rbtree.o
  CC      block/cfq-iosched.o
  CC      net/bridge/br_notify.o
  LD      security/selinux/selinux.o
  LD      security/selinux/built-in.o
  CC      security/security.o
  CC      mm/workingset.o
  CC      sound/core/seq/seq_device.o
  CC      kernel/notifier.o
  CC      crypto/cbc.o
  CC      drivers/char/random.o
  CC      drivers/base/regmap/regcache-lzo.o
  CC      fs/sync.o
  CC      net/bridge/br_stp.o
  CC      kernel/ksysfs.o
  CC      mm/fremap.o
  CC      sound/core/seq/seq_midi_event.o
  CC      drivers/base/regmap/regcache-flat.o
  CC      crypto/cts.o
  CC      fs/utimes.o
  CC      security/capability.o
  CC      net/core/iovec.o
  CC      net/bluetooth/hci_sock.o
  CC      kernel/cred.o
  CC      drivers/base/regmap/regmap-debugfs.o
  CC      sound/core/seq/seq_midi.o
  CC      drivers/char/misc.o
  CC      net/bridge/br_stp_bpdu.o
  CC      mm/highmem.o
  CC      fs/stack.o
  CC      crypto/xts.o
  CC      net/core/datagram.o
  CC      drivers/base/regmap/regmap-i2c.o
  CC      security/inode.o
  CC      sound/core/seq/seq.o
  CC      drivers/char/frandom.o
  LD      block/built-in.o
  CC      kernel/reboot.o
  CC      fs/fs_struct.o
  CC      drivers/char/diag/diagchar_core.o
  CC      mm/madvise.o
  CC      net/bluetooth/hci_sysfs.o
  CC      net/bridge/br_stp_if.o
  CC      sound/core/seq/seq_lock.o
  CC      drivers/base/regmap/regmap-spi.o
  CC      crypto/ctr.o
  CC      security/device_cgroup.o
  CC      mm/memory.o
  CC      fs/statfs.o
  CC      kernel/async.o
  CC      sound/core/seq/seq_clientmgr.o
  CC      net/core/stream.o
  CC      net/dns_resolver/dns_key.o
  CC      drivers/base/regmap/regmap-swr.o
  CC      crypto/pcrypt.o
  CC      net/bridge/br_stp_timer.o
  CC      net/bluetooth/l2cap_core.o
  LD      security/built-in.o
  CC      net/ethernet/eth.o
  CC      kernel/range.o
  CC      fs/buffer.o
  CC      drivers/char/diag/diagchar_hdlc.o
  LD      drivers/base/regmap/built-in.o
  CC      net/dns_resolver/dns_query.o
  CC      drivers/base/dma-mapping.o
  CC      kernel/groups.o
  CC      net/core/scm.o
  CC      crypto/cryptd.o
  CC      sound/core/seq/seq_memory.o
  CC      drivers/char/diag/diagfwd.o
  LD      net/dns_resolver/dns_resolver.o
  LD      net/dns_resolver/built-in.o
  CC      net/core/gen_stats.o
  CC      net/bridge/br_netlink.o
  LD      net/ethernet/built-in.o
  CC      drivers/base/dma-coherent.o
  CC      kernel/smpboot.o
  CC      mm/mincore.o
  CC      drivers/clk/clk-devres.o
  CC      crypto/des_generic.o
  CC      sound/core/seq/seq_queue.o
  CC      net/core/gen_estimator.o
  CC      kernel/cpu/idle.o
  CC      drivers/char/hw_random/core.o
  CC      drivers/base/dma-buf.o
  CC      drivers/clk/clkdev.o
  CC      net/bridge/br_sysfs_if.o
  CC      mm/mlock.o
  CC      drivers/char/diag/diag_mux.o
  CC      sound/core/seq/seq_fifo.o
  CC      drivers/char/hw_random/msm_rng.o
  LD      kernel/cpu/built-in.o
  CC      kernel/events/core.o
  CC      drivers/clk/clk.o
  CC      crypto/twofish_generic.o
  CC      net/core/net_namespace.o
  CC      fs/bio.o
  CC      drivers/base/reservation.o
  CC      drivers/char/diag/diag_memorydevice.o
  CC      mm/mmap.o
  CC      drivers/base/firmware_class.o
  CC      drivers/char/hw_random/fips_drbg.o
  CC      net/bluetooth/l2cap_sock.o
  CC      sound/core/seq/seq_prioq.o
  CC      net/bridge/br_sysfs_br.o
  CC      crypto/twofish_common.o
  CC      drivers/clk/qcom/clock.o
  CC      drivers/char/diag/diag_usb.o
  CC      drivers/char/hw_random/ctr_drbg.o
  CC      net/core/secure_seq.o
  CC      fs/block_dev.o
  CC      sound/core/seq/seq_timer.o
  CC      crypto/aes_generic.o
  CC      drivers/base/soc.o
  CC      drivers/char/diag/diagmem.o
  CC      drivers/clk/qcom/clock-dummy.o
  CC      net/core/flow_dissector.o
  CC      net/bridge/br_netfilter.o
  CC      net/bluetooth/smp.o
  CC      mm/mprotect.o
  CC      drivers/char/hw_random/msm_fips_selftest.o
  CC      drivers/base/pinctrl.o
  CC      drivers/clk/qcom/clock-generic.o
  CC      sound/core/seq/seq_system.o
  CC      drivers/char/diag/diagfwd_cntl.o
  CC      crypto/arc4.o
  LD      drivers/base/built-in.o
  CC      crypto/anubis.o
  LD      drivers/char/hw_random/rng-core.o
  LD      drivers/char/hw_random/built-in.o
  CC      kernel/events/ring_buffer.o
  CC      fs/direct-io.o
  CC      sound/core/seq/seq_ports.o
  CC      mm/mremap.o
  CC      net/core/sysctl_net_core.o
  CC      drivers/clk/qcom/clock-local2.o
  CC      kernel/irq/irqdesc.o
  CC      net/bridge/br_multicast.o
  CC      net/bluetooth/sco.o
  CC      crypto/salsa20_generic.o
  CC      drivers/char/diag/diag_dci.o
  CC      crypto/deflate.o
  CC      kernel/events/callchain.o
  CC      sound/core/seq/seq_info.o
  CC      mm/msync.o
  CC      kernel/irq/handle.o
  CC      net/core/dev.o
  CC      crypto/michael_mic.o
  LD      sound/core/seq/snd-seq.o
  CC      drivers/clk/qcom/clock-pll.o
  LD      sound/core/seq/snd-seq-device.o
  LD      sound/core/seq/snd-seq-midi.o
  LD      sound/core/seq/snd-seq-midi-event.o
  LD      sound/core/seq/built-in.o
  LD      sound/core/snd-compress.o
  CC      kernel/events/hw_breakpoint.o
  LD      sound/core/snd.o
  LD      sound/core/snd-hwdep.o
  LD      sound/core/snd-timer.o
  LD      sound/core/snd-hrtimer.o
  LD      sound/core/snd-pcm.o
  LD      sound/core/snd-page-alloc.o
  LD      sound/core/snd-rawmidi.o
  LD      sound/core/built-in.o
  CC      mm/rmap.o
  LD      sound/mips/built-in.o
  LD      sound/parisc/built-in.o
  CC      drivers/clocksource/clksrc-of.o
  LD      sound/pci/ac97/built-in.o
  LD      sound/pci/ali5451/built-in.o
  CC      kernel/irq/manage.o
  LD      sound/pci/asihpi/built-in.o
  LD      sound/pci/au88x0/built-in.o
  LD      sound/pci/aw2/built-in.o
  LD      sound/pci/ca0106/built-in.o
  CC      crypto/crc32c.o
  LD      sound/pci/cs46xx/built-in.o
  CC      fs/mpage.o
  CC      net/bluetooth/lib.o
  LD      sound/pci/cs5535audio/built-in.o
  CC      drivers/clocksource/arm_arch_timer.o
  LD      sound/pci/ctxfi/built-in.o
  CC      drivers/clk/qcom/clock-alpha-pll.o
  LD      sound/pci/echoaudio/built-in.o
  LD      sound/pci/emu10k1/built-in.o
  LD      sound/pci/hda/built-in.o
  CC      net/bridge/br_mdb.o
  LD      kernel/events/built-in.o
  LD      sound/pci/ice1712/built-in.o
  CC      drivers/clk/qcom/clock-rpm.o
  CC      drivers/char/diag/diag_masks.o
  LD      sound/pci/korg1212/built-in.o
  LD      sound/pci/lola/built-in.o
  LD      sound/pci/lx6464es/built-in.o
  LD      sound/pci/mixart/built-in.o
  LD      sound/pci/nm256/built-in.o
  LD      sound/pci/oxygen/built-in.o
  LD      sound/pci/pcxhr/built-in.o
  LD      sound/pci/riptide/built-in.o
  LD      sound/pci/rme9652/built-in.o
  LD      sound/pci/trident/built-in.o
  CC      mm/vmalloc.o
  LD      sound/pci/vx222/built-in.o
  LD      sound/pci/ymfpci/built-in.o
  CC      crypto/crc32.o
  LD      sound/pci/built-in.o
  LD      sound/pcmcia/pdaudiocf/built-in.o
  CC      kernel/irq/spurious.o
  CC      drivers/clk/qcom/clock-voter.o
  LD      sound/ppc/built-in.o
  CC      fs/ioprio.o
  LD      sound/pcmcia/vx/built-in.o
  LD      sound/sh/built-in.o
  LD      sound/pcmcia/built-in.o
  CC      net/core/ethtool.o
  CC      net/bluetooth/a2mp.o
  CC      drivers/clocksource/dummy_timer.o
  CC      sound/soc/soc-core.o
  CC      kernel/irq/resend.o
  CC      net/bridge/netfilter/ebtables.o
  CC      drivers/clk/qcom/clock-debug.o
  CC      crypto/authenc.o
  LD      drivers/clocksource/built-in.o
  CC      mm/pagewalk.o
  CC      fs/proc_namespace.o
  CC      drivers/char/diag/diag_debugfs.o
  CC      kernel/irq/chip.o
  CC      net/bluetooth/amp.o
  CC      drivers/clk/qcom/clock-rpm-8916.o
  CC      drivers/char/msm_smd_pkt.o
  LD      drivers/char/diag/diagchar.o
  LD      drivers/char/diag/built-in.o
  CC      mm/pgtable-generic.o
  CC      kernel/irq/dummychip.o
  CC      net/core/dev_addr_lists.o
  CC      net/ipc_router/ipc_router_core.o
  CC      fs/configfs/inode.o
  CC      crypto/authencesn.o
  CC      drivers/clk/qcom/clock-gcc-8916.o
  CC      kernel/irq/devres.o
  CC      mm/process_vm_access.o
  CC      lib/lockref.o
  CC      fs/configfs/file.o
  CC      net/bridge/netfilter/ebtable_broute.o
  CC      net/bluetooth/bnep/core.o
  CC      drivers/clk/qcom/clock-rpm-8936.o
  CC      kernel/irq/autoprobe.o
  CC      net/core/dst.o
  CC      lib/bcd.o
  CC      sound/soc/soc-dapm.o
  CC      crypto/lzo.o
  CC      lib/div64.o
  LD      drivers/char/built-in.o
  CC      mm/showmem.o
  CC      kernel/irq/irqdomain.o
  CC      fs/configfs/dir.o
  CC      net/bluetooth/hidp/core.o
  CC      drivers/clk/qcom/clock-gcc-8936.o
  CC      lib/sort.o
  CC      crypto/lz4.o
  CC      mm/vmpressure.o
  LD      net/bridge/netfilter/built-in.o
  LD      net/bridge/bridge.o
  LD      net/bridge/built-in.o
  CC      net/bluetooth/rfcomm/core.o
  CC      lib/parser.o
  CC      net/core/netevent.o
  CC      crypto/lz4hc.o
  CC      kernel/irq/proc.o
  CC      drivers/clk/qcom/clock-a7.o
  CC      net/bluetooth/bnep/sock.o
  CC      fs/configfs/symlink.o
  CC      lib/halfmd4.o
  CC      mm/list_lru.o
  CC      net/ipc_router/ipc_router_socket.o
  CC      crypto/rng.o
  CC      lib/debug_locks.o
  CC      sound/soc/soc-jack.o
  CC      net/bluetooth/hidp/sock.o
  CC      fs/configfs/mount.o
  CC      lib/random32.o
  CC      net/core/neighbour.o
  CC      mm/init-mm.o
  CC      kernel/irq/pm.o
  CC      drivers/clk/qcom/clock-cpu-8939.o
  CC      net/bluetooth/bnep/netdev.o
  CC      lib/bust_spinlocks.o
  CC      mm/bootmem.o
  CC      crypto/krng.o
  LD      kernel/irq/built-in.o
  CC      kernel/locking/mutex.o
  CC      fs/configfs/item.o
  CC      sound/soc/soc-cache.o
  CC      net/bluetooth/rfcomm/sock.o
  LD      net/bluetooth/hidp/hidp.o
  LD      net/bluetooth/hidp/built-in.o
  CC      net/ipc_router/ipc_router_security.o
  LD      sound/sparc/built-in.o
  CC      fs/crypto/crypto.o
  CC      drivers/clk/qcom/clock-cpu-8936.o
  CC      lib/hexdump.o
  LD      fs/configfs/configfs.o
  LD      fs/configfs/built-in.o
  CC      fs/crypto/fname.o
  CC      crypto/ansi_cprng.o
  LD      net/bluetooth/bnep/bnep.o
  LD      net/bluetooth/bnep/built-in.o
  CC      kernel/locking/semaphore.o
  CC      mm/memblock.o
  CC      lib/kasprintf.o
  CC      sound/soc/soc-utils.o
  CC      drivers/clk/qcom/gdsc.o
  CC      lib/bitmap.o
  CC      net/ipv4/route.o
  LD      net/ipc_router/built-in.o
  CC      mm/bounce.o
  CC      net/bluetooth/rfcomm/tty.o
  CC      fs/crypto/hooks.o
  CC      drivers/cpufreq/cpufreq.o
  CC      crypto/ghash-generic.o
  CC      kernel/locking/rwsem.o
  CC      net/core/rtnetlink.o
  CC      sound/soc/soc-pcm.o
  CC      drivers/cpufreq/freq_table.o
  CC      lib/scatterlist.o
  CC      kernel/locking/lglock.o
  CC      drivers/clk/qcom/mdss/mdss-pll-util.o
  CC      fs/crypto/keyinfo.o
  CC      crypto/zstd.o
  CC      mm/page_io.o
  CC      drivers/cpufreq/cpufreq_stats.o
  CC      kernel/locking/mcs_spinlock.o
  CC      lib/gcd.o
  CC      drivers/clk/qcom/mdss/mdss-pll.o
  LD      net/bluetooth/rfcomm/rfcomm.o
  LD      net/bluetooth/rfcomm/built-in.o
  LD      net/bluetooth/bluetooth.o
  LD      net/bluetooth/built-in.o
  CC      crypto/xor.o
  CC      fs/crypto/policy.o
  CC      lib/lcm.o
  CC      kernel/locking/spinlock.o
  CC      sound/soc/soc-compress.o
  CC      lib/list_sort.o
  CC      mm/swap_state.o
  CC      drivers/clk/qcom/mdss/mdss-dsi-pll-util.o
  CC      net/ipv6/af_inet6.o
  CC      kernel/power/qos.o
  CC      net/core/utils.o
  CC      crypto/asymmetric_keys/asymmetric_type.o
  CC      fs/crypto/bio.o
  CC      lib/uuid.o
  CC      kernel/locking/rtmutex.o
  CC      net/ipv4/inetpeer.o
  CC      sound/soc/soc-io.o
  CC      lib/flex_array.o
  CC      drivers/clk/qcom/mdss/mdss-dsi-20nm-pll-util.o
  CC      mm/swapfile.o
  CC      crypto/asymmetric_keys/signature.o
  LD      fs/crypto/fscrypto.o
  LD      fs/crypto/built-in.o
  CC      drivers/cpufreq/cpufreq_performance.o
  CC      fs/debugfs/inode.o
  CC      kernel/power/main.o
  CC      kernel/locking/rwsem-xadd.o
  CC      lib/iovec.o
  CC      net/core/link_watch.o
  CC      net/ipv6/anycast.o
  LD      sound/soc/atmel/built-in.o
  CC      crypto/asymmetric_keys/x509-asn1.o
  LD      sound/soc/au1x/built-in.o
  LD      sound/soc/blackfin/built-in.o
  LD      sound/soc/cirrus/built-in.o
  CC      lib/clz_ctz.o
  CC      drivers/cpufreq/cpufreq_powersave.o
  CC      net/ipv4/protocol.o
  CC      crypto/asymmetric_keys/x509_rsakey-asn1.o
  LD      kernel/locking/built-in.o
  CC      kernel/power/console.o
  CC      crypto/asymmetric_keys/x509_cert_parser.o
  CC      mm/dmapool.o
  CC      lib/bsearch.o
  CC      sound/soc/codecs/audio-ext-clk.o
  CC      drivers/clk/qcom/mdss/mdss-dsi-pll-28hpm.o
  CC      fs/debugfs/file.o
  CC      drivers/cpufreq/cpufreq_conservative.o
  CC      lib/find_last_bit.o
  CC      net/core/filter.o
  CC      lib/find_next_bit.o
  CC      net/ipv4/ip_input.o
  CC      net/ipv4/ip_fragment.o
  CC      net/ipv6/ip6_output.o
  CC      kernel/power/process.o
  CC      sound/soc/codecs/msm_stub.o
  CC      crypto/asymmetric_keys/x509_public_key.o
  CC      drivers/clk/qcom/mdss/mdss-dsi-pll-28lpm.o
  CC      lib/llist.o
  CC      mm/slub.o
  CC      lib/memweight.o
  CC      drivers/cpufreq/cpufreq_interactive.o
  CC      crypto/asymmetric_keys/public_key.o
  LD      fs/debugfs/debugfs.o
  LD      fs/debugfs/built-in.o
  CC      fs/devpts/inode.o
  CC      sound/soc/codecs/msm8x16-wcd.o
  CC      drivers/clk/qcom/mdss/mdss-dsi-pll-20nm.o
  CC      net/core/sock_diag.o
  CC      kernel/power/suspend.o
  CC      lib/kfifo.o
  CC      mm/migrate.o
  CC      net/ipv4/ip_forward.o
  CC      crypto/asymmetric_keys/rsa.o
  LD      fs/devpts/devpts.o
  LD      fs/devpts/built-in.o
  CC      drivers/clk/qcom/mdss/mdss-edp-pll-28hpm.o
  CC      fs/exfat/exfat_core.o
  CC      kernel/power/autosleep.o
  CC      net/core/dev_ioctl.o
  LD      crypto/asymmetric_keys/x509_key_parser.o
  LD      crypto/asymmetric_keys/asymmetric_keys.o
  LD      crypto/asymmetric_keys/built-in.o
  CC      lib/percpu-refcount.o
  CC      crypto/ablk_helper.o
  CC      net/ipv6/ip6_input.o
  CC      drivers/clk/qcom/mdss/mdss-hdmi-pll-28hpm.o
  CC      net/ipv4/ip_options.o
  CC      lib/percpu_ida.o
  CC      mm/memcontrol.o
  LD      sound/spi/built-in.o
  CC      kernel/power/wakelock.o
  CC      net/key/af_key.o
  LD      crypto/crypto.o
  LD      crypto/built-in.o
  LD      sound/soc/davinci/built-in.o
  CC      drivers/cpufreq/cpufreq_governor.o
  CC      net/core/flow.o
  CC      lib/string_helpers.o
  CC      drivers/clk/qcom/mdss/mdss-hdmi-pll-20nm.o
  CC      sound/soc/codecs/msm8x16-wcd-tables.o
  CC      net/ipv6/addrconf.o
  CC      kernel/power/suspend_time.o
  CC      lib/kstrtox.o
  CC      drivers/cpufreq/cpu-boost.o
  CC      net/core/net-sysfs.o
  CC      kernel/power/poweroff.o
  LD      drivers/clk/qcom/mdss/built-in.o
  CC      fs/exfat/exfat_super.o
  LD      drivers/clk/qcom/built-in.o
  LD      drivers/clk/built-in.o
  CC      net/ipv4/ip_output.o
  CC      lib/pci_iomap.o
  CC      sound/soc/codecs/wcd9xxx-common.o
  CC      drivers/cpuidle/cpuidle.o
In file included from ../../../../../../kernel/oppo/msm8939/arch/arm/include/asm/system.h:7:0,
                 from ../../../../../../kernel/oppo/msm8939/arch/arm/include/asm/rwsem.h:29,
                 from ../../../../../../kernel/oppo/msm8939/include/linux/rwsem.h:50,
                 from ../../../../../../kernel/oppo/msm8939/include/linux/notifier.h:14,
                 from ../../../../../../kernel/oppo/msm8939/include/linux/reboot.h:5,
                 from ../../../../../../kernel/oppo/msm8939/kernel/power/poweroff.c:12:
../../../../../../kernel/oppo/msm8939/arch/arm/include/asm/system_misc.h:14:36: warning: 'enum reboot_mode' declared inside parameter list
 extern void (*arm_pm_restart)(enum reboot_mode reboot_mode, const char *cmd);
                                    ^
../../../../../../kernel/oppo/msm8939/arch/arm/include/asm/system_misc.h:14:36: warning: its scope is only this definition or declaration, which is probably not what you want
cc1: warning: unrecognized command line option "-Wno-misleading-indentation"
  CC      kernel/power/wakeup_reason.o
  CC      drivers/cpufreq/cpu_wake_boost.o
  LD      sound/soc/dwc/built-in.o
  CC      net/l2tp/l2tp_core.o
  CC      drivers/cpuidle/driver.o
  CC      lib/iomap_copy.o
  LD      kernel/power/built-in.o
  LD      net/key/built-in.o
  CC      kernel/rcu/update.o
  CC      sound/soc/codecs/wcd9xxx-resmgr.o
  CC      drivers/cpufreq/qcom-cpufreq.o
  CC      kernel/sched/core.o
  CC      lib/devres.o
  CC      drivers/cpuidle/governor.o
  CC      fs/exfat/exfat_api.o
  CC      kernel/rcu/srcu.o
  CC      net/core/net-procfs.o
  CC      drivers/cpuidle/sysfs.o
  CC      lib/hweight.o
  CC      drivers/cpufreq/cpufreq_persistent_stats.o
  CC      sound/soc/codecs/wcd9xxx-mbhc.o
  CC      mm/page_cgroup.o
  CC      kernel/rcu/tree.o
  CC      net/ipv4/ip_sockglue.o
  CC      lib/bitrev.o
  CC      fs/exfat/exfat_blkdev.o
  CC      net/l2tp/l2tp_ppp.o
  CC      net/ipv6/addrlabel.o
  CC      drivers/cpuidle/governors/null.o
  LD      drivers/cpufreq/built-in.o
  CC      drivers/cpuidle/lpm-levels.o
  CC      mm/page_isolation.o
  CC      lib/crc-ccitt.o
  LD      drivers/cpuidle/governors/built-in.o
  CC      net/core/fib_rules.o
  LD      sound/synth/emux/built-in.o
  LD      sound/synth/built-in.o
  CC      fs/exfat/exfat_cache.o
  CC      sound/soc/codecs/wcd9306.o
  CC      lib/crc16.o
  CC      net/ipv6/route.o
  CC      mm/zsmalloc.o
  HOSTCC  lib/gen_crc32table
  LD      net/l2tp/built-in.o
  LD      fs/exofs/built-in.o
  LD      sound/soc/fsl/built-in.o
  CC      fs/exfat/exfat_data.o
  CC      lib/libcrc32c.o
  CC      net/ipv4/inet_hashtables.o
  CC      fs/ext4/balloc.o
  CC      net/core/net-traces.o
  CC      lib/genalloc.o
  CC      fs/exfat/exfat_bitmap.o
  CC      fs/exfat/exfat_nls.o
  LD      kernel/rcu/built-in.o
  CC      drivers/cpuidle/lpm-levels-of.o
  CC      lib/lz4/lz4_compress.o
  CC      mm/process_reclaim.o
  CC      net/ipv6/ip6_fib.o
  CC      net/ipv6/ipv6_sockglue.o
  CC      net/ipv4/inet_timewait_sock.o
  CC      fs/ext4/bitmap.o
  CC      fs/exfat/exfat_oal.o
  CC      sound/soc/codecs/wcd9306-tables.o
  CC      drivers/cpuidle/lpm-workarounds.o
  CC      net/core/netprio_cgroup.o
  LD      mm/built-in.o
  CC      sound/usb/card.o
  CC      fs/exfat/exfat_upcase.o
  LD      drivers/cpuidle/built-in.o
  CC      fs/ext4/dir.o
  CC      sound/soc/codecs/wcd9330.o
  CC      drivers/crypto/msm/qcedev.o
  LD      fs/exfat/exfat.o
  LD      fs/exfat/built-in.o
  CC      sound/usb/clock.o
  CC      lib/lz4/lz4hc_compress.o
  CC      net/ipv4/inet_connection_sock.o
  CC      fs/fat/cache.o
  CC      net/ipv6/ndisc.o
  CC      fs/fuse/dev.o
  LD      net/core/built-in.o
  CC      fs/jbd2/transaction.o
  CC      sound/last.o
  CC      sound/usb/endpoint.o
  CC      kernel/sched/clock.o
  CC      fs/fat/dir.o
  CC      fs/ext4/file.o
  CC      drivers/devfreq/devfreq.o
  CC      kernel/sched/cputime.o
  CC      lib/lz4/lz4_decompress.o
  CC      net/ipv4/tcp.o
  CC      drivers/crypto/msm/qce50.o
  CC      net/ipv6/udp.o
  CC      fs/jbd2/commit.o
  CC      fs/fuse/dir.o
  CC      fs/ext4/fsync.o
  CC      sound/usb/format.o
  CC      drivers/devfreq/devfreq_trace.o
  CC      kernel/sched/idle_task.o
  CC      fs/fat/fatent.o
  CC      sound/soc/codecs/wcd9330-tables.o
  LD      lib/lz4/built-in.o
  CC      drivers/devfreq/governor_simpleondemand.o
  CC      lib/lzo/lzo1x_compress.o
  CC      kernel/sched/fair.o
  CC      sound/usb/helper.o
  CC      fs/jbd2/recovery.o
  CC      fs/ext4/ialloc.o
  CC      fs/fuse/file.o
  CC      sound/soc/codecs/wcdcal-hwdep.o
  CC      lib/lzo/lzo1x_decompress_safe.o
  CC      sound/usb/mixer.o
  CC      fs/fat/file.o
  CC      drivers/devfreq/governor_performance.o
  LD      lib/lzo/lzo_compress.o
  LD      lib/lzo/lzo_decompress.o
  LD      lib/lzo/built-in.o
  CC      fs/jbd2/checkpoint.o
  CC      net/ipv6/udplite.o
  CC      lib/mpi/generic_mpih-lshift.o
  CC      drivers/devfreq/governor_powersave.o
  CC      sound/soc/codecs/wcd9335.o
  CC      net/ipv4/tcp_input.o
  CC      lib/mpi/generic_mpih-mul1.o
  CC      fs/fat/inode.o
  CC      drivers/devfreq/governor_userspace.o
  CC      fs/ext4/inode.o
  CC      drivers/crypto/msm/qcrypto.o
  CC      fs/jbd2/revoke.o
  CC      sound/usb/mixer_quirks.o
  CC      lib/mpi/generic_mpih-mul2.o
  CC      net/ipv6/raw.o
  CC      fs/fuse/inode.o
  CC      lib/mpi/generic_mpih-mul3.o
  CC      drivers/devfreq/governor_cpufreq.o
  CC      fs/jbd2/journal.o
  CC      lib/mpi/generic_mpih-rshift.o
  CC      fs/fat/misc.o
  CC      kernel/sched/rt.o
  CC      sound/usb/pcm.o
  CC      fs/fuse/control.o
  CC      lib/mpi/generic_mpih-sub1.o
  CC      drivers/devfreq/governor_msm_adreno_tz.o
  CC      fs/fat/nfs.o
  CC      net/ipv6/icmp.o
  CC      lib/mpi/generic_mpih-add1.o
  CC      fs/fuse/shortcircuit.o
  CC      drivers/devfreq/adreno_idler.o
  CC      lib/mpi/mpicoder.o
  LD      drivers/crypto/msm/built-in.o
  LD      drivers/crypto/built-in.o
  CC      drivers/devfreq/bimc-bwmon.o
  CC      fs/fat/namei_vfat.o
  CC      kernel/sched/stop_task.o
  CC      sound/usb/proc.o
  CC      fs/fuse/cuse.o
  CC      net/ipv4/tcp_output.o
  CC      lib/reed_solomon/reed_solomon.o
  CC      lib/mpi/mpi-bit.o
  CC      drivers/devfreq/armbw-pm.o
  CC      net/ipv6/mcast.o
  CC      kernel/sched/sched_avg.o
  CC      lib/mpi/mpi-cmp.o
  CC      sound/usb/quirks.o
  LD      lib/reed_solomon/built-in.o
  LD      fs/fuse/fuse.o
  CC      lib/xz/xz_dec_syms.o
  LD      fs/fuse/built-in.o
  LD      fs/fat/fat.o
  LD      sound/soc/generic/built-in.o
  LD      fs/fat/vfat.o
  LD      fs/fat/built-in.o
  CC      lib/mpi/mpih-cmp.o
  CC      net/llc/llc_core.o
  CC      sound/soc/codecs/wcd9xxx-common-v2.o
  CC      drivers/devfreq/governor_bw_hwmon.o
  HZFILE  kernel/time/hz.bc
  CC      kernel/time/timer.o
  CC      kernel/sched/cpupri.o
  CC      fs/ext4/page-io.o
  CC      lib/xz/xz_dec_stream.o
  CC      lib/mpi/mpih-div.o
  CC      sound/usb/stream.o
  LD      fs/jbd2/jbd2.o
  LD      fs/jbd2/built-in.o
  CC      net/llc/llc_input.o
  CC      lib/xz/xz_dec_lzma2.o
  CC      kernel/sched/stats.o
  CC      drivers/devfreq/governor_gpubw_mon.o
  CC      fs/nls/nls_base.o
  CC      lib/mpi/mpih-mul.o
  CC      sound/soc/codecs/wcd9xxx-resmgr-v2.o
  CC      fs/ext4/ioctl.o
  CC      net/ipv4/tcp_timer.o
  CC      sound/usb/midi.o
  CC      kernel/sched/cpuacct.o
  CC      drivers/devfreq/governor_bw_vbif.o
  CC      fs/nls/nls_cp437.o
  CC      lib/xz/xz_dec_bcj.o
  CC      lib/mpi/mpi-pow.o
  CC      net/llc/llc_output.o
  CC      sound/soc/codecs/wcd_cpe_services.o
  CC      fs/nls/nls_ascii.o
  LD      lib/xz/xz_dec.o
  LD      lib/xz/built-in.o
  CC      lib/mpi/mpiutil.o
  CC      drivers/devfreq/devfreq_devbw.o
  CC      net/ipv6/reassembly.o
  CC      fs/ext4/namei.o
  CC      kernel/sched/membarrier.o
  CC      fs/nls/nls_iso8859-1.o
  CC      kernel/time/hrtimer.o
  CC      sound/soc/codecs/wcd_cpe_core.o
  CC      net/ipv4/tcp_ipv4.o
  LD      net/llc/llc.o
  LD      net/llc/built-in.o
  CC      sound/soc/codecs/wcd-mbhc-v2.o
  LD      lib/mpi/mpi.o
  LD      lib/mpi/built-in.o
  CC      lib/zlib_deflate/deflate.o
  CC      fs/nls/nls_utf8.o
  CC      drivers/devfreq/devfreq_simple_dev.o
  LD      sound/usb/6fire/built-in.o
  LD      sound/usb/caiaq/built-in.o
  LD      kernel/sched/built-in.o
  LD      sound/usb/misc/built-in.o
  CC      net/ipv4/tcp_minisocks.o
  CC      lib/zlib_deflate/deftree.o
  LD      sound/usb/usx2y/built-in.o
  LD      fs/nls/built-in.o
  LD      sound/usb/snd-usb-audio.o
  LD      sound/usb/snd-usbmidi-lib.o
  LD      sound/usb/built-in.o
  LD      sound/soc/jz4740/built-in.o
  CC      net/ipv4/tcp_cong.o
  CC      net/ipv4/tcp_metrics.o
  CC      net/ipv6/tcp_ipv6.o
  CC      net/ipv6/ping.o
  CC      kernel/time/itimer.o
  LD      drivers/devfreq/built-in.o
  LD      drivers/firewire/built-in.o
  CC      drivers/firmware/qcom/tz_log.o
  CC      lib/zlib_deflate/deflate_syms.o
  CC      kernel/time/posix-timers.o
  CC      fs/ext4/super.o
  CC      drivers/gpio/devres.o
  CC      sound/soc/codecs/wsa881x.o
  LD      sound/soundcore.o
  LD      drivers/firmware/qcom/built-in.o
  LD      drivers/firmware/built-in.o
  CC      net/mac80211/main.o
  LD      sound/soc/kirkwood/built-in.o
  CC      fs/notify/fsnotify.o
  LD      lib/zlib_deflate/zlib_deflate.o
  CC      fs/notify/notification.o
  LD      lib/zlib_deflate/built-in.o
../../../../../../kernel/oppo/msm8939/sound/soc/codecs/wcd_cpe_core.c:13:9: warning: unknown option after '#pragma GCC diagnostic' kind [-Wpragmas]
 #pragma GCC diagnostic ignored "-Wformat-truncation="
         ^
cc1: warning: unrecognized command line option "-Wno-misleading-indentation"
  CC      drivers/gpio/gpiolib.o
  CC      lib/zlib_inflate/inffast.o
  CC      kernel/time/posix-cpu-timers.o
  CC      net/ipv6/exthdrs.o
  CC      lib/zlib_inflate/inflate.o
  CC      fs/ext4/symlink.o
  CC      lib/zlib_inflate/infutil.o
  CC      net/ipv4/tcp_fastopen.o
  CC      fs/notify/group.o
  CC      drivers/gpio/gpiolib-of.o
  CC      sound/soc/codecs/wsa881x-tables.o
  CC      kernel/time/timekeeping.o
  CC      lib/zlib_inflate/inftrees.o
  CC      lib/zlib_inflate/inflate_syms.o
  CC      net/mac80211/status.o
  CC      sound/soc/codecs/wsa881x-regmap.o
  CC      net/ipv4/datagram.o
  CC      fs/notify/inode_mark.o
  CC      net/ipv6/datagram.o
  CC      drivers/gpio/qpnp-pin.o
  CC      fs/ext4/hash.o
  LD      lib/zlib_inflate/zlib_inflate.o
  LD      lib/zlib_inflate/built-in.o
  CC      lib/zstd/fse_compress.o
  CC      lib/zstd/huf_compress.o
  CC      fs/notify/mark.o
  CC      net/netfilter/core.o
  CC      sound/soc/codecs/wsa881x-temp-sensor.o
  CC      net/ipv4/raw.o
  CC      drivers/gpio/gpio-msm-smp2p.o
  CC      lib/zstd/compress.o
  CC      net/mac80211/sta_info.o
  CC      kernel/time/ntp.o
  CC      lib/zstd/entropy_common.o
  CC      fs/notify/vfsmount_mark.o
  CC      fs/proc/task_mmu.o
  CC      net/ipv6/ip6_flowlabel.o
  CC      sound/soc/codecs/msm8916-wcd-irq.o
  CC      drivers/gpio/gpio-msm-smp2p-test.o
  LD      sound/soc/mid-x86/built-in.o
  CC      fs/notify/fdinfo.o
  CC      net/netfilter/nf_log.o
  CC      kernel/time/clocksource.o
  CC      lib/xxhash.o
  CC      net/ipv4/udp.o
  CC      fs/notify/dnotify/dnotify.o
  LD      sound/soc/codecs/snd-soc-wcd-mbhc.o
  LD      sound/soc/codecs/snd-soc-wcd-cpe.o
  LD      sound/soc/codecs/snd-soc-wsa881x.o
  LD      sound/soc/codecs/snd-soc-msm-stub.o
  LD      sound/soc/codecs/audio-ext-clock.o
  LD      sound/soc/codecs/snd-soc-msm8x16-wcd.o
  LD      sound/soc/codecs/built-in.o
  LD      drivers/gpio/built-in.o
  CC      fs/proc/inode.o
  CC      net/ipv6/inet6_connection_sock.o
  LD      drivers/gpu/drm/i2c/built-in.o
  LD      drivers/gpu/drm/built-in.o
  CC      sound/soc/msm/msm-cpe-lsm.o
  CC      fs/ext4/resize.o
  CC      kernel/time/jiffies.o
  LD      fs/notify/dnotify/built-in.o
  CC      fs/notify/fanotify/fanotify.o
  CC      net/netfilter/nf_queue.o
  CC      drivers/gpu/msm/adreno_ringbuffer.o
  CC      kernel/time/timer_list.o
  CC      net/mac80211/wep.o
  CC      fs/proc/root.o
  CC      fs/notify/fanotify/fanotify_user.o
  CC      net/netfilter/nf_sockopt.o
  CC      sound/soc/msm/msm-pcm-hostless.o
  CC      kernel/time/timeconv.o
  CC      net/ipv6/sysctl_net_ipv6.o
  CC      fs/proc/base.o
  CC      net/mac80211/wpa.o
  CC      net/ipv4/udplite.o
  CC      drivers/gpu/msm/adreno_drawctxt.o
  CC      kernel/time/posix-clock.o
  LD      fs/notify/fanotify/built-in.o
  CC      fs/notify/inotify/inotify_fsnotify.o
  CC      sound/soc/msm/msm8x16.o
  CC      net/mac80211/scan.o
  CC      net/ipv6/xfrm6_policy.o
  CC      net/netfilter/nf_conntrack_core.o
  CC      fs/notify/inotify/inotify_user.o
  CC      kernel/time/alarmtimer.o
  CC      net/ipv4/arp.o
  CC      fs/ext4/extents.o
  CC      net/mac80211/offchannel.o
  CC      drivers/gpu/msm/adreno_dispatch.o
  CC      fs/proc/generic.o
  LD      fs/notify/inotify/built-in.o
  LD      fs/notify/built-in.o
  CC      lib/zstd/fse_decompress.o
  CC      sound/soc/msm/msm8939-slimbus.o
  CC      net/ipv6/xfrm6_state.o
  CC      kernel/time/clockevents.o
  CC      net/netlink/af_netlink.o
  CC      drivers/hid/hid-debug.o
  CC      net/ipv4/icmp.o
  CC      net/netfilter/nf_conntrack_standalone.o
  CC      fs/proc/array.o
  CC      kernel/time/tick-common.o
  CC      net/mac80211/ht.o
  CC      net/ipv6/xfrm6_input.o
  CC      drivers/gpu/msm/adreno_snapshot.o
  CC      drivers/hid/hid-core.o
  CC      sound/soc/msm/msm-audio-pinctrl.o
  CC      kernel/time/tick-broadcast.o
  CC      fs/proc/fd.o
  CC      net/netfilter/nf_conntrack_expect.o
  CC      net/ipv4/devinet.o
  CC      fs/ext4/ext4_jbd2.o
  CC      sound/soc/msm/msm-dai-fe.o
  CC      drivers/gpu/msm/adreno_coresight.o
  CC      net/mac80211/agg-tx.o
  CC      net/ipv6/xfrm6_output.o
  CC      net/netlink/genetlink.o
  CC      kernel/time/tick-broadcast-hrtimer.o
  CC      fs/proc/proc_tty.o
  CC      drivers/gpu/msm/adreno_trace.o
  CC      drivers/hid/hid-input.o
  CC      kernel/time/sched_clock.o
  CC      fs/ext4/migrate.o
  CC      fs/proc/cmdline.o
  CC      net/netfilter/nf_conntrack_helper.o
  CC      sound/soc/msm/qdsp6v2/msm-dai-q6-v2.o
  CC      net/ipv6/netfilter.o
  CC      fs/proc/consoles.o
  CC      net/mac80211/agg-rx.o
  CC      net/netlink/diag.o
  CC      kernel/time/tick-oneshot.o
  CC      net/ipv4/af_inet.o
  CC      fs/proc/cpuinfo.o
  CC      fs/ext4/mballoc.o
  CC      drivers/gpu/msm/adreno_a3xx.o
  CC      net/netfilter/nf_conntrack_proto.o
  CC      net/ipv6/fib6_rules.o
  CC      kernel/time/tick-sched.o
  LD      net/netlink/netlink_diag.o
  LD      net/netlink/built-in.o
  CC      net/packet/af_packet.o
  CC      fs/proc/devices.o
  CC      net/mac80211/vht.o
  CC      sound/soc/msm/qdsp6v2/msm-pcm-q6-v2.o
  CC      fs/proc/interrupts.o
  CC      net/ipv6/proc.o
  CC      net/netfilter/nf_conntrack_l3proto_generic.o
  CC      lib/zstd/zstd_common.o
  CC      kernel/time/timer_stats.o
  CC      drivers/gpu/msm/adreno_a4xx.o
  CC      drivers/hid/uhid.o
  CC      lib/zstd/huf_decompress.o
  CC      fs/proc/loadavg.o
  CC      net/ipv4/igmp.o
  CC      sound/soc/msm/qdsp6v2/msm-pcm-routing-v2.o
  BC      kernel/time/timeconst.h
  CC      kernel/time/time.o
  CC      net/mac80211/ibss.o
  CC      net/netfilter/nf_conntrack_proto_generic.o
  CC      net/ipv6/syncookies.o
  CC      drivers/hid/hid-generic.o
  CC      fs/proc/meminfo.o
  CC      drivers/gpu/msm/adreno_a3xx_snapshot.o
  CC      drivers/hid/hid-apple.o
  LD      kernel/time/built-in.o
  CC      net/packet/diag.o
  CC      net/netfilter/nf_conntrack_proto_tcp.o
  CC      kernel/trace/trace_clock.o
  CC      fs/proc/stat.o
  CC      lib/zstd/decompress.o
  CC      net/ipv6/ah6.o
  CC      drivers/hid/hid-elecom.o
  CC      kernel/trace/ring_buffer.o
  CC      drivers/gpu/msm/adreno_a4xx_snapshot.o
  CC      net/mac80211/iface.o
  LD      net/packet/af_packet_diag.o
  LD      net/packet/built-in.o
  CC      fs/proc/uptime.o
  CC      sound/soc/msm/qdsp6v2/msm-compress-q6-v2.o
  CC      fs/ext4/block_validity.o
  CC      drivers/hid/hid-magicmouse.o
  CC      net/netfilter/nf_conntrack_proto_udp.o
  CC      net/netfilter/nf_conntrack_extend.o
  CC      fs/proc/version.o
  CC      net/ipv4/fib_frontend.o
  CC      drivers/gpu/msm/adreno.o
  CC      net/ipv6/esp6.o
  CC      drivers/hid/hid-microsoft.o
  LD      lib/zstd/zstd_compress.o
  LD      lib/zstd/zstd_decompress.o
  LD      lib/zstd/built-in.o
  CC      lib/textsearch.o
  CC      fs/ext4/move_extent.o
  CC      fs/proc/softirqs.o
  CC      drivers/hid/usbhid/hid-core.o
  CC      lib/ts_kmp.o
  CC      kernel/trace/trace.o
  CC      kernel/trace/trace_output.o
  CC      net/netfilter/nf_conntrack_acct.o
  CC      fs/proc/namespaces.o
  CC      lib/ts_bm.o
  CC      net/ipv6/ipcomp6.o
  CC      net/ipv4/fib_semantics.o
  CC      fs/ext4/mmp.o
  CC      sound/soc/msm/qdsp6v2/msm-pcm-lpa-v2.o
  CC      lib/ts_fsm.o
  CC      net/mac80211/rate.o
  CC      fs/proc/self.o
  CC      drivers/gpu/msm/adreno_cp_parser.o
  CC      net/netfilter/nf_conntrack_ecache.o
  CC      drivers/hid/usbhid/hid-quirks.o
  CC      net/ipv4/fib_trie.o
  CC      net/ipv6/xfrm6_tunnel.o
  CC      lib/percpu_counter.o
  CC      fs/ext4/indirect.o
  CC      fs/proc/proc_sysctl.o
  LD      drivers/hid/usbhid/usbhid.o
  LD      drivers/hid/usbhid/built-in.o
  LD      sound/soc/mxs/built-in.o
  LD      drivers/hid/hid.o
  LD      drivers/hid/built-in.o
  CC      net/netfilter/nf_conntrack_h323_main.o
  LD      sound/soc/msm/snd-soc-qdsp6v2.o
  CC      drivers/gpu/msm/adreno_iommu.o
  LD      drivers/hsi/clients/built-in.o
  CC      kernel/freezer.o
  CC      sound/soc/msm/qdsp6v2/msm-pcm-afe-v2.o
  LD      drivers/hsi/built-in.o
  LD      drivers/gpu/vga/built-in.o
  CC      sound/soc/msm/qdsp6v2/msm-pcm-voip-v2.o
  CC      lib/syscall.o
  CC      net/mac80211/michael.o
  CC      net/ipv6/tunnel6.o
  CC      kernel/trace/trace_stat.o
  CC      net/mac80211/tkip.o
  CC      lib/nlattr.o
  CC      drivers/gpu/msm/adreno_perfcounter.o
  CC      lib/average.o
  CC      fs/proc/proc_net.o
  CC      net/rfkill/core.o
  CC      net/ipv4/inet_fragment.o
  CC      kernel/profile.o
  CC      fs/ext4/extents_status.o
  CC      kernel/trace/trace_printk.o
  CC      net/netfilter/nf_conntrack_h323_asn1.o
  CC      lib/cpu_rmap.o
  CC      net/ipv6/xfrm6_mode_transport.o
  CC      sound/soc/msm/qdsp6v2/msm-pcm-voice-v2.o
  CC      fs/proc/proc_devtree.o
  CC      drivers/gpu/msm/adreno_debugfs.o
  CC      net/mac80211/aes_ccm.o
  CC      kernel/trace/trace_sched_switch.o
  CC      net/ipv4/ping.o
  CC      net/netfilter/nf_nat_core.o
  CC      lib/dynamic_queue_limits.o
  CC      net/rfkill/input.o
  CC      kernel/stacktrace.o
  CC      fs/ext4/xattr.o
  CC      sound/soc/msm/qdsp6v2/msm-dai-q6-hdmi-v2.o
  CC      net/ipv6/xfrm6_mode_tunnel.o
  CC      fs/proc/kmsg.o
  CC      lib/clz_tab.o
  CC      kernel/trace/trace_cpu_freq_switch.o
  CC      drivers/gpu/msm/adreno_profile.o
  LD      sound/soc/msm/snd-soc-cpe.o
  CC      lib/qmi_encdec.o
  CC      fs/pstore/inode.o
  CC      fs/proc/page.o
  CC      net/rfkill/rfkill-regulator.o
  CC      sound/soc/msm/qdsp6v2/msm-lsm-client.o
  CC      net/mac80211/aes_cmac.o
  CC      net/netfilter/nf_nat_proto_unknown.o
  CC      kernel/trace/trace_nop.o
  CC      net/ipv6/xfrm6_mode_beet.o
  LD      net/rfkill/rfkill.o
  LD      net/rfkill/built-in.o
  CC      kernel/trace/blktrace.o
  LD      fs/proc/proc.o
  LD      fs/proc/built-in.o
  CC      kernel/trace/trace_events.o
  CC      net/ipv4/ip_tunnel.o
  CC      drivers/gpu/msm/kgsl.o
  CC      lib/strncpy_from_user.o
  CC      fs/ext4/xattr_user.o
  CC      fs/pstore/platform.o
  CC      drivers/hwmon/hwmon.o
  CC      net/mac80211/cfg.o
  CC      net/netfilter/nf_nat_proto_common.o
  CC      lib/strnlen_user.o
  CC      net/ipv6/mip6.o
  CC      fs/pstore/ram.o
  CC      fs/ext4/xattr_trusted.o
  CC      lib/asn1_decoder.o
  CC      drivers/hwmon/qpnp-buck-current-monitor.o
  CC      sound/soc/msm/qdsp6v2/msm-pcm-host-voice-v2.o
  CC      lib/oid_registry.o
  CC      net/ipv6/netfilter/ip6_tables.o
  CC      net/netfilter/nf_nat_proto_udp.o
  CC      kernel/trace/trace_export.o
  CC      net/ipv4/sysctl_net_ipv4.o
  CC      fs/pstore/ram_core.o
  CC      sound/soc/msm/qdsp6v2/msm-audio-effects-q6-v2.o
  CC      fs/ext4/inline.o
  CC      lib/argv_split.o
  CC      drivers/hwmon/qpnp-adc-voltage.o
  CC      lib/bug.o
  CC      fs/quota/dquot.o
  CC      kernel/trace/trace_event_perf.o
  CC      fs/pstore/pmsg.o
  CC      net/netfilter/nf_nat_proto_tcp.o
  CC      sound/soc/msm/qdsp6v2/msm-pcm-loopback-v2.o
  CC      lib/cmdline.o
  CC      net/ipv4/sysfs_net_ipv4.o
  CC      drivers/gpu/msm/kgsl_trace.o
  CC      lib/cpumask.o
  CC      kernel/trace/trace_events_filter.o
  LD      fs/pstore/ramoops.o
  CC      net/ipv6/netfilter/ip6table_filter.o
  LD      fs/pstore/pstore.o
  LD      fs/pstore/built-in.o
  CC      net/netfilter/nf_nat_helper.o
  CC      fs/ext4/acl.o
  CC      drivers/hwmon/qpnp-adc-common.o
  CC      fs/quota/quota_v2.o
  CC      lib/ctype.o
  CC      sound/soc/msm/qdsp6v2/msm-dai-slim.o
  CC      lib/dec_and_lock.o
  CC      net/mac80211/rx.o
  CC      lib/decompress.o
  CC      net/mac80211/spectmgmt.o
  CC      fs/quota/quota_tree.o
  CC      net/ipv6/netfilter/ip6table_mangle.o
  CC      net/ipv4/proc.o
  CC      lib/decompress_inflate.o
  CC      fs/ext4/xattr_security.o
  CC      sound/soc/msm/qdsp6v2/msm-pcm-dtmf-v2.o
  CC      net/netfilter/nfnetlink_queue_core.o
  CC      kernel/trace/power-traces.o
  CC      drivers/hwmon/qpnp-adc-current.o
  CC      lib/decompress_unlzma.o
  CC      net/ipv6/netfilter/ip6table_raw.o
  CC      net/ipv4/fib_rules.o
  CC      fs/quota/quota.o
  LD      fs/ext4/ext4.o
  LD      fs/ext4/built-in.o
  CC      drivers/hwspinlock/hwspinlock_core.o
  CC      sound/soc/msm/qdsp6v2/msm-dai-stub-v2.o
  CC      net/ipv4/syncookies.o
  LD      drivers/hwmon/built-in.o
  CC      net/ipv4/ah4.o
  CC      lib/decompress_unxz.o
  CC      net/ipv6/netfilter/nf_conntrack_l3proto_ipv6.o
  CC      drivers/gpu/msm/kgsl_sharedmem.o
  CC      drivers/hwspinlock/msm_remote_spinlock.o
  CC      kernel/trace/rpm-traces.o
  CC      net/netfilter/nfnetlink.o
  CC      sound/soc/msm/qdsp6v2/msm-pcm-routing-devdep.o
  CC      fs/quota/kqid.o
  CC      net/ipv6/netfilter/nf_conntrack_proto_icmpv6.o
  CC      lib/dump_stack.o
  LD      sound/soc/nuc900/built-in.o
  CC      fs/quota/netlink.o
  LD      drivers/hwspinlock/built-in.o
  CC      net/mac80211/tx.o
  CC      fs/ramfs/inode.o
  CC      net/rmnet_data/rmnet_data_main.o
  CC      kernel/trace/ipc_logging.o
  CC      sound/soc/msm/qdsp6v2/msm-dolby-dap-config.o
  CC      lib/earlycpio.o
  CC      kernel/futex.o
  CC      net/ipv4/esp4.o
  CC      net/ipv6/netfilter/nf_defrag_ipv6_hooks.o
  LD      net/netfilter/nfnetlink_queue.o
  LD      fs/quota/built-in.o
  CC      lib/extable.o
  CC      net/netfilter/nfnetlink_log.o
  CC      drivers/gpu/msm/kgsl_pwrctrl.o
  CC      net/ipv6/sit.o
  CC      fs/ramfs/file-mmu.o
  CC      kernel/trace/ipc_logging_debug.o
  CC      lib/fdt.o
  CC      sound/soc/msm/qdsp6v2/msm-ds2-dap-config.o
  CC      lib/fdt_ro.o
  LD      fs/ramfs/ramfs.o
  LD      fs/ramfs/built-in.o
  CC      fs/squashfs/block.o
  CC      net/ipv6/netfilter/nf_conntrack_reasm.o
  LD      kernel/trace/built-in.o
  CC      net/rmnet_data/rmnet_data_config.o
  CC      fs/sysfs/inode.o
  CC      net/mac80211/key.o
  LD      net/netfilter/nf_conntrack.o
  CC      net/netfilter/nf_conntrack_proto_dccp.o
  CC      net/ipv4/ipcomp.o
  CC      kernel/smp.o
  CC      lib/fdt_rw.o
  CC      fs/squashfs/cache.o
  CC      net/netfilter/nf_conntrack_proto_gre.o
  CC      drivers/gpu/msm/kgsl_pwrscale.o
  CC      net/ipv6/netfilter/ip6t_rpfilter.o
  CC      kernel/kallsyms.o
  CC      fs/sysfs/file.o
  CC      net/ipv4/xfrm4_tunnel.o
  CC      lib/fdt_strerror.o
  CC      fs/squashfs/dir.o
  CC      net/rmnet_data/rmnet_data_vnd.o
  CC      lib/fdt_sw.o
  CC      fs/sysfs/dir.o
  CC      sound/soc/msm/qdsp6v2/msm-dts-srs-tm-config.o
  CC      net/rmnet_data/rmnet_data_handlers.o
  CC      net/mac80211/util.o
  CC      drivers/gpu/msm/kgsl_mmu.o
  CC      fs/squashfs/export.o
  CC      lib/fdt_wip.o
  CC      kernel/cgroup.o
  CC      net/ipv6/netfilter/ip6t_REJECT.o
  CC      net/netfilter/nf_conntrack_proto_sctp.o
  CC      net/ipv4/xfrm4_mode_beet.o
  CC      sound/soc/msm/qdsp6v2/msm-qti-pp-config.o
  CC      lib/flex_proportions.o
  CC      fs/squashfs/file.o
  CC      fs/sysfs/symlink.o
  CC      lib/idr.o
  CC      net/rmnet_data/rmnet_map_data.o
  LD      sound/soc/omap/built-in.o
  CC      fs/sysfs/mount.o
  CC      net/ipv4/inet_lro.o
  CC      net/sched/sch_generic.o
  CC      net/netfilter/nf_conntrack_proto_udplite.o
  LD      net/ipv6/netfilter/nf_conntrack_ipv6.o
  LD      net/ipv6/netfilter/nf_defrag_ipv6.o
  LD      net/ipv6/netfilter/built-in.o
  CC      drivers/gpu/msm/kgsl_iommu.o
  CC      sound/soc/msm/qdsp6v2/audio_calibration.o
  CC      net/ipv6/addrconf_core.o
  CC      fs/squashfs/fragment.o
  CC      lib/int_sqrt.o
  CC      lib/ioremap.o
  CC      fs/sysfs/bin.o
  CC      net/rmnet_data/rmnet_map_command.o
  CC      fs/squashfs/id.o
  CC      sound/soc/msm/qdsp6v2/audio_cal_utils.o
  CC      net/ipv4/tunnel4.o
  CC      net/ipv6/exthdrs_core.o
  CC      fs/squashfs/inode.o
  CC      lib/irq_regs.o
  CC      net/netfilter/nf_conntrack_netlink.o
  CC      fs/sysfs/group.o
  CC      net/sched/sch_mq.o
  CC      lib/is_single_threaded.o
  CC      drivers/gpu/msm/kgsl_snapshot.o
  CC      net/rmnet_data/rmnet_data_stats.o
  CC      sound/soc/msm/qdsp6v2/q6adm.o
  CC      kernel/cgroup_freezer.o
  CC      net/mac80211/wme.o
  CC      fs/squashfs/namei.o
  CC      net/ipv6/ip6_checksum.o
  CC      lib/klist.o
  CC      net/ipv4/xfrm4_mode_transport.o
  LD      fs/sysfs/built-in.o
  LD      sound/soc/msm/snd-soc-msm8x16.o
  CC      net/sched/sch_api.o
  CC      fs/squashfs/super.o
  LD      net/rmnet_data/rmnet_data.o
  CC      kernel/cpuset.o
  CC      net/unix/af_unix.o
  CC      lib/kobject.o
  LD      net/rmnet_data/built-in.o
  CC      drivers/gpu/msm/kgsl_events.o
  CC      net/ipv6/ip6_icmp.o
  CC      net/mac80211/event.o
  CC      net/wireguard/main.o
  CC      net/ipv4/xfrm4_mode_tunnel.o
  CC      net/netfilter/nf_conntrack_amanda.o
  CC      fs/squashfs/symlink.o
  CC      lib/kobject_uevent.o
  CC      net/ipv6/output_core.o
  CC      drivers/gpu/msm/kgsl_debugfs.o
  CC      net/sched/sch_blackhole.o
  CC      sound/soc/msm/qdsp6v2/q6afe.o
  CC      net/mac80211/chan.o
  CC      net/wireguard/noise.o
  CC      fs/squashfs/decompressor.o
  CC      net/ipv4/ipconfig.o
  CC      net/netfilter/nf_conntrack_ftp.o
  CC      kernel/utsname.o
  CC      net/unix/garbage.o
  CC      lib/md5.o
  CC      drivers/gpu/msm/kgsl_sync.o
  CC      net/sched/cls_api.o
  CC      net/ipv6/protocol.o
  CC      fs/squashfs/file_direct.o
  CC      kernel/user_namespace.o
  CC      lib/memcopy.o
  CC      net/mac80211/trace.o
  CC      net/wireguard/device.o
  CC      lib/plist.o
  CC      fs/squashfs/page_actor.o
  CC      net/ipv4/netfilter.o
  LD      drivers/gpu/msm/msm_kgsl_core.o
  LD      drivers/gpu/msm/msm_adreno.o
  CC      net/unix/sysctl_net_unix.o
  LD      drivers/gpu/msm/built-in.o
  LD      drivers/gpu/built-in.o
  LD      net/netfilter/nf_conntrack_h323.o
  CC      net/netfilter/nf_conntrack_irc.o
  CC      drivers/i2c/i2c-boardinfo.o
  CC      lib/prio_heap.o
  CC      net/ipv6/ip6_offload.o
  CC      kernel/pid_namespace.o
  CC      net/sched/act_api.o
  CC      lib/proportions.o
  CC      sound/soc/msm/qdsp6v2/q6asm.o
  CC      fs/squashfs/decompressor_multi_percpu.o
  CC      drivers/i2c/i2c-core.o
  CC      net/unix/diag.o
  CC      lib/radix-tree.o
  CC      net/netfilter/nf_conntrack_broadcast.o
  GZIP    kernel/config_data.gz
  CC      kernel/res_counter.o
  CC      net/ipv6/tcpv6_offload.o
  CC      fs/squashfs/xattr.o
  CC      net/ipv4/netfilter/nf_conntrack_l3proto_ipv4_compat.o
  CC      net/wireguard/peer.o
  CC      net/sched/act_police.o
  CC      kernel/stop_machine.o
  CC      fs/squashfs/xattr_id.o
  CC      drivers/i2c/i2c-dev.o
  CC      net/netfilter/nf_conntrack_netbios_ns.o
  CC      lib/ratelimit.o
  LD      net/unix/unix.o
  LD      net/unix/unix_diag.o
  LD      net/unix/built-in.o
  CC      net/ipv4/netfilter/nf_conntrack_l3proto_ipv4.o
  CC      net/ipv6/udp_offload.o
  CC      fs/squashfs/lz4_wrapper.o
  CC      lib/rbtree.o
  CC      net/wireless/core.o
  CC      kernel/seccomp.o
  CC      net/wireguard/timers.o
  CC      net/sched/act_gact.o
  LD      drivers/i2c/algos/built-in.o
  CC      net/netfilter/nf_conntrack_pptp.o
  CC      drivers/i2c/busses/i2c-msm-v2.o
  CC      lib/reciprocal_div.o
  CC      fs/squashfs/lzo_wrapper.o
  CC      net/ipv6/exthdrs_offload.o
  CC      lib/sha1.o
  CC      kernel/relay.o
  CC      net/ipv4/netfilter/nf_conntrack_proto_icmp.o
  CC      net/sched/act_mirred.o
  CC      sound/soc/msm/qdsp6v2/q6audio-v2.o
  CC      net/wireguard/queueing.o
  CC      fs/squashfs/xz_wrapper.o
  CC      lib/show_mem.o
  CC      net/netfilter/nf_conntrack_sane.o
  CC      net/ipv6/inet6_hashtables.o
  CC      sound/soc/msm/qdsp6v2/q6voice.o
  CC      net/wireless/sysfs.o
  LD      drivers/i2c/busses/built-in.o
  LD      drivers/i2c/muxes/built-in.o
  CC      kernel/utsname_sysctl.o
  LD      drivers/i2c/built-in.o
  LD      drivers/idle/built-in.o
  CC      fs/squashfs/zlib_wrapper.o
  CC      net/ipv4/netfilter/nf_nat_l3proto_ipv4.o
  CC      lib/string.o
  CC      drivers/input/input.o
  CC      net/sched/act_ipt.o
  CC      kernel/delayacct.o
  CC      net/netfilter/nf_conntrack_tftp.o
  CC      net/wireguard/send.o
  CC      net/mac80211/mlme.o
  LD      fs/squashfs/squashfs.o
  LD      fs/squashfs/built-in.o
  CC      fs/eventpoll.o
  CC      lib/timerqueue.o
  LD      net/ipv6/ipv6.o
  LD      net/ipv6/built-in.o
  CC      net/xfrm/xfrm_policy.o
  CC      kernel/taskstats.o
  CC      lib/vsprintf.o
  CC      net/wireless/radiotap.o
  CC      net/ipv4/netfilter/nf_nat_proto_icmp.o
  CC      net/sched/act_pedit.o
  LD      net/netfilter/nf_nat.o
  CC      net/netfilter/nf_nat_proto_dccp.o
  CC      drivers/input/input-compat.o
  CC      fs/anon_inodes.o
  CC      net/wireless/util.o
  CC      drivers/input/input-mt.o
  CC      net/wireguard/receive.o
  CC      net/ipv4/netfilter/nf_defrag_ipv4.o
  CC      net/sched/sch_fifo.o
  CC      kernel/tsacct.o
  CC      net/netfilter/nf_nat_proto_udplite.o
  CC      fs/signalfd.o
  CC      drivers/input/ff-core.o
  CC      kernel/tracepoint.o
  CC      net/ipv4/netfilter/nf_nat_h323.o
  GEN     lib/crc32table.h
  AR      lib/lib.a
  CC      lib/crc32.o
  CC      net/sched/sch_htb.o
  CC      net/netfilter/nf_nat_proto_sctp.o
  CC      fs/timerfd.o
  CC      sound/soc/msm/qdsp6v2/q6core.o
  CC      drivers/input/ff-memless.o
  CC      net/mac80211/pm.o
  CC      net/wireguard/socket.o
  CC      kernel/elfcore.o
  CC      net/wireless/reg.o
  CC      net/xfrm/xfrm_state.o
  LD      lib/built-in.o
  CC      net/wireguard/peerlookup.o
  CC      kernel/irq_work.o
  CC      fs/eventfd.o
  CC      drivers/input/input-polldev.o
  CC      net/netfilter/nf_nat_amanda.o
  CC      sound/soc/msm/qdsp6v2/rtac.o
  CC      net/ipv4/netfilter/nf_nat_pptp.o
  CC      kernel/cpu_pm.o
  CC      net/sched/sch_sfq.o
  LD      sound/soc/pxa/built-in.o
  CC      net/wireless/scan.o
  CC      net/mac80211/rc80211_pid_algo.o
  CC      drivers/input/mousedev.o
  CC      fs/aio.o
  CC      net/netfilter/nf_nat_ftp.o
  CC      kernel/padata.o
  CC      net/wireguard/allowedips.o
  CC      net/ipv4/inet_diag.o
  CC      net/ipv4/netfilter/nf_nat_proto_gre.o
  CC      net/xfrm/xfrm_hash.o
  CC      sound/soc/msm/qdsp6v2/q6lsm.o
  CC      drivers/input/evdev.o
  CC      net/netfilter/nf_nat_irc.o
  LD      net/mac80211/mac80211.o
  LD      net/mac80211/built-in.o
  CC      net/xfrm/xfrm_input.o
  CC      fs/locks.o
  CC      kernel/jump_label.o
  CC      net/ipv4/netfilter/ip_tables.o
  CC      net/sched/sch_prio.o
  CC      net/wireguard/ratelimiter.o
  CC      net/sched/sch_multiq.o
  CC      kernel/context_tracking.o
  CC      net/sched/sch_fq_codel.o
  CC      net/wireless/nl80211.o
  CC      net/xfrm/xfrm_output.o
  CC      net/sched/sch_fq.o
  CC      drivers/input/joystick/xpad.o
  CC      net/netfilter/nf_nat_tftp.o
  CHK     kernel/config_data.h
  CC      sound/soc/msm/qdsp6v2/audio_slimslave.o
  UPD     kernel/config_data.h
  CC      kernel/configs.o
  CC      net/wireguard/cookie.o
  CC      fs/binfmt_misc.o
  LD      sound/soc/msm/snd-soc-hostless-pcm.o
  CC      net/sysctl_net.o
  CC      net/ipv4/netfilter/iptable_filter.o
  LD      sound/soc/msm/qdsp6v2/snd-soc-qdsp6v2.o
  LD      sound/soc/msm/qdsp6v2/built-in.o
  LD      sound/soc/msm/built-in.o
  LD      kernel/built-in.o
  LD      sound/soc/s6000/built-in.o
  LD      sound/soc/samsung/built-in.o
  CC      net/sched/sch_hhf.o
  LD      sound/soc/sh/built-in.o
  LD      sound/soc/tegra/built-in.o
  LD      sound/soc/txx9/built-in.o
  CC      net/netfilter/nf_tproxy_core.o
  LD      drivers/input/joystick/built-in.o
  LD      sound/soc/ux500/built-in.o
  LD      sound/soc/snd-soc-core.o
  CC      net/xfrm/xfrm_sysctl.o
  CC      drivers/input/keyboard/atkbd.o
  LD      sound/soc/built-in.o
  LD      sound/built-in.o
  CC      drivers/input/misc/gpio_event.o
  CC      net/ipv4/netfilter/iptable_mangle.o
  CC      net/wireless/mlme.o
  CC      net/wireless/ibss.o
  CC      net/wireguard/netlink.o
  CC      net/netfilter/x_tables.o
  CC      fs/binfmt_script.o
  CC      drivers/input/misc/gpio_matrix.o
  CC      net/xfrm/xfrm_replay.o
  CC      net/sched/sch_pie.o
  CC      fs/binfmt_elf.o
  CC      drivers/input/touchscreen/gen_vkeys.o
  CC      drivers/input/keyboard/gpio_keys.o
  CC      net/ipv4/netfilter/iptable_nat.o
  CC      drivers/input/touchscreen/synaptics_dsx/synaptics_dsx_i2c.o
  CC      drivers/input/touchscreen/ft5x06_ts.o
  CC      drivers/input/misc/gpio_input.o
  CC      net/wireguard/crypto/zinc/chacha20/chacha20.o
  CC      net/netfilter/xt_tcpudp.o
  LD      drivers/input/keyboard/built-in.o
  CC      drivers/input/keyreset.o
  CC      net/ipv4/netfilter/iptable_raw.o
  CC      drivers/input/serio/serio.o
  CC      net/xfrm/xfrm_algo.o
  CC      net/sched/cls_u32.o
  CC      fs/mbcache.o
  CC      drivers/input/misc/gpio_output.o
  CC      drivers/input/touchscreen/synaptics_dsx/synaptics_dsx_core.o
  CC      net/ipv4/tcp_diag.o
  CC      net/netfilter/xt_mark.o
  CC      drivers/input/serio/serport.o
  CC      drivers/input/misc/gpio_axis.o
  PERLASM net/wireguard/crypto/zinc/chacha20/chacha20-arm.S
  CC      fs/mbcache2.o
  CC      net/ipv4/netfilter/iptable_security.o
  AS      net/wireguard/crypto/zinc/chacha20/chacha20-unrolled-arm.o
  CC      drivers/input/keycombo.o
  CC      net/wireguard/crypto/zinc/poly1305/poly1305.o
  CC      net/sched/cls_fw.o
  CC      net/xfrm/xfrm_user.o
  CC      net/netfilter/xt_connmark.o
  CC      drivers/input/misc/hbtp_input.o
  CC      drivers/input/serio/libps2.o
  CC      net/activity_stats.o
  CC      fs/posix_acl.o
  CC      drivers/iommu/iommu.o
  CC      net/ipv4/netfilter/ipt_ah.o
  CC      drivers/input/touchscreen/synaptics_dsx/synaptics_dsx_rmi_dev.o
  LD      drivers/input/serio/built-in.o
  PERLASM net/wireguard/crypto/zinc/poly1305/poly1305-arm.S
  CC      net/wireguard/crypto/zinc/chacha20poly1305.o
  CC      net/sched/cls_flow.o
  CC      net/sched/cls_cgroup.o
  CC      net/xfrm/xfrm_ipcomp.o
  CC      net/netfilter/xt_nat.o
  CC      drivers/input/misc/hbtp_vm.o
  CC      fs/xattr_acl.o
  CC      net/ipv4/netfilter/ipt_rpfilter.o
  CC      drivers/iommu/of_iommu.o
  CC      drivers/input/touchscreen/synaptics_dsx/synaptics_dsx_fw_update.o
  CC      fs/generic_acl.o
  CC      drivers/input/misc/kxtj9.o
  CC      net/netfilter/xt_CLASSIFY.o
  CC      fs/coredump.o
  CC      net/ipv4/udp_diag.o
  CC      drivers/iommu/msm_iommu.o
  LD      net/xfrm/built-in.o
  LD      drivers/input/input-core.o
  CC      net/wireless/sme.o
  CC      net/ipv4/netfilter/ipt_MASQUERADE.o
  CC      net/wireless/chan.o
  LD      drivers/input/touchscreen/synaptics_dsx/built-in.o
  CC      net/sched/ematch.o
  CC      drivers/input/touchscreen/synaptics_rmi_dev.o
  CC      net/netfilter/xt_CONNSECMARK.o
  CC      drivers/iommu/msm_iommu_domains.o
  CC      net/wireguard/crypto/zinc/blake2s/blake2s.o
  CC      drivers/input/misc/uinput.o
  CC      drivers/irqchip/irqchip.o
  CC      fs/drop_caches.o
  CC      net/ipv4/netfilter/ipt_REJECT.o
  CC      drivers/input/touchscreen/synaptics_fw_update.o
  CC      drivers/irqchip/irq-gic.o
  CC      net/sched/em_cmp.o
  CC      drivers/input/misc/mmc3416x.o
  CC      net/netfilter/xt_CT.o
  CC      drivers/iommu/msm_iommu_mapping.o
  CC      net/wireguard/crypto/zinc/curve25519/curve25519.o
  CC      fs/dcookies.o
  CC      net/wireless/ethtool.o
  CC      drivers/lastkmsg/last_kmsg.o
  CC      net/ipv4/netfilter/arp_tables.o
  CC      net/sched/em_nbyte.o
  CC      drivers/irqchip/irq-msm.o
  CC      drivers/input/misc/mpu6050.o
  LD      fs/built-in.o
  LD      drivers/lastkmsg/built-in.o
  CC      drivers/iommu/msm_iommu-v1.o
  CC      net/sched/em_u32.o
  CC      net/ipv4/tcp_westwood.o
  CC      drivers/input/touchscreen/synaptics_i2c_rmi4.o
  CC      net/netfilter/xt_HL.o
  CC      drivers/irqchip/msm_show_resume_irq.o
  CC      net/wireless/mesh.o
  CC      drivers/input/touchscreen/bu21150.o
  AS      net/wireguard/crypto/zinc/curve25519/curve25519-arm.o
  CC      drivers/input/touchscreen/input_mt_wrapper.o
  LD      drivers/irqchip/built-in.o
  CC      net/sched/em_meta.o
  CC      net/sched/em_text.o
  CC      net/wireguard/compat/siphash/siphash.o
  CC      net/ipv4/netfilter/arpt_mangle.o
  CC      net/netfilter/xt_LOG.o
  CC      net/wireless/ap.o
  CC      drivers/iommu/msm_iommu_dev-v1.o
  CC      drivers/input/misc/akm8963.o
  CC      drivers/input/misc/akm09911.o
  CC      net/wireless/trace.o
  CC      net/ipv4/netfilter/arptable_filter.o
  CC      drivers/leds/led-core.o
  CC      drivers/iommu/msm_iommu_sec.o
  CC      drivers/input/touchscreen/wake_gestures.o
  CC      net/wireguard/compat/dst_cache/dst_cache.o
  LD      net/sched/built-in.o
  CC      net/ipv4/tcp_htcp.o
  CC      net/wireless/wext-compat.o
  CC      net/netfilter/xt_NETMAP.o
  CC      drivers/input/misc/lis3dh_acc.o
  CC      drivers/leds/led-class.o
  CC      net/netfilter/xt_NFLOG.o
  LD      net/ipv4/netfilter/nf_conntrack_ipv4.o
  LD      net/ipv4/netfilter/nf_nat_ipv4.o
  LD      net/ipv4/netfilter/built-in.o
  LD      drivers/lguest/built-in.o
  CC      drivers/iommu/msm_iommu_pagetable.o
  LD      drivers/input/touchscreen/built-in.o
  CC      net/wireless/wext-sme.o
  CC      drivers/leds/led-triggers.o
  CC      drivers/input/misc/bstclass.o
  CC      net/wireguard/compat/udp_tunnel/udp_tunnel.o
  CC      net/ipv4/xfrm4_policy.o
  CC      drivers/input/misc/bma2x2.o
  CC      net/netfilter/xt_NFQUEUE.o
  CC      drivers/input/misc/elan_epl2182.o
  LD      drivers/iommu/built-in.o
  CC      drivers/leds/leds-qpnp.o
  CC      net/wireless/regdb.o
  LD      drivers/macintosh/built-in.o
  CC      drivers/md/dm.o
  LD      drivers/media/common/b2c2/built-in.o
  LD      drivers/media/common/saa7146/built-in.o
  LD      drivers/media/common/siano/built-in.o
  LD      drivers/media/common/built-in.o
  LD      drivers/media/firewire/built-in.o
  LD      drivers/media/i2c/soc_camera/built-in.o
  CC      net/ipv4/xfrm4_state.o
  LD      drivers/media/i2c/built-in.o
  CC      net/netfilter/xt_REDIRECT.o
  LD      drivers/media/mmc/siano/built-in.o
  LD      drivers/media/mmc/built-in.o
  CC      drivers/leds/leds-gpio.o
  AS      net/wireguard/crypto/zinc/chacha20/chacha20-arm.o
  LD      drivers/media/parport/built-in.o
  LD      drivers/media/pci/b2c2/built-in.o
  LD      drivers/media/pci/ddbridge/built-in.o
  LD      drivers/media/pci/dm1105/built-in.o
  LD      drivers/media/pci/mantis/built-in.o
  AS      net/wireguard/crypto/zinc/poly1305/poly1305-arm.o
  LD      drivers/media/pci/ngene/built-in.o
  LD      drivers/media/pci/pluto2/built-in.o
  CC      drivers/leds/leds-msm-gpio-flash.o
  LD      drivers/media/pci/pt1/built-in.o
  CC      drivers/mfd/mfd-core.o
  LD      drivers/media/pci/saa7146/built-in.o
  CC      drivers/mfd/wcd9xxx-core.o
  LD      drivers/media/pci/ttpci/built-in.o
  LD      drivers/media/pci/built-in.o
  LD      net/wireguard/wireguard.o
  LD      net/wireguard/built-in.o
  LD      drivers/media/platform/davinci/built-in.o
  CC      net/netfilter/xt_SECMARK.o
  LD      drivers/media/platform/msm/broadcast/built-in.o
  CC      drivers/media/platform/msm/camera_wt86518_v2/msm.o
  CC      drivers/misc/apds993x.o
  CC      net/ipv4/xfrm4_input.o
  LD      drivers/misc/carma/built-in.o
  CC      net/wireless/wext-core.o
  CC      drivers/md/dm-table.o
  CC      drivers/media/platform/msm/vidc/msm_v4l2_vidc.o
  CC      drivers/leds/trigger/ledtrig-timer.o
  LD      drivers/input/misc/built-in.o
  LD      drivers/input/built-in.o
  CC      drivers/media/platform/msm/wfd/wfd-ioctl.o
  CC      drivers/media/platform/msm/vidc/msm_vidc_common.o
  CC      net/netfilter/xt_TPROXY.o
  CC      drivers/leds/trigger/ledtrig-oneshot.o
  CC      net/ipv4/xfrm4_output.o
  CC      drivers/media/platform/msm/camera_wt86518_v2/camera/camera.o
  CC      drivers/media/radio/radio-iris.o
  CC      drivers/md/dm-target.o
  CC      drivers/mfd/wcd9xxx-irq.o
  LD      drivers/misc/cb710/built-in.o
  CC      drivers/misc/eeprom/eeprom_93cx6.o
  CC      drivers/leds/trigger/ledtrig-heartbeat.o
  CC      net/netfilter/xt_TCPMSS.o
  CC      drivers/md/dm-linear.o
  LD      net/ipv4/built-in.o
  LD      drivers/misc/eeprom/built-in.o
  CC      drivers/leds/trigger/ledtrig-blinking.o
  LD      drivers/misc/lis3lv02d/built-in.o
  CC      drivers/media/platform/msm/wfd/wfd-util.o
  CC      drivers/media/platform/msm/wfd/vsg-subdev.o
  LD      drivers/media/platform/msm/camera_wt86518_v2/camera/built-in.o
  LD      drivers/misc/ti-st/built-in.o
  CC      drivers/media/platform/msm/camera_wt86518_v2/ispif/msm_ispif.o
  CC      drivers/media/platform/msm/camera_wt86518_v2/isp/msm_isp.o
  CC      drivers/misc/qcom/qdsp6v2/aac_in.o
  CC      drivers/md/dm-stripe.o
  CC      drivers/mfd/wcd9xxx-slimslave.o
  CC      drivers/leds/trigger/ledtrig-backlight.o
  CC      drivers/media/platform/msm/camera_wt86518_v2/isp/msm_buf_mgr.o
  CC      net/netfilter/xt_TRACE.o
  CC      drivers/media/platform/msm/wfd/mdp-5-subdev.o
  CC      drivers/misc/qcom/qdsp6v2/qcelp_in.o
  CC      drivers/md/dm-ioctl.o
  CC      drivers/mfd/wcd9xxx-core-resource.o
  CC      drivers/leds/trigger/ledtrig-gpio.o
  LD      drivers/media/platform/msm/camera_wt86518_v2/ispif/built-in.o
  CC      drivers/media/platform/msm/camera_wt86518_v2/jpeg_10/msm_jpeg_dev.o
  CC      drivers/media/radio/radio-iris-transport.o
  CC      drivers/media/platform/msm/vidc/msm_vidc.o
  CC      drivers/media/platform/msm/wfd/enc-venus-subdev.o
  CC      drivers/misc/qcom/qdsp6v2/evrc_in.o
  CC      net/wireless/wext-proc.o
  CC      net/netfilter/xt_IDLETIMER.o
  CC      drivers/media/platform/msm/camera_wt86518_v2/isp/msm_isp_util.o
  CC      drivers/leds/trigger/ledtrig-cpu.o
  CC      drivers/mfd/wcd9335-regmap.o
  CC      drivers/media/platform/msm/camera_wt86518_v2/jpeg_10/msm_jpeg_sync.o
  LD      drivers/media/radio/built-in.o
  CC      drivers/misc/uid_sys_stats.o
  CC      drivers/leds/trigger/ledtrig-default-on.o
  CC      drivers/md/dm-io.o
  CC      drivers/misc/qcom/qdsp6v2/amrnb_in.o
  CC      drivers/mfd/wcd9335-tables.o
  CC      net/wireless/wext-spy.o
  CC      drivers/leds/trigger/ledtrig-transient.o
  LD      drivers/mfd/built-in.o
  CC      net/netfilter/xt_HARDIDLETIMER.o
  CC      drivers/media/platform/msm/camera_wt86518_v2/msm_buf_mgr/msm_generic_buf_mgr.o
  CC      drivers/misc/qcom/qdsp6v2/g711mlaw_in.o
  CC      drivers/media/platform/msm/camera_wt86518_v2/isp/msm_isp_axi_util.o
  CC      drivers/media/platform/msm/camera_wt86518_v2/jpeg_10/msm_jpeg_core.o
  LD      drivers/media/platform/msm/wfd/built-in.o
  CC      drivers/leds/trigger/ledtrig-camera.o
  CC      drivers/md/dm-kcopyd.o
  CC      drivers/md/dm-sysfs.o
  CC      drivers/misc/qseecom.o
  CC      drivers/misc/qcom/qdsp6v2/g711alaw_in.o
  CC      net/wireless/wext-priv.o
  CC      drivers/media/platform/msm/vidc/msm_vdec.o
  LD      drivers/media/platform/msm/camera_wt86518_v2/msm_buf_mgr/built-in.o
  CC      drivers/media/platform/msm/camera_wt86518_v2/isp/msm_isp_stats_util.o
  LD      drivers/leds/trigger/built-in.o
  CC      drivers/media/platform/msm/camera_wt86518_v2/isp/msm_isp47.o
  LD      drivers/leds/built-in.o
  CC      net/netfilter/xt_comment.o
  CC      drivers/misc/hardware_info.o
  CC      drivers/media/platform/msm/camera_wt86518_v2/jpeg_10/msm_jpeg_hw.o
  CC      drivers/mmc/card/block.o
  CC      drivers/md/dm-builtin.o
  CC      drivers/misc/qcom/qdsp6v2/audio_utils.o
  CC      drivers/mmc/core/core.o
  LD      net/wireless/cfg80211.o
  LD      net/wireless/built-in.o
  CC      drivers/media/platform/msm/camera_wt86518_v2/jpeg_10/msm_jpeg_platform.o
  CC      drivers/net/dummy.o
  CC      drivers/misc/qcom/qdsp6v2/audio_wma.o
  CC      net/netfilter/xt_connlimit.o
  CC      drivers/md/dm-bufio.o
  CC      drivers/misc/qcom/qdsp6v2/audio_wmapro.o
  CC      drivers/media/platform/msm/camera_wt86518_v2/isp/msm_isp46.o
  CC      drivers/media/platform/msm/camera_wt86518_v2/msm_vb2/msm_vb2.o
  CC      drivers/mmc/card/queue.o
  LD      drivers/media/platform/msm/camera_wt86518_v2/jpeg_10/built-in.o
  CC      drivers/mmc/core/bus.o
  CC      drivers/misc/qcom/qdsp6v2/audio_aac.o
  CC      drivers/net/mii.o
  CC      drivers/media/platform/msm/vidc/msm_venc.o
  CC      drivers/mmc/host/sdhci.o
  CC      net/netfilter/xt_conntrack.o
  LD      drivers/media/platform/msm/camera_wt86518_v2/msm_vb2/built-in.o
  CC      net/netfilter/xt_dscp.o
  CC      drivers/md/dm-crypt.o
  CC      drivers/misc/qcom/qdsp6v2/audio_multi_aac.o
  LD      drivers/nfc/built-in.o
  CC      drivers/media/platform/msm/camera_wt86518_v2/isp/msm_isp44.o
  CC      drivers/of/base.o
  CC      drivers/of/fdt.o
  LD      drivers/mmc/card/mmc_block.o
  LD      drivers/mmc/card/built-in.o
  CC      drivers/mmc/core/host.o
  CC      drivers/net/Space.o
  LD      drivers/media/rc/keymaps/built-in.o
  LD      drivers/media/rc/built-in.o
  CC      drivers/media/platform/msm/camera_wt86518_v2/pproc/cpp/msm_cpp.o
  CC      drivers/misc/qcom/qdsp6v2/audio_alac.o
  CC      drivers/media/platform/msm/camera_wt86518_v2/pproc/vpe/msm_vpe.o
  CC      net/netfilter/xt_ecn.o
  CC      drivers/net/loopback.o
  CC      drivers/mmc/host/sdhci-pltfm.o
  CC      drivers/of/address.o
  CC      drivers/misc/qcom/qdsp6v2/audio_ape.o
  CC      drivers/mmc/core/mmc.o
  CC      drivers/md/dm-switch.o
  CC      drivers/media/platform/msm/camera_wt86518_v2/isp/msm_isp40.o
  CC      net/netfilter/xt_esp.o
  CC      drivers/md/dm-verity.o
  CC      drivers/of/irq.o
  CC      drivers/misc/qcom/qdsp6v2/audio_utils_aio.o
  LD      drivers/net/ethernet/8390/built-in.o
  LD      drivers/net/ethernet/broadcom/built-in.o
  LD      drivers/net/ethernet/cadence/built-in.o
  LD      drivers/net/ethernet/cirrus/built-in.o
  LD      drivers/net/ethernet/faraday/built-in.o
  LD      drivers/media/platform/msm/camera_wt86518_v2/pproc/vpe/built-in.o
  LD      drivers/net/ethernet/i825xx/built-in.o
  LD      drivers/net/ethernet/intel/built-in.o
  CC      drivers/md/dm-req-crypt.o
  LD      drivers/net/ethernet/marvell/built-in.o
  CC      drivers/net/phy/phy.o
  LD      drivers/net/ethernet/micrel/built-in.o
  LD      drivers/media/platform/msm/camera_wt86518_v2/pproc/cpp/built-in.o
  LD      drivers/media/platform/msm/camera_wt86518_v2/pproc/built-in.o
  LD      drivers/net/ethernet/microchip/built-in.o
  CC      drivers/mmc/core/mmc_ops.o
  CC      drivers/net/ethernet/msm/msm_rmnet_bam.o
  CC      drivers/of/device.o
  CC      drivers/of/platform.o
  CC      drivers/media/platform/msm/vidc/msm_smem.o
  CC      drivers/mmc/host/sdhci-msm.o
  CC      net/netfilter/xt_hashlimit.o
  CC      drivers/net/phy/phy_device.o
  CC      drivers/misc/qcom/qdsp6v2/q6audio_v2.o
  CC      drivers/media/platform/msm/camera_wt86518_v2/isp/msm_isp32.o
  CC      drivers/mmc/core/sd.o
  LD      drivers/md/dm-mod.o
  LD      drivers/md/built-in.o
  CC      drivers/mmc/core/sd_ops.o
  LD      drivers/net/ethernet/natsemi/built-in.o
  CC      drivers/net/ppp/ppp_generic.o
  CC      drivers/of/of_i2c.o
  LD      drivers/net/ethernet/msm/built-in.o
  CC      drivers/pinctrl/core.o
  LD      drivers/net/ethernet/seeq/built-in.o
  LD      drivers/net/ethernet/smsc/built-in.o
  LD      drivers/net/ethernet/stmicro/built-in.o
  LD      drivers/net/ethernet/wiznet/built-in.o
  LD      drivers/net/ethernet/built-in.o
  CC      drivers/net/ppp/ppp_async.o
  CC      drivers/misc/qcom/qdsp6v2/q6audio_v2_aio.o
  CC      drivers/of/of_net.o
  CC      net/netfilter/xt_helper.o
  CC      net/netfilter/xt_hl.o
  CC      drivers/net/phy/mdio_bus.o
  CC      drivers/media/platform/msm/vidc/msm_vidc_debug.o
  CC      drivers/mmc/core/sdio.o
  CC      drivers/misc/qcom/qdsp6v2/audio_mp3.o
  LD      drivers/media/platform/msm/camera_wt86518_v2/isp/built-in.o
  CC      drivers/pinctrl/pinmux.o
  LD      drivers/mmc/host/built-in.o
  CC      drivers/pinctrl/pinconf.o
  CC      drivers/media/platform/msm/camera_wt86518_v2/sensor/actuator/msm_actuator.o
  CC      drivers/of/of_mdio.o
  CC      net/netfilter/xt_iprange.o
  CC      drivers/net/slip/slip.o
  CC      drivers/misc/qcom/qdsp6v2/audio_amrnb.o
  CC      drivers/platform/msm/msm_bus/msm_bus_bimc.o
  LD      drivers/net/phy/libphy.o
  LD      drivers/net/phy/built-in.o
  CC      drivers/media/platform/msm/vidc/msm_vidc_res_parse.o
  CC      drivers/mmc/core/sdio_ops.o
  CC      drivers/pinctrl/devicetree.o
  CC      drivers/platform/msm/sps/bam.o
  CC      drivers/net/ppp/bsd_comp.o
  CC      drivers/of/of_spmi.o
  CC      drivers/media/tuners/tuner-xc2028.o
  CC      drivers/misc/qcom/qdsp6v2/audio_amrwb.o
  CC      net/netfilter/xt_length.o
  CC      drivers/pinctrl/pinconf-generic.o
  LD      drivers/media/platform/msm/camera_wt86518_v2/sensor/actuator/built-in.o
  CC      drivers/media/platform/msm/camera_wt86518_v2/sensor/cci/msm_cci.o
  CC      drivers/mmc/core/sdio_bus.o
  CC      drivers/platform/msm/msm_bus/msm_bus_noc.o
  CC      drivers/net/ppp/ppp_deflate.o
  CC      drivers/of/of_slimbus.o
  CC      drivers/misc/qcom/qdsp6v2/audio_amrwbplus.o
  CC      drivers/media/platform/msm/vidc/venus_hfi.o
  CC      drivers/net/slip/slhc.o
  CC      drivers/pinctrl/pinctrl-msm.o
  CC      drivers/mmc/core/sdio_cis.o
  CC      drivers/of/of_batterydata.o
  CC      net/netfilter/xt_limit.o
  CC      drivers/platform/msm/msm_bus/msm_bus_core.o
  CC      drivers/net/ppp/ppp_mppe.o
  CC      drivers/media/tuners/tuner-simple.o
  CC      drivers/misc/qcom/qdsp6v2/audio_evrc.o
  LD      drivers/media/platform/msm/camera_wt86518_v2/sensor/cci/built-in.o
  CC      drivers/media/platform/msm/camera_wt86518_v2/sensor/csid/msm_csid.o
  LD      drivers/net/slip/built-in.o
  CC      drivers/platform/msm/usb_bam.o
  CC      drivers/platform/msm/msm_bus/msm_bus_client_api.o
  CC      drivers/of/of_reserved_mem.o
  CC      drivers/mmc/core/sdio_io.o
  CC      drivers/pinctrl/pinctrl-msm-tlmm.o
  CC      drivers/net/ppp/ppp_synctty.o
  CC      net/netfilter/xt_mac.o
  CC      drivers/misc/qcom/qdsp6v2/audio_qcelp.o
  CC      drivers/media/tuners/tuner-types.o
  CC      drivers/platform/msm/msm_bus/msm_bus_of.o
  LD      drivers/media/platform/msm/camera_wt86518_v2/sensor/csid/built-in.o
  CC      drivers/media/platform/msm/camera_wt86518_v2/sensor/csiphy/msm_csiphy.o
  CC      drivers/mmc/core/sdio_irq.o
  LD      drivers/of/built-in.o
  LD      drivers/pinctrl/built-in.o
  CC      drivers/media/platform/msm/camera_wt86518_v2/sensor/eeprom/msm_eeprom.o
  CC      drivers/platform/msm/sps/sps_bam.o
  CC      drivers/misc/qcom/qdsp6v2/amrwb_in.o
  CC      drivers/media/tuners/mt20xx.o
  CC      net/netfilter/xt_multiport.o
  CC      drivers/net/ppp/pppox.o
  CC      drivers/platform/msm/msm_bus/msm_bus_rpm_smd.o
  CC      drivers/mmc/core/quirks.o
  LD      drivers/media/platform/msm/camera_wt86518_v2/sensor/csiphy/built-in.o
  LD      drivers/misc/qcom/qdsp6v2/built-in.o
  CC      drivers/media/platform/msm/vidc/hfi_response_handler.o
  LD      drivers/misc/qcom/built-in.o
  LD      drivers/media/usb/b2c2/built-in.o
  LD      drivers/misc/built-in.o
  LD      drivers/media/usb/dvb-usb/built-in.o
  CC      drivers/platform/msm/msm_bus/msm_bus_fabric_adhoc.o
  CC      drivers/platform/msm/qpnp-power-on.o
  LD      drivers/media/usb/s2255/built-in.o
  LD      drivers/media/usb/dvb-usb-v2/built-in.o
  CC      drivers/mmc/core/slot-gpio.o
  LD      drivers/media/usb/siano/built-in.o
  LD      drivers/media/usb/stkwebcam/built-in.o
  LD      drivers/media/usb/ttusb-budget/built-in.o
  CC      drivers/net/usb/asix_devices.o
  CC      drivers/media/tuners/tda8290.o
  LD      drivers/media/usb/ttusb-dec/built-in.o
  LD      drivers/media/platform/msm/camera_wt86518_v2/sensor/eeprom/built-in.o
  CC      net/netfilter/xt_pkttype.o
  CC      drivers/net/ppp/pppoe.o
  LD      drivers/media/usb/zr364xx/built-in.o
  LD      drivers/media/usb/built-in.o
  CC      drivers/media/platform/msm/camera_wt86518_v2/sensor/flash/msm_led_flash.o
  CC      drivers/mmc/core/debugfs.o
  CC      drivers/platform/msm/sps/sps.o
  CC      drivers/net/ppp/pppolac.o
  CC      drivers/media/platform/msm/camera_wt86518_v2/sensor/flash/msm_led_trigger.o
  CC      drivers/platform/msm/msm_bus/msm_bus_arb_adhoc.o
  CC      drivers/media/platform/msm/vidc/hfi_packetization.o
  LD      drivers/mmc/core/mmc_core.o
  LD      drivers/mmc/core/built-in.o
  LD      drivers/mmc/built-in.o
  CC      net/netfilter/xt_policy.o
  CC      drivers/net/wireless/rt2x00/rt2x00dev.o
  CC      drivers/net/usb/asix_common.o
  CC      drivers/media/tuners/tea5767.o
  CC      drivers/net/wireless/rt2x00/rt2x00mac.o
  CC      drivers/net/ppp/pppopns.o
  CC      drivers/media/v4l2-core/v4l2-dev.o
  CC      drivers/media/platform/msm/camera_wt86518_v2/sensor/flash/msm_led_i2c_trigger.o
  CC      drivers/platform/msm/msm_bus/msm_bus_rules.o
  CC      net/netfilter/xt_qtaguid_print.o
  CC      drivers/media/tuners/tea5761.o
  CC      drivers/platform/msm/sps/sps_dma.o
  CC      drivers/media/tuners/tda9887.o
  CC      drivers/platform/msm/sps/sps_map.o
  CC      drivers/media/platform/msm/vidc/vidc_hfi.o
  CC      drivers/net/usb/ax88172a.o
  CC      drivers/media/platform/msm/camera_wt86518_v2/sensor/flash/adp1660.o
  LD      drivers/net/ppp/built-in.o
  CC      drivers/media/tuners/tda827x.o
  CC      drivers/platform/msm/msm_bus/msm_bus_of_adhoc.o
  CC      drivers/net/tun.o
  CC      drivers/net/wireless/rt2x00/rt2x00config.o
  CC      drivers/platform/msm/sps/sps_mem.o
  CC      drivers/media/v4l2-core/v4l2-ioctl.o
  CC      net/netfilter/xt_qtaguid.o
  CC      drivers/media/platform/msm/camera_wt86518_v2/sensor/io/msm_camera_io_util.o
  CC      drivers/platform/msm/msm_bus/msm_bus_id.o
  CC      drivers/media/platform/msm/vidc/q6_hfi.o
  CC      drivers/platform/msm/sps/sps_rm.o
  CC      drivers/media/platform/msm/camera_wt86518_v2/sensor/flash/bd7710.o
  CC      drivers/media/media-device.o
  CC      drivers/net/usb/ax88179_178a.o
  CC      drivers/media/tuners/tda18271-maps.o
  CC      drivers/net/wireless/rt2x00/rt2x00queue.o
  CC      drivers/platform/msm/msm_bus/msm_bus_dbg.o
  CC      drivers/media/platform/msm/camera_wt86518_v2/sensor/io/msm_camera_cci_i2c.o
  CC      drivers/media/platform/msm/vidc/venus_boot.o
  CC      drivers/platform/msm/qpnp-vibrator.o
  LD      drivers/platform/msm/sps/built-in.o
  CC      drivers/media/platform/msm/camera_wt86518_v2/sensor/flash/msm_led_torch.o
  CC      drivers/power/power_supply_core.o
  CC      drivers/media/tuners/tda18271-common.o
  CC      drivers/media/v4l2-core/v4l2-device.o
  CC      drivers/media/platform/msm/camera_wt86518_v2/sensor/io/msm_camera_qup_i2c.o
  CC      drivers/media/v4l2-core/v4l2-fh.o
  CC      drivers/net/usb/cdc_ether.o
  CC      drivers/media/platform/msm/camera_wt86518_v2/sensor/flash/msm_flash.o
  LD      drivers/media/platform/msm/vidc/built-in.o
  CC      drivers/power/power_supply_sysfs.o
  CC      net/netfilter/xt_quota.o
  CC      drivers/net/wireless/rt2x00/rt2x00link.o
  CC      drivers/media/media-devnode.o
  CC      drivers/media/tuners/tda18271-fe.o
  CC      drivers/net/wireless/wcnss/wcnss_wlan.o
  CC      drivers/pps/pps.o
  LD      drivers/platform/msm/msm_bus/built-in.o
  CC      drivers/media/v4l2-core/v4l2-event.o
  CC      drivers/platform/msm/avtimer.o
  CC      drivers/media/platform/msm/camera_wt86518_v2/sensor/io/msm_camera_spi.o
  CC      drivers/net/usb/dm9601.o
  CC      drivers/power/power_supply_leds.o
  CC      drivers/media/platform/msm/camera_wt86518_v2/sensor/flash/lm3642.o
  CC      net/netfilter/xt_quota2.o
  CC      net/netfilter/xt_socket.o
  CC      drivers/platform/msm/qpnp-revid.o
  CC      drivers/pps/kapi.o
  CC      drivers/net/wireless/rt2x00/rt2x00crypto.o
  CC      drivers/media/v4l2-core/v4l2-ctrls.o
  CC      drivers/media/platform/msm/camera_wt86518_v2/sensor/io/msm_camera_dt_util.o
  CC      drivers/power/fan54015-charger.o
  CC      drivers/media/tuners/xc5000.o
  LD      drivers/media/platform/msm/camera_wt86518_v2/sensor/flash/built-in.o
  CC      drivers/media/v4l2-core/v4l2-subdev.o
  LD      drivers/platform/msm/built-in.o
  LD      drivers/platform/built-in.o
  CC      drivers/power/qpnp-vm-bms.o
  CC      drivers/pps/sysfs.o
  CC      drivers/net/usb/net1080.o
  CC      drivers/net/wireless/rt2x00/rt2x00firmware.o
  CC      drivers/net/wireless/wcnss/qcomwlan_secif.o
  CC      net/netfilter/xt_state.o
  CC      drivers/pps/clients/pps-ktimer.o
  CC      drivers/media/media-entity.o
  CC      drivers/net/wireless/wcnss/wcnss_vreg.o
  CC      drivers/media/v4l2-core/v4l2-of.o
  LD      drivers/media/platform/msm/camera_wt86518_v2/sensor/io/built-in.o
  LD      drivers/pps/clients/built-in.o
  CC      drivers/media/platform/msm/camera_wt86518_v2/sensor/ois/msm_ois.o
  LD      drivers/pps/generators/built-in.o
  LD      drivers/pps/pps_core.o
  LD      drivers/pps/built-in.o
  CC      drivers/media/tuners/xc4000.o
  CC      drivers/pwm/core.o
  CC      drivers/power/batterydata-lib.o
  CC      drivers/media/v4l2-core/v4l2-common.o
  CC      drivers/media/platform/msm/camera_wt86518_v2/sensor/msm_sensor_init.o
  CC      drivers/net/wireless/rt2x00/rt2x00leds.o
  CC      drivers/regulator/core.o
  CC      drivers/net/usb/rndis_host.o
  CC      net/netfilter/xt_statistic.o
  CC      drivers/net/wireless/wcnss/wcnss_prealloc.o
  CC      drivers/pwm/pwm-qpnp.o
  CC      drivers/media/tuners/mc44s803.o
  CC      drivers/regulator/dummy.o
  LD      drivers/media/platform/msm/camera_wt86518_v2/sensor/ois/built-in.o
  CC      drivers/media/platform/msm/camera_wt86518_v2/sensor/msm_sensor_driver.o
  CC      drivers/media/v4l2-core/videobuf2-core.o
  CC      drivers/net/wireless/rt2x00/rt2x00usb.o
  CC      drivers/regulator/fixed-helper.o
  LD      drivers/net/wireless/wcnss/wcnsscore.o
  LD      drivers/net/wireless/wcnss/built-in.o
  CC      drivers/net/wireless/rt2x00/rt2800lib.o
  CC      drivers/power/batterydata-interface.o
  CC      net/netfilter/xt_string.o
  CC      drivers/regulator/of_regulator.o
  LD      drivers/media/tuners/tda18271.o
  LD      drivers/media/tuners/built-in.o
  LD      drivers/media/media.o
  CC      drivers/net/usb/cdc_subset.o
  CC      net/netfilter/xt_tcpmss.o
  LD      drivers/pwm/built-in.o
  CC      drivers/regulator/fixed.o
  CC      drivers/media/platform/msm/camera_wt86518_v2/sensor/msm_sensor.o
  CC      drivers/media/v4l2-core/videobuf2-memops.o
  CC      drivers/power/qpnp-linear-charger.o
  CC      drivers/net/wireless/rt2x00/rt2800usb.o
  CC      drivers/net/usb/zaurus.o
  CC      drivers/rtc/rtc-lib.o
  CC      drivers/media/platform/msm/camera_wt86518_v2/sensor/mt9m114.o
  CC      drivers/power/battery_current_limit.o
  CC      net/netfilter/xt_time.o
  CC      drivers/rtc/hctosys.o
  CC      drivers/media/v4l2-core/videobuf2-vmalloc.o
  CC      drivers/regulator/proxy-consumer.o
  LD      drivers/net/wireless/rt2x00/rt2x00lib.o
  CC      drivers/net/usb/usbnet.o
  CC      drivers/scsi/scsi.o
  CC      drivers/power/qcom/msm-pm.o
  CC      drivers/media/platform/msm/camera_wt86518_v2/sensor/ov5645.o
  CC      drivers/rtc/systohc.o
  CC      drivers/media/v4l2-core/videobuf2-dma-contig.o
  CC      drivers/regulator/fan53555.o
  CC      net/netfilter/xt_u32.o
  CC      drivers/rtc/class.o
  CC      drivers/regulator/mem-acc-regulator.o
  CC      drivers/net/usb/cdc_ncm.o
  CC      drivers/media/platform/msm/camera_wt86518_v2/sensor/ov7695.o
  CC      drivers/rtc/interface.o
  CC      drivers/power/reset/msm-poweroff.o
  CC      drivers/sensors/sensors_class.o
  LD      net/netfilter/netfilter.o
  LD      net/netfilter/built-in.o
  CC      drivers/power/qcom/pm-data.o
  LD      net/built-in.o
  CC      drivers/scsi/hosts.o
  CC      drivers/regulator/onsemi-ncp6335d.o
  CC      drivers/media/v4l2-core/videobuf2-dma-sg.o
  CC      drivers/rtc/rtc-dev.o
  CC      drivers/slimbus/slimbus.o
  LD      drivers/media/platform/msm/camera_wt86518_v2/sensor/built-in.o
  CC      drivers/power/qcom/pm-stats.o
  LD      drivers/power/reset/built-in.o
  LD      drivers/sensors/built-in.o
  LD      drivers/media/platform/msm/camera_wt86518_v2/built-in.o
  CC      drivers/rtc/rtc-proc.o
  CC      drivers/power/qcom/lpm-stats.o
  LD      drivers/media/platform/msm/built-in.o
  LD      drivers/media/platform/built-in.o
  CC      drivers/regulator/stub-regulator.o
  CC      drivers/scsi/scsi_ioctl.o
  LD      drivers/net/usb/asix.o
  LD      drivers/net/usb/built-in.o
  LD      drivers/media/v4l2-core/videodev.o
  LD      drivers/power/power_supply.o
  CC      drivers/power/qcom/pm-boot.o
  CC      drivers/scsi/constants.o
  CC      drivers/scsi/scsicam.o
  CC      drivers/rtc/rtc-sysfs.o
  LD      drivers/media/v4l2-core/built-in.o
  LD      drivers/media/built-in.o
  CC      drivers/soundwire/soundwire.o
  CC      drivers/slimbus/slim-msm.o
../../../../../../kernel/oppo/msm8939/drivers/power/qcom/lpm-stats.c:13:9: warning: unknown option after '#pragma GCC diagnostic' kind [-Wpragmas]
 #pragma GCC diagnostic ignored "-Wformat-truncation="
         ^
cc1: warning: unrecognized command line option "-Wno-misleading-indentation"
  CC      drivers/soc/qcom/memshare/heap_mem_ext_v01.o
  CC      drivers/soc/qcom/boot_stats.o
  CC      drivers/regulator/tps65132-regulator.o
  CC      drivers/soc/qcom/qdsp6v2/apr.o
  LD      drivers/power/qcom/built-in.o
  LD      drivers/power/built-in.o
  CC      drivers/rtc/qpnp-rtc.o
  CC      drivers/spi/spi.o
  CC      drivers/spmi/spmi.o
  CC      drivers/scsi/scsi_error.o
  CC      drivers/soc/qcom/memshare/msm_memshare.o
  CC      drivers/soundwire/swr-wcd-ctrl.o
  CC      drivers/soc/qcom/msm_rq_stats.o
  CC      drivers/regulator/rpm-smd-regulator.o
  CC      drivers/slimbus/slim-msm-ngd.o
  LD      drivers/rtc/rtc-core.o
  LD      drivers/rtc/built-in.o
  CC      drivers/soc/qcom/qdsp6v2/apr_v3.o
  CC      drivers/spi/spi_qsd.o
  CC      drivers/scsi/scsi_lib.o
  CC      drivers/spmi/spmi-resources.o
  LD      drivers/net/wireless/rt2x00/built-in.o
  LD      drivers/net/wireless/built-in.o
  CC      drivers/soc/qcom/nohlt.o
  LD      drivers/net/built-in.o
  AS      drivers/soc/qcom/idle-v7.o
  CC      drivers/soc/qcom/qdsp6v2/apr_tal.o
  LD      drivers/soc/qcom/memshare/built-in.o
  CC      drivers/soc/qcom/qdsp6v2/voice_svc.o
  CC      drivers/regulator/qpnp-regulator.o
  CC      drivers/scsi/scsi_lib_dma.o
  CC      drivers/spmi/spmi-pmic-arb.o
  LD      drivers/soundwire/built-in.o
  CC      drivers/soc/qcom/qdsp6v2/msm_audio_ion.o
  CC      drivers/scsi/scsi_scan.o
  CC      drivers/soc/qcom/bam_dmux.o
  CC      drivers/soc/qcom/qdsp6v2/adsp-loader.o
  CC      drivers/regulator/spm-regulator.o
  CC      drivers/scsi/scsi_sysfs.o
  CC      drivers/soc/qcom/ipc_router_smd_xprt.o
  LD      drivers/slimbus/built-in.o
  CC      drivers/staging/staging.o
  CC      drivers/scsi/scsi_devinfo.o
  CC      drivers/spmi/qpnp-int.o
  LD      drivers/soc/qcom/qdsp6v2/built-in.o
  CC      drivers/soc/qcom/memory_dump_v2.o
  CC      drivers/spmi/spmi-dbgfs.o
  CC      drivers/switch/switch_class.o
  CC      drivers/scsi/scsi_sysctl.o
  CC      drivers/regulator/cpr-regulator.o
  CC      drivers/staging/android/ion/ion.o
  LD      drivers/spi/built-in.o
  CC      drivers/thermal/thermal_core.o
  CC      drivers/staging/android/ashmem.o
  CC      drivers/soc/qcom/mpm-of.o
  CC      drivers/thermal/fair_share.o
  LD      drivers/switch/built-in.o
  CC      drivers/tty/tty_io.o
  CC      drivers/staging/android/ion/ion_heap.o
  LD      drivers/spmi/built-in.o
  CC      drivers/tty/n_tty.o
  CC      drivers/uio/uio.o
  CC      drivers/soc/qcom/rpm-smd.o
  CC      drivers/scsi/scsi_proc.o
  CC      drivers/tty/tty_ioctl.o
  CC      drivers/staging/android/ion/ion_page_pool.o
  LD      drivers/staging/media/built-in.o
  CC      drivers/usb/class/cdc-acm.o
  CC      drivers/scsi/scsi_trace.o
  CC      drivers/uio/msm_sharedmem/msm_sharedmem.o
  CC      drivers/thermal/step_wise.o
  CC      drivers/staging/android/ion/ion_system_heap.o
  CC      drivers/staging/android/ion/ion_carveout_heap.o
  CC      drivers/video/fb_notify.o
  CC      drivers/usb/core/usb.o
  CC      drivers/scsi/scsi_pm.o
  CC      drivers/thermal/cpu_cooling.o
  CC      drivers/uio/msm_sharedmem/remote_filesystem_access_v01.o
  CC      drivers/soc/qcom/rpm-smd-debug.o
  CC      drivers/tty/tty_ldisc.o
  CC      drivers/usb/class/ccid_bridge.o
  LD      drivers/regulator/built-in.o
  CC      drivers/tty/tty_buffer.o
  CC      drivers/video/fbmem.o
  CC      drivers/uio/msm_sharedmem/sharedmem_qmi.o
  CC      drivers/thermal/msm8974-tsens.o
../../../../../../kernel/oppo/msm8939/drivers/usb/core/usb.c:24:9: warning: unknown option after '#pragma GCC diagnostic' kind [-Wpragmas]
 #pragma GCC diagnostic ignored "-Wformat-truncation="
         ^
cc1: warning: unrecognized command line option "-Wno-misleading-indentation"
  CC      drivers/soc/qcom/rpm_stats.o
  CC      drivers/usb/core/hub.o
  CC      drivers/scsi/sd.o
  CC      drivers/staging/android/timed_output.o
  CC      drivers/staging/android/ion/ion_chunk_heap.o
  CC      drivers/usb/gadget/udc-core.o
  CC      drivers/tty/tty_port.o
  LD      drivers/uio/msm_sharedmem/built-in.o
  LD      drivers/uio/built-in.o
  CC      drivers/usb/gadget/android.o
  CC      drivers/staging/prima/CORE/DXE/src/wlan_qct_dxe.o
  CC      drivers/soc/qcom/rpm_master_stat.o
  LD      drivers/usb/class/built-in.o
  CC      drivers/usb/host/ehci-hcd.o
  CC      drivers/usb/misc/ehset.o
  CC      drivers/video/fbmon.o
  CC      drivers/staging/android/ion/ion_cma_heap.o
  CC      drivers/tty/tty_mutex.o
  CC      drivers/video/fbcmap.o
  CC      drivers/thermal/qpnp-temp-alarm.o
  LD      drivers/usb/misc/built-in.o
  CC      drivers/thermal/qpnp-adc-tm.o
  CC      drivers/tty/tty_ldsem.o
  CC      drivers/soc/qcom/rpm_log.o
  CC      drivers/staging/android/ion/ion_cma_secure_heap.o
  CC      drivers/staging/prima/CORE/DXE/src/wlan_qct_dxe_cfg_i.o
  CC      drivers/usb/core/hcd.o
  CC      drivers/thermal/msm_thermal.o
  CC      drivers/video/fbsysfs.o
  CC      drivers/staging/android/timed_gpio.o
  CC      drivers/staging/prima/CORE/HDD/src/wlan_hdd_assoc.o
  CC      drivers/tty/pty.o
  CC      drivers/soc/qcom/qmi_interface.o
  CC      drivers/scsi/sr.o
  CC      drivers/staging/android/ion/ion_removed_heap.o
  CC      drivers/scsi/sr_ioctl.o
  CC      drivers/usb/host/ehci-msm.o
  CC      drivers/video/modedb.o
  CC      drivers/tty/sysrq.o
  CC      drivers/staging/android/ion/msm/msm_ion.o
  CC      drivers/usb/host/ehci-msm2.o
../../../../../../kernel/oppo/msm8939/drivers/usb/core/hcd.c:25:9: warning: unknown option after '#pragma GCC diagnostic' kind [-Wpragmas]
 #pragma GCC diagnostic ignored "-Wformat-truncation="
         ^
cc1: warning: unrecognized command line option "-Wno-misleading-indentation"
  CC      drivers/usb/core/urb.o
  CC      drivers/video/fbcvt.o
  CC      drivers/usb/core/message.o
  CC      drivers/usb/core/driver.o
  CC      drivers/scsi/sr_vendor.o
  CC      drivers/soc/qcom/scm.o
  LD      drivers/tty/ipwireless/built-in.o
  CC      drivers/staging/android/ion/msm/secure_buffer.o
  CC      drivers/tty/serial/msm_smd_tty.o
  CC      drivers/usb/host/ice40-hcd.o
  CC      drivers/usb/host/ehci-msm-uicc.o
  CC      drivers/staging/prima/CORE/HDD/src/wlan_hdd_cfg.o
  CC      drivers/video/backlight/backlight.o
  LD      drivers/scsi/arm/built-in.o
  LD      drivers/scsi/sd_mod.o
  LD      drivers/scsi/sr_mod.o
  CC      drivers/scsi/ch.o
  LD      drivers/staging/android/ion/msm/built-in.o
  LD      drivers/staging/android/ion/built-in.o
  CC      drivers/staging/android/sync.o
  CC      drivers/usb/gadget/f_hid.o
  CC      drivers/soc/qcom/scm-boot.o
  CC      drivers/usb/core/config.o
  CC      drivers/thermal/msm_thermal-dev.o
  LD      drivers/video/backlight/built-in.o
  CC      drivers/video/console/dummycon.o
  CC      drivers/usb/phy/phy.o
  CC      drivers/soc/qcom/smd.o
  LD      drivers/tty/serial/built-in.o
  CC      drivers/tty/vt/vt_ioctl.o
  LD      drivers/thermal/thermal_sys.o
  LD      drivers/video/console/built-in.o
  LD      drivers/thermal/built-in.o
  CC      drivers/staging/prima/CORE/HDD/src/wlan_hdd_debugfs.o
  CC      drivers/staging/android/sw_sync.o
  CC      drivers/usb/phy/of.o
  LD      drivers/scsi/scsi_mod.o
  LD      drivers/scsi/built-in.o
  CC      drivers/usb/phy/phy-msm-usb.o
  CC      drivers/video/msm/mdss/mdss_dsi.o
  CC      drivers/usb/core/file.o
  CC      drivers/usb/serial/usb-serial.o
  CC      drivers/staging/android/oneshot_sync.o
  CC      drivers/tty/vt/vc_screen.o
  CC      drivers/soc/qcom/smd_debug.o
  CC      drivers/usb/storage/alauda.o
  CC      drivers/usb/core/buffer.o
  CC      drivers/soc/qcom/smd_private.o
  LD      drivers/staging/android/built-in.o
  CC      drivers/usb/usb-common.o
  CC      drivers/video/msm/mdss/mdss_dsi_host.o
  LD      drivers/usb/host/built-in.o
  CC      drivers/staging/prima/CORE/HDD/src/wlan_hdd_dev_pwr.o
  CC      drivers/soc/qcom/smd_init_dt.o
  CC      drivers/video/msm/mdss/mdss_dsi_cmd.o
  CC      drivers/tty/vt/selection.o
  CC      drivers/usb/serial/generic.o
  CC      drivers/usb/core/sysfs.o
  CC      drivers/usb/core/endpoint.o
  CC      drivers/usb/core/devio.o
  CC      drivers/usb/storage/cypress_atacb.o
  CC      drivers/soc/qcom/smsm_debug.o
  CC      drivers/video/msm/mdss/mdss_dsi_status.o
  CC      drivers/usb/serial/bus.o
  CC      drivers/video/msm/mdss/mdss_dsi_panel.o
  CC      drivers/usb/storage/datafab.o
  CC      drivers/tty/vt/keyboard.o
  CC      drivers/soc/qcom/smem.o
  LD      drivers/video/omap2/displays/built-in.o
  LD      drivers/video/omap2/built-in.o
  CC      drivers/usb/gadget/usbstring.o
  LD      drivers/usb/phy/built-in.o
  CC      drivers/video/cfbfillrect.o
  CC      drivers/staging/prima/CORE/HDD/src/wlan_hdd_dp_utils.o
  CC      drivers/usb/serial/console.o
  CC      drivers/usb/core/notify.o
  CC      drivers/usb/storage/freecom.o
  CC      drivers/soc/qcom/smem_debug.o
  CC      drivers/usb/serial/csvt.o
  CC      drivers/tty/vt/consolemap.o
  CC      drivers/soc/qcom/smem_log.o
  CC      drivers/staging/prima/CORE/HDD/src/wlan_hdd_early_suspend.o
  CC      drivers/usb/core/generic.o
  CC      drivers/usb/core/quirks.o
  CC      drivers/usb/gadget/config.o
  CC      drivers/video/msm/mdss/msm_mdss_io_8974.o
  CC      drivers/usb/storage/isd200.o
  CC      drivers/soc/qcom/common_log.o
  CC      drivers/usb/serial/pl2303.o
  CC      drivers/video/msm/mdss/mdss_mdp.o
  CC      drivers/usb/gadget/epautoconf.o
  CONMK   drivers/tty/vt/consolemap_deftbl.c
  CC      drivers/soc/qcom/smp2p.o
  CC      drivers/tty/vt/vt.o
  CC      drivers/usb/core/devices.o
  CC      drivers/usb/gadget/composite.o
  CC      drivers/video/msm/mdss/mdss_mdp_ctl.o
  CC      drivers/usb/storage/jumpshot.o
  LD      drivers/usb/serial/usbserial.o
  LD      drivers/usb/serial/built-in.o
  CC      drivers/video/cfbcopyarea.o
  CC      drivers/soc/qcom/smp2p_debug.o
  CC      drivers/video/cfbimgblt.o
  CC      drivers/staging/prima/CORE/HDD/src/wlan_hdd_ftm.o
  SHIPPED drivers/tty/vt/defkeymap.c
  CC      drivers/usb/core/port.o
  CC      drivers/tty/vt/consolemap_deftbl.o
  CC      drivers/usb/storage/karma.o
  CC      drivers/staging/prima/CORE/HDD/src/wlan_hdd_hostapd.o
  CC      drivers/tty/vt/defkeymap.o
  CC      drivers/video/msm/mdss/mdss_mdp_pipe.o
  CC      drivers/soc/qcom/smp2p_loopback.o
  CC      drivers/usb/storage/onetouch.o
  LD      drivers/usb/core/usbcore.o
  LD      drivers/usb/core/built-in.o
  CC      drivers/soc/qcom/smp2p_test.o
  CC      drivers/video/sysfillrect.o
  CC      drivers/usb/gadget/functions.o
  CC      drivers/staging/prima/CORE/HDD/src/wlan_hdd_main.o
  CC      drivers/video/syscopyarea.o
  CC      drivers/usb/storage/sddr09.o
  CC      drivers/staging/prima/CORE/HDD/src/wlan_hdd_mib.o
  CC      drivers/video/msm/mdss/mdss_mdp_util.o
  CC      drivers/usb/gadget/f_acm.o
  CC      drivers/video/msm/mdss/dsi_status_6g.o
  CC      drivers/soc/qcom/smp2p_spinlock_test.o
  LD      drivers/tty/vt/built-in.o
  LD      drivers/tty/built-in.o
  CC      drivers/video/sysimgblt.o
  CC      drivers/usb/gadget/f_serial.o
  CC      drivers/video/fb_sys_fops.o
  CC      drivers/soc/qcom/watchdog_v2.o
  CC      drivers/usb/storage/sddr55.o
  CC      drivers/staging/prima/CORE/HDD/src/wlan_hdd_oemdata.o
  CC      drivers/video/msm/mdss/mdss_mdp_pp.o
  CC      drivers/usb/gadget/ci13xxx_msm.o
  CC      drivers/video/vfb.o
  CC      drivers/soc/qcom/spm.o
  CC      drivers/video/msm/mdss/mdss_mdp_pp_debug.o
  CC      drivers/usb/storage/shuttle_usbat.o
  CC      drivers/soc/qcom/spm_devices.o
  CC      drivers/video/msm/mdss/mdss_mdp_intf_video.o
  CC      drivers/soc/qcom/socinfo.o
  CC      drivers/usb/gadget/u_serial.o
  CC      drivers/staging/prima/CORE/HDD/src/wlan_hdd_request_manager.o
  CC      drivers/soc/qcom/peripheral-loader.o
  CC      drivers/usb/storage/scsiglue.o
  CC      drivers/staging/prima/CORE/HDD/src/wlan_hdd_scan.o
  LD      drivers/video/fb.o
  CC      drivers/soc/qcom/subsys-pil-tz.o
  CC      drivers/soc/qcom/pil-q6v5.o
  CC      drivers/video/msm/mdss/mdss_mdp_intf_cmd.o
  CC      drivers/usb/storage/protocol.o
  CC      drivers/staging/prima/CORE/HDD/src/wlan_hdd_softap_tx_rx.o
  CC      drivers/video/msm/mdss/mdss_mdp_intf_writeback.o
  CC      drivers/soc/qcom/pil-msa.o
  CC      drivers/staging/prima/CORE/HDD/src/wlan_hdd_tx_rx.o
  CC      drivers/usb/storage/transport.o
  CC      drivers/video/msm/mdss/mdss_mdp_rotator.o
  CC      drivers/staging/prima/CORE/HDD/src/wlan_hdd_trace.o
  CC      drivers/soc/qcom/pil-q6v5-mss.o
../../../../../../kernel/oppo/msm8939/drivers/usb/gadget/android.c:20:9: warning: unknown option after '#pragma GCC diagnostic' kind [-Wpragmas]
 #pragma GCC diagnostic ignored "-Wformat-truncation="
         ^
In file included from ../../../../../../kernel/oppo/msm8939/drivers/usb/gadget/android.c:40:0:
../../../../../../kernel/oppo/msm8939/drivers/usb/gadget/f_fs.c:21:9: warning: unknown option after '#pragma GCC diagnostic' kind [-Wpragmas]
 #pragma GCC diagnostic ignored "-Wformat-overflow="
         ^
cc1: warning: unrecognized command line option "-Wno-misleading-indentation"
  LD      drivers/usb/gadget/libcomposite.o
  LD      drivers/usb/gadget/usb_f_acm.o
  CC      drivers/soc/qcom/core_ctl_helper.o
  LD      drivers/usb/gadget/usb_f_serial.o
  CC      drivers/staging/prima/CORE/HDD/src/wlan_hdd_wext.o
  LD      drivers/usb/gadget/g_android.o
  LD      drivers/usb/gadget/built-in.o
  CC      drivers/usb/storage/usb.o
  CC      drivers/soc/qcom/subsystem_notif.o
  CC      drivers/usb/storage/initializers.o
  CC      drivers/video/msm/mdss/mdss_mdp_overlay.o
  CC      drivers/soc/qcom/subsystem_restart.o
  CC      drivers/usb/storage/sierra_ms.o
  CC      drivers/staging/prima/CORE/HDD/src/wlan_hdd_wmm.o
  CC      drivers/video/msm/mdss/mdss_mdp_splash_logo.o
  CC      drivers/usb/storage/option_ms.o
  CC      drivers/soc/qcom/ramdump.o
  CC      drivers/staging/prima/CORE/HDD/src/wlan_hdd_wowl.o
  CC      drivers/usb/storage/usual-tables.o
  CC      drivers/staging/prima/CORE/HDD/src/wlan_hdd_cfg80211.o
  CC      drivers/video/msm/mdss/mdss_mdp_wb.o
  CC      drivers/soc/qcom/sysmon.o
  CC      drivers/staging/prima/CORE/HDD/src/wlan_hdd_p2p.o
  LD      drivers/usb/storage/usb-storage.o
  LD      drivers/usb/storage/ums-alauda.o
  LD      drivers/usb/storage/ums-cypress.o
  LD      drivers/usb/storage/ums-datafab.o
  CC      drivers/video/msm/mdss/mdss_mdp_debug.o
  LD      drivers/usb/storage/ums-freecom.o
  LD      drivers/usb/storage/ums-isd200.o
  LD      drivers/usb/storage/ums-jumpshot.o
  LD      drivers/usb/storage/ums-karma.o
  LD      drivers/usb/storage/ums-onetouch.o
  LD      drivers/usb/storage/ums-sddr09.o
  LD      drivers/usb/storage/ums-sddr55.o
  LD      drivers/usb/storage/ums-usbat.o
  LD      drivers/usb/storage/built-in.o
  CC      drivers/staging/prima/CORE/HDD/src/wlan_hdd_tdls.o
  LD      drivers/usb/built-in.o
  CC      drivers/soc/qcom/sysmon-qmi.o
  CC      drivers/video/msm/mdss/mdss_debug.o
  CC      drivers/soc/qcom/cpu_pwr_ctl.o
  CC      drivers/staging/prima/CORE/MAC/src/cfg/cfgApi.o
  CC      drivers/video/msm/mdss/mdss_debug_xlog.o
  CC      drivers/staging/prima/CORE/MAC/src/cfg/cfgDebug.o
  CC      drivers/video/msm/mdss/mdss_panel.o
  CC      drivers/staging/prima/CORE/MAC/src/cfg/cfgParamName.o
  CC      drivers/soc/qcom/early_random.o
  CC      drivers/staging/prima/CORE/MAC/src/cfg/cfgProcMsg.o
  CC      drivers/video/msm/mdss/adv7533_dsi2hdmi.o
  CC      drivers/soc/qcom/fastchg.o
  CC      drivers/staging/prima/CORE/MAC/src/cfg/cfgSendMsg.o
  LD      drivers/soc/qcom/built-in.o
  CC      drivers/video/msm/mdss/mdss_io_util.o
  CC      drivers/video/msm/mdss/mdss_wb.o
  LD      drivers/soc/built-in.o
  CC      drivers/video/msm/mdss/mdss_fb.o
  CC      drivers/staging/prima/CORE/MAC/src/dph/dphHashTable.o
../../../../../../kernel/oppo/msm8939/drivers/staging/prima/CORE/HDD/src/wlan_hdd_p2p.c:2730:45: warning: 'enum nl80211_rxmgmt_flags' declared inside parameter list
 wlan_hdd_set_rxmgmt_external_auth_flag(enum nl80211_rxmgmt_flags *nl80211_flag)
                                             ^
../../../../../../kernel/oppo/msm8939/drivers/staging/prima/CORE/HDD/src/wlan_hdd_p2p.c:2730:45: warning: its scope is only this definition or declaration, which is probably not what you want
../../../../../../kernel/oppo/msm8939/drivers/staging/prima/CORE/HDD/src/wlan_hdd_p2p.c:2745:45: warning: 'enum nl80211_rxmgmt_flags' declared inside parameter list
                                        enum nl80211_rxmgmt_flags *nl80211_flag)
                                             ^
../../../../../../kernel/oppo/msm8939/drivers/staging/prima/CORE/HDD/src/wlan_hdd_p2p.c: In function 'wlan_hdd_cfg80211_convert_rxmgmt_flags':
../../../../../../kernel/oppo/msm8939/drivers/staging/prima/CORE/HDD/src/wlan_hdd_p2p.c:2750:52: warning: passing argument 1 of 'wlan_hdd_set_rxmgmt_external_auth_flag' from incompatible pointer type
             wlan_hdd_set_rxmgmt_external_auth_flag(nl80211_flag);
                                                    ^
../../../../../../kernel/oppo/msm8939/drivers/staging/prima/CORE/HDD/src/wlan_hdd_p2p.c:2730:1: note: expected 'enum nl80211_rxmgmt_flags *' but argument is of type 'enum nl80211_rxmgmt_flags *'
 wlan_hdd_set_rxmgmt_external_auth_flag(enum nl80211_rxmgmt_flags *nl80211_flag)
 ^
../../../../../../kernel/oppo/msm8939/drivers/staging/prima/CORE/HDD/src/wlan_hdd_p2p.c: At top level:
cc1: warning: unrecognized command line option "-Wno-misleading-indentation"
  CC      drivers/video/msm/mdss/mdss_util.o
  CC      drivers/staging/prima/CORE/MAC/src/pe/lim/limAIDmgmt.o
  CC      drivers/staging/prima/CORE/MAC/src/pe/lim/limAdmitControl.o
  CC      drivers/staging/prima/CORE/MAC/src/pe/lim/limApi.o
  CC      drivers/video/msm/mdss/mdss_livedisplay.o
  CC      drivers/staging/prima/CORE/MAC/src/pe/lim/limAssocUtils.o
  CC      drivers/video/msm/mdss/mdss_mdp_kcal_ctrl.o
  CC      drivers/staging/prima/CORE/MAC/src/pe/lim/limDebug.o
  LD      drivers/video/msm/mdss/mdss-mdp.o
  LD      drivers/video/msm/mdss/mdss-dsi.o
  CC      drivers/staging/prima/CORE/MAC/src/pe/lim/limFT.o
  CC      drivers/staging/prima/CORE/MAC/src/pe/lim/limIbssPeerMgmt.o
  CC      drivers/staging/prima/CORE/MAC/src/pe/lim/limLinkMonitoringAlgo.o
  CC      drivers/staging/prima/CORE/MAC/src/pe/lim/limLogDump.o
  CC      drivers/staging/prima/CORE/MAC/src/pe/lim/limP2P.o
  CC      drivers/staging/prima/CORE/MAC/src/pe/lim/limProcessActionFrame.o
  CC      drivers/staging/prima/CORE/MAC/src/pe/lim/limProcessAssocReqFrame.o
  CC      drivers/staging/prima/CORE/MAC/src/pe/lim/limProcessAssocRspFrame.o
  CC      drivers/staging/prima/CORE/MAC/src/pe/lim/limProcessAuthFrame.o
  LD      drivers/video/msm/mdss/built-in.o
  LD      drivers/video/msm/built-in.o
  LD      drivers/video/built-in.o
  CC      drivers/staging/prima/CORE/MAC/src/pe/lim/limProcessBeaconFrame.o
  CC      drivers/staging/prima/CORE/MAC/src/pe/lim/limProcessCfgUpdates.o
  CC      drivers/staging/prima/CORE/MAC/src/pe/lim/limProcessDeauthFrame.o
  CC      drivers/staging/prima/CORE/MAC/src/pe/lim/limProcessDisassocFrame.o
  CC      drivers/staging/prima/CORE/MAC/src/pe/lim/limProcessLmmMessages.o
  CC      drivers/staging/prima/CORE/MAC/src/pe/lim/limProcessMessageQueue.o
  CC      drivers/staging/prima/CORE/MAC/src/pe/lim/limProcessMlmReqMessages.o
  CC      drivers/staging/prima/CORE/MAC/src/pe/lim/limProcessMlmRspMessages.o
  CC      drivers/staging/prima/CORE/MAC/src/pe/lim/limProcessProbeReqFrame.o
  CC      drivers/staging/prima/CORE/MAC/src/pe/lim/limProcessProbeRspFrame.o
  CC      drivers/staging/prima/CORE/MAC/src/pe/lim/limProcessSmeReqMessages.o
  CC      drivers/staging/prima/CORE/MAC/src/pe/lim/limPropExtsUtils.o
  CC      drivers/staging/prima/CORE/MAC/src/pe/lim/limRMC.o
  CC      drivers/staging/prima/CORE/MAC/src/pe/lim/limRoamingAlgo.o
  CC      drivers/staging/prima/CORE/MAC/src/pe/lim/limScanResultUtils.o
  CC      drivers/staging/prima/CORE/MAC/src/pe/lim/limSecurityUtils.o
  CC      drivers/staging/prima/CORE/MAC/src/pe/lim/limSendManagementFrames.o
  CC      drivers/staging/prima/CORE/MAC/src/pe/lim/limSendMessages.o
  CC      drivers/staging/prima/CORE/MAC/src/pe/lim/limSendSmeRspMessages.o
  CC      drivers/staging/prima/CORE/MAC/src/pe/lim/limSerDesUtils.o
  CC      drivers/staging/prima/CORE/MAC/src/pe/lim/limSession.o
  CC      drivers/staging/prima/CORE/MAC/src/pe/lim/limSessionUtils.o
  CC      drivers/staging/prima/CORE/MAC/src/pe/lim/limSmeReqUtils.o
  CC      drivers/staging/prima/CORE/MAC/src/pe/lim/limStaHashApi.o
  CC      drivers/staging/prima/CORE/MAC/src/pe/lim/limTimerUtils.o
  CC      drivers/staging/prima/CORE/MAC/src/pe/lim/limTrace.o
  CC      drivers/staging/prima/CORE/MAC/src/pe/lim/limUtils.o
  CC      drivers/staging/prima/CORE/MAC/src/pe/lim/limProcessTdls.o
  CC      drivers/staging/prima/CORE/MAC/src/pe/lim/lim_mbb.o
  CC      drivers/staging/prima/CORE/MAC/src/pe/pmm/pmmAP.o
  CC      drivers/staging/prima/CORE/MAC/src/pe/pmm/pmmApi.o
  CC      drivers/staging/prima/CORE/MAC/src/pe/pmm/pmmDebug.o
  CC      drivers/staging/prima/CORE/MAC/src/pe/sch/schApi.o
  CC      drivers/staging/prima/CORE/MAC/src/pe/sch/schBeaconGen.o
  CC      drivers/staging/prima/CORE/MAC/src/pe/sch/schBeaconProcess.o
  CC      drivers/staging/prima/CORE/MAC/src/pe/sch/schDebug.o
  CC      drivers/staging/prima/CORE/MAC/src/pe/sch/schMessage.o
  CC      drivers/staging/prima/CORE/MAC/src/pe/rrm/rrmApi.o
  CC      drivers/staging/prima/CORE/SAP/src/sapApiLinkCntl.o
  CC      drivers/staging/prima/CORE/SAP/src/sapChSelect.o
  CC      drivers/staging/prima/CORE/SAP/src/sapFsm.o
  CC      drivers/staging/prima/CORE/SAP/src/sapModule.o
  CC      drivers/staging/prima/CORE/SME/src/btc/btcApi.o
  CC      drivers/staging/prima/CORE/SME/src/ccm/ccmApi.o
  CC      drivers/staging/prima/CORE/SME/src/ccm/ccmLogDump.o
  CC      drivers/staging/prima/CORE/SME/src/sme_common/sme_Api.o
  CC      drivers/staging/prima/CORE/SME/src/sme_common/sme_FTApi.o
  CC      drivers/staging/prima/CORE/SME/src/sme_common/sme_Trace.o
  CC      drivers/staging/prima/CORE/SME/src/csr/csrApiRoam.o
  CC      drivers/staging/prima/CORE/SME/src/csr/csrApiScan.o
  CC      drivers/staging/prima/CORE/SME/src/csr/csrCmdProcess.o
  CC      drivers/staging/prima/CORE/SME/src/csr/csrLinkList.o
  CC      drivers/staging/prima/CORE/SME/src/csr/csrLogDump.o
  CC      drivers/staging/prima/CORE/SME/src/csr/csrNeighborRoam.o
  CC      drivers/staging/prima/CORE/SME/src/csr/csrUtil.o
  CC      drivers/staging/prima/CORE/SME/src/csr/csrTdlsProcess.o
  CC      drivers/staging/prima/CORE/SME/src/csr/csr_roam_mbb.o
  CC      drivers/staging/prima/CORE/SME/src/oemData/oemDataApi.o
  CC      drivers/staging/prima/CORE/SME/src/p2p/p2p_Api.o
  CC      drivers/staging/prima/CORE/SME/src/pmc/pmcApi.o
  CC      drivers/staging/prima/CORE/SME/src/pmc/pmc.o
  CC      drivers/staging/prima/CORE/SME/src/pmc/pmcLogDump.o
  CC      drivers/staging/prima/CORE/SME/src/QoS/sme_Qos.o
  CC      drivers/staging/prima/CORE/SME/src/rrm/sme_rrm.o
  CC      drivers/staging/prima/CORE/SME/src/nan/nan_Api.o
  CC      drivers/staging/prima/CORE/SVC/src/btc/wlan_btc_svc.o
  CC      drivers/staging/prima/CORE/SVC/src/nlink/wlan_nlink_srv.o
  CC      drivers/staging/prima/CORE/SVC/src/ptt/wlan_ptt_sock_svc.o
  CC      drivers/staging/prima/CORE/SVC/src/logging/wlan_logging_sock_svc.o
  CC      drivers/staging/prima/CORE/SYS/common/src/wlan_qct_sys.o
  CC      drivers/staging/prima/CORE/SYS/legacy/src/pal/src/palApiComm.o
  CC      drivers/staging/prima/CORE/SYS/legacy/src/pal/src/palTimer.o
  CC      drivers/staging/prima/CORE/SYS/legacy/src/platform/src/VossWrapper.o
  CC      drivers/staging/prima/CORE/SYS/legacy/src/system/src/macInitApi.o
  CC      drivers/staging/prima/CORE/SYS/legacy/src/system/src/sysEntryFunc.o
  CC      drivers/staging/prima/CORE/SYS/legacy/src/utils/src/dot11f.o
  CC      drivers/staging/prima/CORE/SYS/legacy/src/utils/src/logApi.o
  CC      drivers/staging/prima/CORE/SYS/legacy/src/utils/src/logDump.o
  CC      drivers/staging/prima/CORE/SYS/legacy/src/utils/src/macTrace.o
  CC      drivers/staging/prima/CORE/SYS/legacy/src/utils/src/parserApi.o
  CC      drivers/staging/prima/CORE/SYS/legacy/src/utils/src/utilsApi.o
  CC      drivers/staging/prima/CORE/SYS/legacy/src/utils/src/utilsParser.o
  CC      drivers/staging/prima/CORE/TL/src/wlan_qct_tl.o
  CC      drivers/staging/prima/CORE/TL/src/wlan_qct_tl_ba.o
  CC      drivers/staging/prima/CORE/TL/src/wlan_qct_tl_hosupport.o
  CC      drivers/staging/prima/CORE/TL/src/wlan_qct_tl_trace.o
  CC      drivers/staging/prima/CORE/VOSS/src/vos_api.o
  CC      drivers/staging/prima/CORE/VOSS/src/vos_event.o
  CC      drivers/staging/prima/CORE/VOSS/src/vos_getBin.o
  CC      drivers/staging/prima/CORE/VOSS/src/vos_list.o
  CC      drivers/staging/prima/CORE/VOSS/src/vos_lock.o
  CC      drivers/staging/prima/CORE/VOSS/src/vos_memory.o
  CC      drivers/staging/prima/CORE/VOSS/src/vos_mq.o
  CC      drivers/staging/prima/CORE/VOSS/src/vos_nvitem.o
  CC      drivers/staging/prima/CORE/VOSS/src/vos_packet.o
  CC      drivers/staging/prima/CORE/VOSS/src/vos_sched.o
  CC      drivers/staging/prima/CORE/VOSS/src/vos_threads.o
  CC      drivers/staging/prima/CORE/VOSS/src/vos_timer.o
  CC      drivers/staging/prima/CORE/VOSS/src/vos_trace.o
  CC      drivers/staging/prima/CORE/VOSS/src/vos_types.o
  CC      drivers/staging/prima/CORE/VOSS/src/vos_utils.o
  CC      drivers/staging/prima/CORE/VOSS/src/wlan_nv_parser.o
  CC      drivers/staging/prima/CORE/VOSS/src/wlan_nv_stream_read.o
  CC      drivers/staging/prima/CORE/VOSS/src/wlan_nv_template_builtin.o
  CC      drivers/staging/prima/CORE/VOSS/src/vos_diag.o
  CC      drivers/staging/prima/CORE/WDA/src/wlan_qct_wda.o
  CC      drivers/staging/prima/CORE/WDA/src/wlan_qct_wda_debug.o
  CC      drivers/staging/prima/CORE/WDA/src/wlan_qct_wda_ds.o
  CC      drivers/staging/prima/CORE/WDA/src/wlan_qct_wda_legacy.o
  CC      drivers/staging/prima/CORE/WDA/src/wlan_nv.o
  CC      drivers/staging/prima/CORE/WDI/CP/src/wlan_qct_wdi.o
  CC      drivers/staging/prima/CORE/WDI/CP/src/wlan_qct_wdi_dp.o
  CC      drivers/staging/prima/CORE/WDI/CP/src/wlan_qct_wdi_sta.o
  CC      drivers/staging/prima/CORE/WDI/DP/src/wlan_qct_wdi_bd.o
  CC      drivers/staging/prima/CORE/WDI/DP/src/wlan_qct_wdi_ds.o
  CC      drivers/staging/prima/CORE/WDI/TRP/CTS/src/wlan_qct_wdi_cts.o
  CC      drivers/staging/prima/CORE/WDI/TRP/DTS/src/wlan_qct_wdi_dts.o
  CC      drivers/staging/prima/CORE/WDI/WPAL/src/wlan_qct_pal_api.o
  CC      drivers/staging/prima/CORE/WDI/WPAL/src/wlan_qct_pal_device.o
  CC      drivers/staging/prima/CORE/WDI/WPAL/src/wlan_qct_pal_msg.o
  CC      drivers/staging/prima/CORE/WDI/WPAL/src/wlan_qct_pal_packet.o
  CC      drivers/staging/prima/CORE/WDI/WPAL/src/wlan_qct_pal_sync.o
  CC      drivers/staging/prima/CORE/WDI/WPAL/src/wlan_qct_pal_timer.o
  CC      drivers/staging/prima/CORE/WDI/WPAL/src/wlan_qct_pal_trace.o
  LD      drivers/staging/prima/wlan.o
  LD      drivers/staging/prima/built-in.o
  LD      drivers/staging/built-in.o
  LD      drivers/built-in.o
  LINK    vmlinux
  LD      vmlinux.o
  MODPOST vmlinux.o
  GEN     .version
  CC      init/main.o
  CHK     include/generated/compile.h
  CC      init/do_mounts.o
  CC      init/do_mounts_rd.o
  CC      init/do_mounts_initrd.o
  CC      init/initramfs.o
  CC      init/calibrate.o
  CC      init/init_task.o
  LD      init/mounts.o
  UPD     include/generated/compile.h
  CC      init/version.o
  LD      init/built-in.o
  KSYM    .tmp_kallsyms1.o
  KSYM    .tmp_kallsyms2.o
  LD      vmlinux
  SORTEX  vmlinux
  SYSMAP  System.map
  OBJCOPY arch/arm/boot/Image
  Kernel: arch/arm/boot/Image is ready
  AS      arch/arm/boot/compressed/head.o
  GZIP    arch/arm/boot/compressed/piggy.gzip
  CC      arch/arm/boot/compressed/misc.o
  CC      arch/arm/boot/compressed/decompress.o
  CC      arch/arm/boot/compressed/string.o
  SHIPPED arch/arm/boot/compressed/hyp-stub.S
  SHIPPED arch/arm/boot/compressed/lib1funcs.S
  SHIPPED arch/arm/boot/compressed/ashldi3.S
  SHIPPED arch/arm/boot/compressed/bswapsdi2.S
  AS      arch/arm/boot/compressed/hyp-stub.o
  AS      arch/arm/boot/compressed/lib1funcs.o
  AS      arch/arm/boot/compressed/ashldi3.o
  AS      arch/arm/boot/compressed/bswapsdi2.o
  AS      arch/arm/boot/compressed/piggy.gzip.o
  LD      arch/arm/boot/compressed/vmlinux
  OBJCOPY arch/arm/boot/zImage
  Kernel: arch/arm/boot/zImage is ready
make: Leaving directory '/root/los19/kernel/oppo/msm8939'
Building DTBs
make: Entering directory '/root/los19/kernel/oppo/msm8939'
  CC      scripts/mod/empty.o
  CC      scripts/mod/devicetable-offsets.s
  MKELF   scripts/mod/elfconfig.h
  HOSTCC  scripts/mod/modpost.o
  HOSTCC  scripts/mod/sumversion.o
clang-12clang-12: : warningwarning: : argument unused during compilation: '-fuse-ld=lld' [-Wunused-command-line-argument]argument unused during compilation: '-fuse-ld=lld' [-Wunused-command-line-argument]

  GEN     scripts/mod/devicetable-offsets.h
  HOSTCC  scripts/mod/file2alias.o
clang-12: warning: argument unused during compilation: '-fuse-ld=lld' [-Wunused-command-line-argument]
/root/los19/kernel/oppo/msm8939/scripts/mod/file2alias.c:376:1: warning: adding 'unsigned long' to a string does not append to the string [-Wstring-plus-int]
ADD_TO_DEVTABLE("hid", hid_device_id, do_hid_entry);
^~~~~~~~~~~~~~~~~~~~~~~~~~~~~~~~~~~~~~~~~~~~~~~~~~~
/root/los19/kernel/oppo/msm8939/scripts/mod/file2alias.c:105:13: note: expanded from macro 'ADD_TO_DEVTABLE'
                device_id + 0*sizeof((function)((const char *)NULL,     \
                ~~~~~~~~~~^~~~~~~~~~~~~~~~~~~~~~~~~~~~~~~~~~~~~~~~~~~~~~~
/root/los19/kernel/oppo/msm8939/scripts/mod/file2alias.c:376:1: note: use array indexing to silence this warning
/root/los19/kernel/oppo/msm8939/scripts/mod/file2alias.c:105:13: note: expanded from macro 'ADD_TO_DEVTABLE'
                device_id + 0*sizeof((function)((const char *)NULL,     \
                          ^
/root/los19/kernel/oppo/msm8939/scripts/mod/file2alias.c:401:1: warning: adding 'unsigned long' to a string does not append to the string [-Wstring-plus-int]
ADD_TO_DEVTABLE("ieee1394", ieee1394_device_id, do_ieee1394_entry);
^~~~~~~~~~~~~~~~~~~~~~~~~~~~~~~~~~~~~~~~~~~~~~~~~~~~~~~~~~~~~~~~~~
/root/los19/kernel/oppo/msm8939/scripts/mod/file2alias.c:105:13: note: expanded from macro 'ADD_TO_DEVTABLE'
                device_id + 0*sizeof((function)((const char *)NULL,     \
                ~~~~~~~~~~^~~~~~~~~~~~~~~~~~~~~~~~~~~~~~~~~~~~~~~~~~~~~~~
/root/los19/kernel/oppo/msm8939/scripts/mod/file2alias.c:401:1: note: use array indexing to silence this warning
/root/los19/kernel/oppo/msm8939/scripts/mod/file2alias.c:105:13: note: expanded from macro 'ADD_TO_DEVTABLE'
                device_id + 0*sizeof((function)((const char *)NULL,     \
                          ^
/root/los19/kernel/oppo/msm8939/scripts/mod/file2alias.c:445:1: warning: adding 'unsigned long' to a string does not append to the string [-Wstring-plus-int]
ADD_TO_DEVTABLE("pci", pci_device_id, do_pci_entry);
^~~~~~~~~~~~~~~~~~~~~~~~~~~~~~~~~~~~~~~~~~~~~~~~~~~
/root/los19/kernel/oppo/msm8939/scripts/mod/file2alias.c:105:13: note: expanded from macro 'ADD_TO_DEVTABLE'
                device_id + 0*sizeof((function)((const char *)NULL,     \
                ~~~~~~~~~~^~~~~~~~~~~~~~~~~~~~~~~~~~~~~~~~~~~~~~~~~~~~~~~
/root/los19/kernel/oppo/msm8939/scripts/mod/file2alias.c:445:1: note: use array indexing to silence this warning
/root/los19/kernel/oppo/msm8939/scripts/mod/file2alias.c:105:13: note: expanded from macro 'ADD_TO_DEVTABLE'
                device_id + 0*sizeof((function)((const char *)NULL,     \
                          ^
/root/los19/kernel/oppo/msm8939/scripts/mod/file2alias.c:469:1: warning: adding 'unsigned long' to a string does not append to the string [-Wstring-plus-int]
ADD_TO_DEVTABLE("ccw", ccw_device_id, do_ccw_entry);
^~~~~~~~~~~~~~~~~~~~~~~~~~~~~~~~~~~~~~~~~~~~~~~~~~~
/root/los19/kernel/oppo/msm8939/scripts/mod/file2alias.c:105:13: note: expanded from macro 'ADD_TO_DEVTABLE'
                device_id + 0*sizeof((function)((const char *)NULL,     \
                ~~~~~~~~~~^~~~~~~~~~~~~~~~~~~~~~~~~~~~~~~~~~~~~~~~~~~~~~~
/root/los19/kernel/oppo/msm8939/scripts/mod/file2alias.c:469:1: note: use array indexing to silence this warning
/root/los19/kernel/oppo/msm8939/scripts/mod/file2alias.c:105:13: note: expanded from macro 'ADD_TO_DEVTABLE'
                device_id + 0*sizeof((function)((const char *)NULL,     \
                          ^
/root/los19/kernel/oppo/msm8939/scripts/mod/file2alias.c:480:1: warning: adding 'unsigned long' to a string does not append to the string [-Wstring-plus-int]
ADD_TO_DEVTABLE("ap", ap_device_id, do_ap_entry);
^~~~~~~~~~~~~~~~~~~~~~~~~~~~~~~~~~~~~~~~~~~~~~~~
/root/los19/kernel/oppo/msm8939/scripts/mod/file2alias.c:105:13: note: expanded from macro 'ADD_TO_DEVTABLE'
                device_id + 0*sizeof((function)((const char *)NULL,     \
                ~~~~~~~~~~^~~~~~~~~~~~~~~~~~~~~~~~~~~~~~~~~~~~~~~~~~~~~~~
/root/los19/kernel/oppo/msm8939/scripts/mod/file2alias.c:480:1: note: use array indexing to silence this warning
/root/los19/kernel/oppo/msm8939/scripts/mod/file2alias.c:105:13: note: expanded from macro 'ADD_TO_DEVTABLE'
                device_id + 0*sizeof((function)((const char *)NULL,     \
                          ^
/root/los19/kernel/oppo/msm8939/scripts/mod/file2alias.c:491:1: warning: adding 'unsigned long' to a string does not append to the string [-Wstring-plus-int]
ADD_TO_DEVTABLE("css", css_device_id, do_css_entry);
^~~~~~~~~~~~~~~~~~~~~~~~~~~~~~~~~~~~~~~~~~~~~~~~~~~
/root/los19/kernel/oppo/msm8939/scripts/mod/file2alias.c:105:13: note: expanded from macro 'ADD_TO_DEVTABLE'
                device_id + 0*sizeof((function)((const char *)NULL,     \
                ~~~~~~~~~~^~~~~~~~~~~~~~~~~~~~~~~~~~~~~~~~~~~~~~~~~~~~~~~
/root/los19/kernel/oppo/msm8939/scripts/mod/file2alias.c:491:1: note: use array indexing to silence this warning
/root/los19/kernel/oppo/msm8939/scripts/mod/file2alias.c:105:13: note: expanded from macro 'ADD_TO_DEVTABLE'
                device_id + 0*sizeof((function)((const char *)NULL,     \
                          ^
/root/los19/kernel/oppo/msm8939/scripts/mod/file2alias.c:511:1: warning: adding 'unsigned long' to a string does not append to the string [-Wstring-plus-int]
ADD_TO_DEVTABLE("serio", serio_device_id, do_serio_entry);
^~~~~~~~~~~~~~~~~~~~~~~~~~~~~~~~~~~~~~~~~~~~~~~~~~~~~~~~~
/root/los19/kernel/oppo/msm8939/scripts/mod/file2alias.c:105:13: note: expanded from macro 'ADD_TO_DEVTABLE'
                device_id + 0*sizeof((function)((const char *)NULL,     \
                ~~~~~~~~~~^~~~~~~~~~~~~~~~~~~~~~~~~~~~~~~~~~~~~~~~~~~~~~~
/root/los19/kernel/oppo/msm8939/scripts/mod/file2alias.c:511:1: note: use array indexing to silence this warning
/root/los19/kernel/oppo/msm8939/scripts/mod/file2alias.c:105:13: note: expanded from macro 'ADD_TO_DEVTABLE'
                device_id + 0*sizeof((function)((const char *)NULL,     \
                          ^
/root/los19/kernel/oppo/msm8939/scripts/mod/file2alias.c:521:1: warning: adding 'unsigned long' to a string does not append to the string [-Wstring-plus-int]
ADD_TO_DEVTABLE("acpi", acpi_device_id, do_acpi_entry);
^~~~~~~~~~~~~~~~~~~~~~~~~~~~~~~~~~~~~~~~~~~~~~~~~~~~~~
/root/los19/kernel/oppo/msm8939/scripts/mod/file2alias.c:105:13: note: expanded from macro 'ADD_TO_DEVTABLE'
                device_id + 0*sizeof((function)((const char *)NULL,     \
                ~~~~~~~~~~^~~~~~~~~~~~~~~~~~~~~~~~~~~~~~~~~~~~~~~~~~~~~~~
/root/los19/kernel/oppo/msm8939/scripts/mod/file2alias.c:521:1: note: use array indexing to silence this warning
/root/los19/kernel/oppo/msm8939/scripts/mod/file2alias.c:105:13: note: expanded from macro 'ADD_TO_DEVTABLE'
                device_id + 0*sizeof((function)((const char *)NULL,     \
                          ^
/root/los19/kernel/oppo/msm8939/scripts/mod/file2alias.c:642:1: warning: adding 'unsigned long' to a string does not append to the string [-Wstring-plus-int]
ADD_TO_DEVTABLE("pcmcia", pcmcia_device_id, do_pcmcia_entry);
^~~~~~~~~~~~~~~~~~~~~~~~~~~~~~~~~~~~~~~~~~~~~~~~~~~~~~~~~~~~
/root/los19/kernel/oppo/msm8939/scripts/mod/file2alias.c:105:13: note: expanded from macro 'ADD_TO_DEVTABLE'
                device_id + 0*sizeof((function)((const char *)NULL,     \
                ~~~~~~~~~~^~~~~~~~~~~~~~~~~~~~~~~~~~~~~~~~~~~~~~~~~~~~~~~
/root/los19/kernel/oppo/msm8939/scripts/mod/file2alias.c:642:1: note: use array indexing to silence this warning
/root/los19/kernel/oppo/msm8939/scripts/mod/file2alias.c:105:13: note: expanded from macro 'ADD_TO_DEVTABLE'
                device_id + 0*sizeof((function)((const char *)NULL,     \
                          ^
/root/los19/kernel/oppo/msm8939/scripts/mod/file2alias.c:669:1: warning: adding 'unsigned long' to a string does not append to the string [-Wstring-plus-int]
ADD_TO_DEVTABLE("of", of_device_id, do_of_entry);
^~~~~~~~~~~~~~~~~~~~~~~~~~~~~~~~~~~~~~~~~~~~~~~~
/root/los19/kernel/oppo/msm8939/scripts/mod/file2alias.c:105:13: note: expanded from macro 'ADD_TO_DEVTABLE'
                device_id + 0*sizeof((function)((const char *)NULL,     \
                ~~~~~~~~~~^~~~~~~~~~~~~~~~~~~~~~~~~~~~~~~~~~~~~~~~~~~~~~~
/root/los19/kernel/oppo/msm8939/scripts/mod/file2alias.c:669:1: note: use array indexing to silence this warning
/root/los19/kernel/oppo/msm8939/scripts/mod/file2alias.c:105:13: note: expanded from macro 'ADD_TO_DEVTABLE'
                device_id + 0*sizeof((function)((const char *)NULL,     \
                          ^
/root/los19/kernel/oppo/msm8939/scripts/mod/file2alias.c:689:1: warning: adding 'unsigned long' to a string does not append to the string [-Wstring-plus-int]
ADD_TO_DEVTABLE("vio", vio_device_id, do_vio_entry);
^~~~~~~~~~~~~~~~~~~~~~~~~~~~~~~~~~~~~~~~~~~~~~~~~~~
/root/los19/kernel/oppo/msm8939/scripts/mod/file2alias.c:105:13: note: expanded from macro 'ADD_TO_DEVTABLE'
                device_id + 0*sizeof((function)((const char *)NULL,     \
                ~~~~~~~~~~^~~~~~~~~~~~~~~~~~~~~~~~~~~~~~~~~~~~~~~~~~~~~~~
/root/los19/kernel/oppo/msm8939/scripts/mod/file2alias.c:689:1: note: use array indexing to silence this warning
/root/los19/kernel/oppo/msm8939/scripts/mod/file2alias.c:105:13: note: expanded from macro 'ADD_TO_DEVTABLE'
                device_id + 0*sizeof((function)((const char *)NULL,     \
                          ^
/root/los19/kernel/oppo/msm8939/scripts/mod/file2alias.c:762:1: warning: adding 'unsigned long' to a string does not append to the string [-Wstring-plus-int]
ADD_TO_DEVTABLE("input", input_device_id, do_input_entry);
^~~~~~~~~~~~~~~~~~~~~~~~~~~~~~~~~~~~~~~~~~~~~~~~~~~~~~~~~
/root/los19/kernel/oppo/msm8939/scripts/mod/file2alias.c:105:13: note: expanded from macro 'ADD_TO_DEVTABLE'
                device_id + 0*sizeof((function)((const char *)NULL,     \
                ~~~~~~~~~~^~~~~~~~~~~~~~~~~~~~~~~~~~~~~~~~~~~~~~~~~~~~~~~
/root/los19/kernel/oppo/msm8939/scripts/mod/file2alias.c:762:1: note: use array indexing to silence this warning
/root/los19/kernel/oppo/msm8939/scripts/mod/file2alias.c:105:13: note: expanded from macro 'ADD_TO_DEVTABLE'
                device_id + 0*sizeof((function)((const char *)NULL,     \
                          ^
/root/los19/kernel/oppo/msm8939/scripts/mod/file2alias.c:774:1: warning: adding 'unsigned long' to a string does not append to the string [-Wstring-plus-int]
ADD_TO_DEVTABLE("eisa", eisa_device_id, do_eisa_entry);
^~~~~~~~~~~~~~~~~~~~~~~~~~~~~~~~~~~~~~~~~~~~~~~~~~~~~~
/root/los19/kernel/oppo/msm8939/scripts/mod/file2alias.c:105:13: note: expanded from macro 'ADD_TO_DEVTABLE'
                device_id + 0*sizeof((function)((const char *)NULL,     \
                ~~~~~~~~~~^~~~~~~~~~~~~~~~~~~~~~~~~~~~~~~~~~~~~~~~~~~~~~~
/root/los19/kernel/oppo/msm8939/scripts/mod/file2alias.c:774:1: note: use array indexing to silence this warning
/root/los19/kernel/oppo/msm8939/scripts/mod/file2alias.c:105:13: note: expanded from macro 'ADD_TO_DEVTABLE'
                device_id + 0*sizeof((function)((const char *)NULL,     \
                          ^
/root/los19/kernel/oppo/msm8939/scripts/mod/file2alias.c:794:1: warning: adding 'unsigned long' to a string does not append to the string [-Wstring-plus-int]
ADD_TO_DEVTABLE("parisc", parisc_device_id, do_parisc_entry);
^~~~~~~~~~~~~~~~~~~~~~~~~~~~~~~~~~~~~~~~~~~~~~~~~~~~~~~~~~~~
/root/los19/kernel/oppo/msm8939/scripts/mod/file2alias.c:105:13: note: expanded from macro 'ADD_TO_DEVTABLE'
                device_id + 0*sizeof((function)((const char *)NULL,     \
                ~~~~~~~~~~^~~~~~~~~~~~~~~~~~~~~~~~~~~~~~~~~~~~~~~~~~~~~~~
/root/los19/kernel/oppo/msm8939/scripts/mod/file2alias.c:794:1: note: use array indexing to silence this warning
/root/los19/kernel/oppo/msm8939/scripts/mod/file2alias.c:105:13: note: expanded from macro 'ADD_TO_DEVTABLE'
                device_id + 0*sizeof((function)((const char *)NULL,     \
                          ^
/root/los19/kernel/oppo/msm8939/scripts/mod/file2alias.c:811:1: warning: adding 'unsigned long' to a string does not append to the string [-Wstring-plus-int]
ADD_TO_DEVTABLE("sdio", sdio_device_id, do_sdio_entry);
^~~~~~~~~~~~~~~~~~~~~~~~~~~~~~~~~~~~~~~~~~~~~~~~~~~~~~
/root/los19/kernel/oppo/msm8939/scripts/mod/file2alias.c:105:13: note: expanded from macro 'ADD_TO_DEVTABLE'
                device_id + 0*sizeof((function)((const char *)NULL,     \
                ~~~~~~~~~~^~~~~~~~~~~~~~~~~~~~~~~~~~~~~~~~~~~~~~~~~~~~~~~
/root/los19/kernel/oppo/msm8939/scripts/mod/file2alias.c:811:1: note: use array indexing to silence this warning
/root/los19/kernel/oppo/msm8939/scripts/mod/file2alias.c:105:13: note: expanded from macro 'ADD_TO_DEVTABLE'
                device_id + 0*sizeof((function)((const char *)NULL,     \
                          ^
/root/los19/kernel/oppo/msm8939/scripts/mod/file2alias.c:828:1: warning: adding 'unsigned long' to a string does not append to the string [-Wstring-plus-int]
ADD_TO_DEVTABLE("ssb", ssb_device_id, do_ssb_entry);
^~~~~~~~~~~~~~~~~~~~~~~~~~~~~~~~~~~~~~~~~~~~~~~~~~~
/root/los19/kernel/oppo/msm8939/scripts/mod/file2alias.c:105:13: note: expanded from macro 'ADD_TO_DEVTABLE'
                device_id + 0*sizeof((function)((const char *)NULL,     \
                ~~~~~~~~~~^~~~~~~~~~~~~~~~~~~~~~~~~~~~~~~~~~~~~~~~~~~~~~~
/root/los19/kernel/oppo/msm8939/scripts/mod/file2alias.c:828:1: note: use array indexing to silence this warning
/root/los19/kernel/oppo/msm8939/scripts/mod/file2alias.c:105:13: note: expanded from macro 'ADD_TO_DEVTABLE'
                device_id + 0*sizeof((function)((const char *)NULL,     \
                          ^
/root/los19/kernel/oppo/msm8939/scripts/mod/file2alias.c:847:1: warning: adding 'unsigned long' to a string does not append to the string [-Wstring-plus-int]
ADD_TO_DEVTABLE("bcma", bcma_device_id, do_bcma_entry);
^~~~~~~~~~~~~~~~~~~~~~~~~~~~~~~~~~~~~~~~~~~~~~~~~~~~~~
/root/los19/kernel/oppo/msm8939/scripts/mod/file2alias.c:105:13: note: expanded from macro 'ADD_TO_DEVTABLE'
                device_id + 0*sizeof((function)((const char *)NULL,     \
                ~~~~~~~~~~^~~~~~~~~~~~~~~~~~~~~~~~~~~~~~~~~~~~~~~~~~~~~~~
/root/los19/kernel/oppo/msm8939/scripts/mod/file2alias.c:847:1: note: use array indexing to silence this warning
/root/los19/kernel/oppo/msm8939/scripts/mod/file2alias.c:105:13: note: expanded from macro 'ADD_TO_DEVTABLE'
                device_id + 0*sizeof((function)((const char *)NULL,     \
                          ^
/root/los19/kernel/oppo/msm8939/scripts/mod/file2alias.c:863:1: warning: adding 'unsigned long' to a string does not append to the string [-Wstring-plus-int]
ADD_TO_DEVTABLE("virtio", virtio_device_id, do_virtio_entry);
^~~~~~~~~~~~~~~~~~~~~~~~~~~~~~~~~~~~~~~~~~~~~~~~~~~~~~~~~~~~
/root/los19/kernel/oppo/msm8939/scripts/mod/file2alias.c:105:13: note: expanded from macro 'ADD_TO_DEVTABLE'
                device_id + 0*sizeof((function)((const char *)NULL,     \
                ~~~~~~~~~~^~~~~~~~~~~~~~~~~~~~~~~~~~~~~~~~~~~~~~~~~~~~~~~
/root/los19/kernel/oppo/msm8939/scripts/mod/file2alias.c:863:1: note: use array indexing to silence this warning
/root/los19/kernel/oppo/msm8939/scripts/mod/file2alias.c:105:13: note: expanded from macro 'ADD_TO_DEVTABLE'
                device_id + 0*sizeof((function)((const char *)NULL,     \
                          ^
/root/los19/kernel/oppo/msm8939/scripts/mod/file2alias.c:886:1: warning: adding 'unsigned long' to a string does not append to the string [-Wstring-plus-int]
ADD_TO_DEVTABLE("vmbus", hv_vmbus_device_id, do_vmbus_entry);
^~~~~~~~~~~~~~~~~~~~~~~~~~~~~~~~~~~~~~~~~~~~~~~~~~~~~~~~~~~~
/root/los19/kernel/oppo/msm8939/scripts/mod/file2alias.c:105:13: note: expanded from macro 'ADD_TO_DEVTABLE'
                device_id + 0*sizeof((function)((const char *)NULL,     \
                ~~~~~~~~~~^~~~~~~~~~~~~~~~~~~~~~~~~~~~~~~~~~~~~~~~~~~~~~~
/root/los19/kernel/oppo/msm8939/scripts/mod/file2alias.c:886:1: note: use array indexing to silence this warning
/root/los19/kernel/oppo/msm8939/scripts/mod/file2alias.c:105:13: note: expanded from macro 'ADD_TO_DEVTABLE'
                device_id + 0*sizeof((function)((const char *)NULL,     \
                          ^
/root/los19/kernel/oppo/msm8939/scripts/mod/file2alias.c:897:1: warning: adding 'unsigned long' to a string does not append to the string [-Wstring-plus-int]
ADD_TO_DEVTABLE("i2c", i2c_device_id, do_i2c_entry);
^~~~~~~~~~~~~~~~~~~~~~~~~~~~~~~~~~~~~~~~~~~~~~~~~~~
/root/los19/kernel/oppo/msm8939/scripts/mod/file2alias.c:105:13: note: expanded from macro 'ADD_TO_DEVTABLE'
                device_id + 0*sizeof((function)((const char *)NULL,     \
                ~~~~~~~~~~^~~~~~~~~~~~~~~~~~~~~~~~~~~~~~~~~~~~~~~~~~~~~~~
/root/los19/kernel/oppo/msm8939/scripts/mod/file2alias.c:897:1: note: use array indexing to silence this warning
/root/los19/kernel/oppo/msm8939/scripts/mod/file2alias.c:105:13: note: expanded from macro 'ADD_TO_DEVTABLE'
                device_id + 0*sizeof((function)((const char *)NULL,     \
                          ^
/root/los19/kernel/oppo/msm8939/scripts/mod/file2alias.c:908:1: warning: adding 'unsigned long' to a string does not append to the string [-Wstring-plus-int]
ADD_TO_DEVTABLE("spi", spi_device_id, do_spi_entry);
^~~~~~~~~~~~~~~~~~~~~~~~~~~~~~~~~~~~~~~~~~~~~~~~~~~
/root/los19/kernel/oppo/msm8939/scripts/mod/file2alias.c:105:13: note: expanded from macro 'ADD_TO_DEVTABLE'
                device_id + 0*sizeof((function)((const char *)NULL,     \
                ~~~~~~~~~~^~~~~~~~~~~~~~~~~~~~~~~~~~~~~~~~~~~~~~~~~~~~~~~
/root/los19/kernel/oppo/msm8939/scripts/mod/file2alias.c:908:1: note: use array indexing to silence this warning
/root/los19/kernel/oppo/msm8939/scripts/mod/file2alias.c:105:13: note: expanded from macro 'ADD_TO_DEVTABLE'
                device_id + 0*sizeof((function)((const char *)NULL,     \
                          ^
/root/los19/kernel/oppo/msm8939/scripts/mod/file2alias.c:963:1: warning: adding 'unsigned long' to a string does not append to the string [-Wstring-plus-int]
ADD_TO_DEVTABLE("dmi", dmi_system_id, do_dmi_entry);
^~~~~~~~~~~~~~~~~~~~~~~~~~~~~~~~~~~~~~~~~~~~~~~~~~~
/root/los19/kernel/oppo/msm8939/scripts/mod/file2alias.c:105:13: note: expanded from macro 'ADD_TO_DEVTABLE'
                device_id + 0*sizeof((function)((const char *)NULL,     \
                ~~~~~~~~~~^~~~~~~~~~~~~~~~~~~~~~~~~~~~~~~~~~~~~~~~~~~~~~~
/root/los19/kernel/oppo/msm8939/scripts/mod/file2alias.c:963:1: note: use array indexing to silence this warning
/root/los19/kernel/oppo/msm8939/scripts/mod/file2alias.c:105:13: note: expanded from macro 'ADD_TO_DEVTABLE'
                device_id + 0*sizeof((function)((const char *)NULL,     \
                          ^
/root/los19/kernel/oppo/msm8939/scripts/mod/file2alias.c:972:1: warning: adding 'unsigned long' to a string does not append to the string [-Wstring-plus-int]
ADD_TO_DEVTABLE("platform", platform_device_id, do_platform_entry);
^~~~~~~~~~~~~~~~~~~~~~~~~~~~~~~~~~~~~~~~~~~~~~~~~~~~~~~~~~~~~~~~~~
/root/los19/kernel/oppo/msm8939/scripts/mod/file2alias.c:105:13: note: expanded from macro 'ADD_TO_DEVTABLE'
                device_id + 0*sizeof((function)((const char *)NULL,     \
                ~~~~~~~~~~^~~~~~~~~~~~~~~~~~~~~~~~~~~~~~~~~~~~~~~~~~~~~~~
/root/los19/kernel/oppo/msm8939/scripts/mod/file2alias.c:972:1: note: use array indexing to silence this warning
/root/los19/kernel/oppo/msm8939/scripts/mod/file2alias.c:105:13: note: expanded from macro 'ADD_TO_DEVTABLE'
                device_id + 0*sizeof((function)((const char *)NULL,     \
                          ^
/root/los19/kernel/oppo/msm8939/scripts/mod/file2alias.c:997:1: warning: adding 'unsigned long' to a string does not append to the string [-Wstring-plus-int]
ADD_TO_DEVTABLE("mdio", mdio_device_id, do_mdio_entry);
^~~~~~~~~~~~~~~~~~~~~~~~~~~~~~~~~~~~~~~~~~~~~~~~~~~~~~
/root/los19/kernel/oppo/msm8939/scripts/mod/file2alias.c:105:13: note: expanded from macro 'ADD_TO_DEVTABLE'
                device_id + 0*sizeof((function)((const char *)NULL,     \
                ~~~~~~~~~~^~~~~~~~~~~~~~~~~~~~~~~~~~~~~~~~~~~~~~~~~~~~~~~
/root/los19/kernel/oppo/msm8939/scripts/mod/file2alias.c:997:1: note: use array indexing to silence this warning
/root/los19/kernel/oppo/msm8939/scripts/mod/file2alias.c:105:13: note: expanded from macro 'ADD_TO_DEVTABLE'
                device_id + 0*sizeof((function)((const char *)NULL,     \
                          ^
/root/los19/kernel/oppo/msm8939/scripts/mod/file2alias.c:1008:1: warning: adding 'unsigned long' to a string does not append to the string [-Wstring-plus-int]
ADD_TO_DEVTABLE("zorro", zorro_device_id, do_zorro_entry);
^~~~~~~~~~~~~~~~~~~~~~~~~~~~~~~~~~~~~~~~~~~~~~~~~~~~~~~~~
/root/los19/kernel/oppo/msm8939/scripts/mod/file2alias.c:105:13: note: expanded from macro 'ADD_TO_DEVTABLE'
                device_id + 0*sizeof((function)((const char *)NULL,     \
                ~~~~~~~~~~^~~~~~~~~~~~~~~~~~~~~~~~~~~~~~~~~~~~~~~~~~~~~~~
/root/los19/kernel/oppo/msm8939/scripts/mod/file2alias.c:1008:1: note: use array indexing to silence this warning
/root/los19/kernel/oppo/msm8939/scripts/mod/file2alias.c:105:13: note: expanded from macro 'ADD_TO_DEVTABLE'
                device_id + 0*sizeof((function)((const char *)NULL,     \
                          ^
/root/los19/kernel/oppo/msm8939/scripts/mod/file2alias.c:1024:1: warning: adding 'unsigned long' to a string does not append to the string [-Wstring-plus-int]
ADD_TO_DEVTABLE("isapnp", isapnp_device_id, do_isapnp_entry);
^~~~~~~~~~~~~~~~~~~~~~~~~~~~~~~~~~~~~~~~~~~~~~~~~~~~~~~~~~~~
/root/los19/kernel/oppo/msm8939/scripts/mod/file2alias.c:105:13: note: expanded from macro 'ADD_TO_DEVTABLE'
                device_id + 0*sizeof((function)((const char *)NULL,     \
                ~~~~~~~~~~^~~~~~~~~~~~~~~~~~~~~~~~~~~~~~~~~~~~~~~~~~~~~~~
/root/los19/kernel/oppo/msm8939/scripts/mod/file2alias.c:1024:1: note: use array indexing to silence this warning
/root/los19/kernel/oppo/msm8939/scripts/mod/file2alias.c:105:13: note: expanded from macro 'ADD_TO_DEVTABLE'
                device_id + 0*sizeof((function)((const char *)NULL,     \
                          ^
/root/los19/kernel/oppo/msm8939/scripts/mod/file2alias.c:1040:1: warning: adding 'unsigned long' to a string does not append to the string [-Wstring-plus-int]
ADD_TO_DEVTABLE("ipack", ipack_device_id, do_ipack_entry);
^~~~~~~~~~~~~~~~~~~~~~~~~~~~~~~~~~~~~~~~~~~~~~~~~~~~~~~~~
/root/los19/kernel/oppo/msm8939/scripts/mod/file2alias.c:105:13: note: expanded from macro 'ADD_TO_DEVTABLE'
                device_id + 0*sizeof((function)((const char *)NULL,     \
                ~~~~~~~~~~^~~~~~~~~~~~~~~~~~~~~~~~~~~~~~~~~~~~~~~~~~~~~~~
/root/los19/kernel/oppo/msm8939/scripts/mod/file2alias.c:1040:1: note: use array indexing to silence this warning
/root/los19/kernel/oppo/msm8939/scripts/mod/file2alias.c:105:13: note: expanded from macro 'ADD_TO_DEVTABLE'
                device_id + 0*sizeof((function)((const char *)NULL,     \
                          ^
/root/los19/kernel/oppo/msm8939/scripts/mod/file2alias.c:1111:1: warning: adding 'unsigned long' to a string does not append to the string [-Wstring-plus-int]
ADD_TO_DEVTABLE("amba", amba_id, do_amba_entry);
^~~~~~~~~~~~~~~~~~~~~~~~~~~~~~~~~~~~~~~~~~~~~~~
/root/los19/kernel/oppo/msm8939/scripts/mod/file2alias.c:105:13: note: expanded from macro 'ADD_TO_DEVTABLE'
                device_id + 0*sizeof((function)((const char *)NULL,     \
                ~~~~~~~~~~^~~~~~~~~~~~~~~~~~~~~~~~~~~~~~~~~~~~~~~~~~~~~~~
/root/los19/kernel/oppo/msm8939/scripts/mod/file2alias.c:1111:1: note: use array indexing to silence this warning
/root/los19/kernel/oppo/msm8939/scripts/mod/file2alias.c:105:13: note: expanded from macro 'ADD_TO_DEVTABLE'
                device_id + 0*sizeof((function)((const char *)NULL,     \
                          ^
/root/los19/kernel/oppo/msm8939/scripts/mod/file2alias.c:1136:1: warning: adding 'unsigned long' to a string does not append to the string [-Wstring-plus-int]
ADD_TO_DEVTABLE("x86cpu", x86_cpu_id, do_x86cpu_entry);
^~~~~~~~~~~~~~~~~~~~~~~~~~~~~~~~~~~~~~~~~~~~~~~~~~~~~~
/root/los19/kernel/oppo/msm8939/scripts/mod/file2alias.c:105:13: note: expanded from macro 'ADD_TO_DEVTABLE'
                device_id + 0*sizeof((function)((const char *)NULL,     \
                ~~~~~~~~~~^~~~~~~~~~~~~~~~~~~~~~~~~~~~~~~~~~~~~~~~~~~~~~~
/root/los19/kernel/oppo/msm8939/scripts/mod/file2alias.c:1136:1: note: use array indexing to silence this warning
/root/los19/kernel/oppo/msm8939/scripts/mod/file2alias.c:105:13: note: expanded from macro 'ADD_TO_DEVTABLE'
                device_id + 0*sizeof((function)((const char *)NULL,     \
                          ^
/root/los19/kernel/oppo/msm8939/scripts/mod/file2alias.c:1146:1: warning: adding 'unsigned long' to a string does not append to the string [-Wstring-plus-int]
ADD_TO_DEVTABLE("cpu", cpu_feature, do_cpu_entry);
^~~~~~~~~~~~~~~~~~~~~~~~~~~~~~~~~~~~~~~~~~~~~~~~~
/root/los19/kernel/oppo/msm8939/scripts/mod/file2alias.c:105:13: note: expanded from macro 'ADD_TO_DEVTABLE'
                device_id + 0*sizeof((function)((const char *)NULL,     \
                ~~~~~~~~~~^~~~~~~~~~~~~~~~~~~~~~~~~~~~~~~~~~~~~~~~~~~~~~~
/root/los19/kernel/oppo/msm8939/scripts/mod/file2alias.c:1146:1: note: use array indexing to silence this warning
/root/los19/kernel/oppo/msm8939/scripts/mod/file2alias.c:105:13: note: expanded from macro 'ADD_TO_DEVTABLE'
                device_id + 0*sizeof((function)((const char *)NULL,     \
                          ^
/root/los19/kernel/oppo/msm8939/scripts/mod/file2alias.c:1158:1: warning: adding 'unsigned long' to a string does not append to the string [-Wstring-plus-int]
ADD_TO_DEVTABLE("mei", mei_cl_device_id, do_mei_entry);
^~~~~~~~~~~~~~~~~~~~~~~~~~~~~~~~~~~~~~~~~~~~~~~~~~~~~~
/root/los19/kernel/oppo/msm8939/scripts/mod/file2alias.c:105:13: note: expanded from macro 'ADD_TO_DEVTABLE'
                device_id + 0*sizeof((function)((const char *)NULL,     \
                ~~~~~~~~~~^~~~~~~~~~~~~~~~~~~~~~~~~~~~~~~~~~~~~~~~~~~~~~~
/root/los19/kernel/oppo/msm8939/scripts/mod/file2alias.c:1158:1: note: use array indexing to silence this warning
/root/los19/kernel/oppo/msm8939/scripts/mod/file2alias.c:105:13: note: expanded from macro 'ADD_TO_DEVTABLE'
                device_id + 0*sizeof((function)((const char *)NULL,     \
                          ^
31 warnings generated.
  HOSTLD  scripts/mod/modpost
  DTC     arch/arm/boot/dts/qcom/../msm8916-mtp-15399.dtb
make: Leaving directory '/root/los19/kernel/oppo/msm8939'
[ 98% 475/481] Prebuilt:  (out/target/product/A37/kernel)
[ 98% 476/481] Target dt image: out/target/product/A37/dt.img
DTB combiner:
  Input directory: 'out/target/product/A37/obj/KERNEL_OBJ/arch/arm/boot/dts/'
  Output file: 'out/target/product/A37/dt.img'
Found file: msm8916-mtp-15399.dtb ... 
Version:2
chipset: 206, rev: 0, platform: 8, subtype: 0, oppoId: 15399, pmic0: 0, pmic1: 0, pmic2: 0, pmic3: 0
additional chipset: 248, rev: 0, platform: 8, subtype: 0, oppoId: 15399 pmic0: 0, pmic1: 0, pmic2: 0, pmic3: 0
additional chipset: 249, rev: 0, platform: 8, subtype: 0, oppoId: 15399 pmic0: 0, pmic1: 0, pmic2: 0, pmic3: 0
additional chipset: 250, rev: 0, platform: 8, subtype: 0, oppoId: 15399 pmic0: 0, pmic1: 0, pmic2: 0, pmic3: 0
Searching subdir: out/target/product/A37/obj/KERNEL_OBJ/arch/arm/boot/dts/qcom/ ... 
=> Found 4 unique DTB(s)

Generating master DTB... completed
Made DT image: out/target/product/A37/dt.img
[ 99% 477/481] Target boot image: out/target/product/A37/boot.img
[ 99% 478/481] build out/target/product/A37/recovery.img
[ 99% 479/481] Package target files: out/target/product/A37/obj/PACKAGING/target_files_intermediates/lineage_A37-target_files-eng.rigaz29.zip
ls: out/target/product/A37/data: No such file or directory
2026-08-02 11:43:06 - common.py - WARNING : Failed to read SYSTEM/etc/build.prop
2026-08-02 11:43:06 - common.py - WARNING : Failed to read VENDOR/etc/build.prop
2026-08-02 11:43:06 - common.py - WARNING : Failed to read VENDOR/build.prop
2026-08-02 11:43:06 - common.py - WARNING : Failed to read PRODUCT/etc/build.prop
2026-08-02 11:43:06 - common.py - WARNING : Failed to read PRODUCT/build.prop
2026-08-02 11:43:06 - common.py - WARNING : Failed to read SYSTEM_EXT/etc/build.prop
2026-08-02 11:43:06 - common.py - WARNING : Failed to read SYSTEM_EXT/build.prop
2026-08-02 11:43:06 - common.py - WARNING : Failed to read ODM/etc/build.prop
2026-08-02 11:43:06 - common.py - WARNING : Failed to read ODM/build.prop
2026-08-02 11:43:06 - common.py - WARNING : Failed to read VENDOR_DLKM/etc/build.prop
2026-08-02 11:43:06 - common.py - WARNING : Failed to read VENDOR_DLKM/build.prop
2026-08-02 11:43:06 - common.py - WARNING : Failed to read ODM_DLKM/etc/build.prop
2026-08-02 11:43:06 - common.py - WARNING : Failed to read ODM_DLKM/build.prop
2026-08-02 11:43:06 - common.py - WARNING : Failed to read IMAGES/boot.img
2026-08-02 11:43:06 - common.py - WARNING : Can't find META/ab_partitions.txt
2026-08-02 11:43:10 - common.py - WARNING : Failed to read SYSTEM/etc/build.prop
2026-08-02 11:43:10 - common.py - WARNING : Failed to read VENDOR/etc/build.prop
2026-08-02 11:43:10 - common.py - WARNING : Failed to read VENDOR/build.prop
2026-08-02 11:43:10 - common.py - WARNING : Failed to read PRODUCT/etc/build.prop
2026-08-02 11:43:10 - common.py - WARNING : Failed to read PRODUCT/build.prop
2026-08-02 11:43:10 - common.py - WARNING : Failed to read SYSTEM_EXT/etc/build.prop
2026-08-02 11:43:10 - common.py - WARNING : Failed to read SYSTEM_EXT/build.prop
2026-08-02 11:43:10 - common.py - WARNING : Failed to read ODM/etc/build.prop
2026-08-02 11:43:10 - common.py - WARNING : Failed to read ODM/build.prop
2026-08-02 11:43:10 - common.py - WARNING : Failed to read VENDOR_DLKM/etc/build.prop
2026-08-02 11:43:10 - common.py - WARNING : Failed to read VENDOR_DLKM/build.prop
2026-08-02 11:43:10 - common.py - WARNING : Failed to read ODM_DLKM/etc/build.prop
2026-08-02 11:43:10 - common.py - WARNING : Failed to read ODM_DLKM/build.prop
2026-08-02 11:43:10 - common.py - WARNING : Unable to get boot image build props: Failed to run command '['unpack_bootimg', '--boot_img', '/root/los19/out/target/product/A37/obj/PACKAGING/target_files_intermediates/lineage_A37-target_files-eng.rigaz29/IMAGES/boot.img', '--out', '/root/los19/out/soong/.temp/boot_SK9D2y.img']' (exit code 1):
Traceback (most recent call last):
  File "/root/los19/out/host/linux-x86/bin/unpack_bootimg/internal/stdlib/runpy.py", line 197, in _run_module_as_main
  File "/root/los19/out/host/linux-x86/bin/unpack_bootimg/internal/stdlib/runpy.py", line 87, in _run_code
  File "/root/los19/out/host/linux-x86/bin/unpack_bootimg/__main__.py", line 12, in <module>
  File "/root/los19/out/host/linux-x86/bin/unpack_bootimg/internal/stdlib/runpy.py", line 197, in _run_module_as_main
  File "/root/los19/out/host/linux-x86/bin/unpack_bootimg/internal/stdlib/runpy.py", line 87, in _run_code
  File "/root/los19/out/host/linux-x86/bin/unpack_bootimg/unpack_bootimg.py", line 547, in <module>
  File "/root/los19/out/host/linux-x86/bin/unpack_bootimg/unpack_bootimg.py", line 543, in main
  File "/root/los19/out/host/linux-x86/bin/unpack_bootimg/unpack_bootimg.py", line 474, in unpack_image
  File "/root/los19/out/host/linux-x86/bin/unpack_bootimg/unpack_bootimg.py", line 215, in unpack_boot_image
UnicodeDecodeError: 'utf-8' codec can't decode byte 0x93 in position 0: invalid start byte

2026-08-02 11:43:10 - common.py - WARNING : Can't find META/ab_partitions.txt
2026-08-02 11:43:10 - add_img_to_target_files.py - INFO    : 

++++ boot  ++++


2026-08-02 11:43:10 - common.py - INFO    : using prebuilt boot.img from IMAGES...
2026-08-02 11:43:10 - add_img_to_target_files.py - INFO    : 

++++ recovery  ++++


2026-08-02 11:43:10 - common.py - INFO    : building image from target_files RECOVERY...
2026-08-02 11:43:12 - add_img_to_target_files.py - INFO    : 

++++ recovery (two-step image)  ++++


2026-08-02 11:43:12 - common.py - INFO    : building image from target_files RECOVERY...
2026-08-02 11:43:14 - add_img_to_target_files.py - INFO    : 

++++ system  ++++


2026-08-02 11:43:14 - add_img_to_target_files.py - INFO    : creating system.img...
2026-08-02 11:43:27 - apex_utils.py - INFO    : Skipping /root/los19/out/target/product/A37/obj/PACKAGING/target_files_intermediates/lineage_A37-target_files-eng.rigaz29/SYSTEM/apex/com.android.tethering because it's not a zipfile
2026-08-02 11:43:27 - apex_utils.py - INFO    : Skipping /root/los19/out/target/product/A37/obj/PACKAGING/target_files_intermediates/lineage_A37-target_files-eng.rigaz29/SYSTEM/apex/com.android.art.debug because it's not a zipfile
2026-08-02 11:43:27 - apex_utils.py - INFO    : Skipping /root/los19/out/target/product/A37/obj/PACKAGING/target_files_intermediates/lineage_A37-target_files-eng.rigaz29/SYSTEM/apex/com.android.runtime because it's not a zipfile
2026-08-02 11:43:27 - apex_utils.py - INFO    : Skipping /root/los19/out/target/product/A37/obj/PACKAGING/target_files_intermediates/lineage_A37-target_files-eng.rigaz29/SYSTEM/apex/com.android.mediaprovider because it's not a zipfile
2026-08-02 11:43:27 - apex_utils.py - INFO    : Skipping /root/los19/out/target/product/A37/obj/PACKAGING/target_files_intermediates/lineage_A37-target_files-eng.rigaz29/SYSTEM/apex/com.android.neuralnetworks because it's not a zipfile
2026-08-02 11:43:27 - apex_utils.py - INFO    : Skipping /root/los19/out/target/product/A37/obj/PACKAGING/target_files_intermediates/lineage_A37-target_files-eng.rigaz29/SYSTEM/apex/com.android.media.swcodec because it's not a zipfile
2026-08-02 11:43:27 - apex_utils.py - INFO    : Skipping /root/los19/out/target/product/A37/obj/PACKAGING/target_files_intermediates/lineage_A37-target_files-eng.rigaz29/SYSTEM/apex/com.android.i18n because it's not a zipfile
2026-08-02 11:43:27 - apex_utils.py - INFO    : Skipping /root/los19/out/target/product/A37/obj/PACKAGING/target_files_intermediates/lineage_A37-target_files-eng.rigaz29/SYSTEM/apex/com.android.os.statsd because it's not a zipfile
2026-08-02 11:43:27 - apex_utils.py - INFO    : Skipping /root/los19/out/target/product/A37/obj/PACKAGING/target_files_intermediates/lineage_A37-target_files-eng.rigaz29/SYSTEM/apex/com.android.sdkext because it's not a zipfile
2026-08-02 11:43:27 - apex_utils.py - INFO    : Skipping /root/los19/out/target/product/A37/obj/PACKAGING/target_files_intermediates/lineage_A37-target_files-eng.rigaz29/SYSTEM/apex/com.android.extservices because it's not a zipfile
2026-08-02 11:43:27 - apex_utils.py - INFO    : Skipping /root/los19/out/target/product/A37/obj/PACKAGING/target_files_intermediates/lineage_A37-target_files-eng.rigaz29/SYSTEM/apex/com.android.adbd because it's not a zipfile
2026-08-02 11:43:27 - apex_utils.py - INFO    : Skipping /root/los19/out/target/product/A37/obj/PACKAGING/target_files_intermediates/lineage_A37-target_files-eng.rigaz29/SYSTEM/apex/com.android.scheduling because it's not a zipfile
2026-08-02 11:43:27 - apex_utils.py - INFO    : Skipping /root/los19/out/target/product/A37/obj/PACKAGING/target_files_intermediates/lineage_A37-target_files-eng.rigaz29/SYSTEM/apex/com.android.appsearch because it's not a zipfile
2026-08-02 11:43:27 - apex_utils.py - INFO    : Skipping /root/los19/out/target/product/A37/obj/PACKAGING/target_files_intermediates/lineage_A37-target_files-eng.rigaz29/SYSTEM/apex/com.android.ipsec because it's not a zipfile
2026-08-02 11:43:27 - apex_utils.py - INFO    : Skipping /root/los19/out/target/product/A37/obj/PACKAGING/target_files_intermediates/lineage_A37-target_files-eng.rigaz29/SYSTEM/apex/com.android.wifi because it's not a zipfile
2026-08-02 11:43:27 - apex_utils.py - INFO    : Skipping /root/los19/out/target/product/A37/obj/PACKAGING/target_files_intermediates/lineage_A37-target_files-eng.rigaz29/SYSTEM/apex/com.android.tethering.inprocess because it's not a zipfile
2026-08-02 11:43:27 - apex_utils.py - INFO    : Skipping /root/los19/out/target/product/A37/obj/PACKAGING/target_files_intermediates/lineage_A37-target_files-eng.rigaz29/SYSTEM/apex/com.android.cellbroadcast because it's not a zipfile
2026-08-02 11:43:27 - apex_utils.py - INFO    : Skipping /root/los19/out/target/product/A37/obj/PACKAGING/target_files_intermediates/lineage_A37-target_files-eng.rigaz29/SYSTEM/apex/com.android.resolv because it's not a zipfile
2026-08-02 11:43:27 - apex_utils.py - INFO    : Skipping /root/los19/out/target/product/A37/obj/PACKAGING/target_files_intermediates/lineage_A37-target_files-eng.rigaz29/SYSTEM/apex/com.android.media because it's not a zipfile
2026-08-02 11:43:27 - apex_utils.py - INFO    : Skipping /root/los19/out/target/product/A37/obj/PACKAGING/target_files_intermediates/lineage_A37-target_files-eng.rigaz29/SYSTEM/apex/com.android.tzdata because it's not a zipfile
2026-08-02 11:43:27 - apex_utils.py - INFO    : Skipping /root/los19/out/target/product/A37/obj/PACKAGING/target_files_intermediates/lineage_A37-target_files-eng.rigaz29/SYSTEM/apex/com.android.permission because it's not a zipfile
2026-08-02 11:43:27 - apex_utils.py - INFO    : Skipping /root/los19/out/target/product/A37/obj/PACKAGING/target_files_intermediates/lineage_A37-target_files-eng.rigaz29/SYSTEM/apex/com.android.conscrypt because it's not a zipfile
2026-08-02 11:43:27 - add_img_to_target_files.py - INFO    : 

++++ userdata  ++++


2026-08-02 11:43:27 - add_img_to_target_files.py - INFO    : creating userdata.img...
2026-08-02 11:43:27 - common.py - INFO    :   userdata size (132) is 0.00% of limit (11632902144)
2026-08-02 11:43:27 - add_img_to_target_files.py - INFO    : 

++++ cache  ++++


2026-08-02 11:43:27 - add_img_to_target_files.py - INFO    : creating cache.img...
2026-08-02 11:43:27 - common.py - INFO    :   cache size (129) is 0.00% of limit (126877696)
2026-08-02 11:43:27 - add_img_to_target_files.py - INFO    : 

++++ radio  ++++


2026-08-02 11:43:27 - add_img_to_target_files.py - INFO    : done.
[ 99% 480/481] Package OTA: out/target/product/A37/lineage_A37-ota-eng.rigaz29.zip
2026-08-02 11:43:38 - common.py - WARNING : Failed to read SYSTEM/etc/build.prop
2026-08-02 11:43:38 - common.py - WARNING : Failed to read VENDOR/etc/build.prop
2026-08-02 11:43:38 - common.py - WARNING : Failed to read VENDOR/build.prop
2026-08-02 11:43:38 - common.py - WARNING : Failed to read PRODUCT/etc/build.prop
2026-08-02 11:43:38 - common.py - WARNING : Failed to read PRODUCT/build.prop
2026-08-02 11:43:38 - common.py - WARNING : Failed to read SYSTEM_EXT/etc/build.prop
2026-08-02 11:43:38 - common.py - WARNING : Failed to read SYSTEM_EXT/build.prop
2026-08-02 11:43:38 - common.py - WARNING : Failed to read ODM/etc/build.prop
2026-08-02 11:43:38 - common.py - WARNING : Failed to read ODM/build.prop
2026-08-02 11:43:38 - common.py - WARNING : Failed to read VENDOR_DLKM/etc/build.prop
2026-08-02 11:43:38 - common.py - WARNING : Failed to read VENDOR_DLKM/build.prop
2026-08-02 11:43:38 - common.py - WARNING : Failed to read ODM_DLKM/etc/build.prop
2026-08-02 11:43:38 - common.py - WARNING : Failed to read ODM_DLKM/build.prop
2026-08-02 11:43:39 - common.py - WARNING : Unable to get boot image build props: Failed to run command '['unpack_bootimg', '--boot_img', 'out/target/product/A37/obj/PACKAGING/target_files_intermediates/lineage_A37-target_files-eng.rigaz29/IMAGES/boot.img', '--out', '/root/los19/out/soong/.temp/boot_AGg2xl.img']' (exit code 1):
Traceback (most recent call last):
  File "/root/los19/out/host/linux-x86/bin/unpack_bootimg/internal/stdlib/runpy.py", line 197, in _run_module_as_main
  File "/root/los19/out/host/linux-x86/bin/unpack_bootimg/internal/stdlib/runpy.py", line 87, in _run_code
  File "/root/los19/out/host/linux-x86/bin/unpack_bootimg/__main__.py", line 12, in <module>
  File "/root/los19/out/host/linux-x86/bin/unpack_bootimg/internal/stdlib/runpy.py", line 197, in _run_module_as_main
  File "/root/los19/out/host/linux-x86/bin/unpack_bootimg/internal/stdlib/runpy.py", line 87, in _run_code
  File "/root/los19/out/host/linux-x86/bin/unpack_bootimg/unpack_bootimg.py", line 547, in <module>
  File "/root/los19/out/host/linux-x86/bin/unpack_bootimg/unpack_bootimg.py", line 543, in main
  File "/root/los19/out/host/linux-x86/bin/unpack_bootimg/unpack_bootimg.py", line 474, in unpack_image
  File "/root/los19/out/host/linux-x86/bin/unpack_bootimg/unpack_bootimg.py", line 215, in unpack_boot_image
UnicodeDecodeError: 'utf-8' codec can't decode byte 0x93 in position 0: invalid start byte

2026-08-02 11:43:39 - common.py - WARNING : Can't find META/ab_partitions.txt
2026-08-02 11:43:39 - ota_from_target_files.py - INFO    : --- target info ---
2026-08-02 11:43:39 - common.py - INFO    : allow_non_ab              = (str) true
2026-08-02 11:43:39 - common.py - INFO    : blockimgdiff_versions     = (str) 3,4
2026-08-02 11:43:39 - common.py - INFO    : blocksize                 = (int) 131072
2026-08-02 11:43:39 - common.py - INFO    : boot.build.prop           = (PartitionBuildProps) <common.PartitionBuildProps object at 0x70a4658ad650>
2026-08-02 11:43:39 - common.py - INFO    : boot_images               = (str) boot.img
2026-08-02 11:43:39 - common.py - INFO    : boot_size                 = (int) 33554432
2026-08-02 11:43:39 - common.py - INFO    : build.prop                = (PartitionBuildProps) <common.PartitionBuildProps object at 0x70a46589dd50>
2026-08-02 11:43:39 - common.py - INFO    : building_cache_image      = (str) true
2026-08-02 11:43:39 - common.py - INFO    : building_system_image     = (str) true
2026-08-02 11:43:39 - common.py - INFO    : building_userdata_image   = (str) true
2026-08-02 11:43:39 - common.py - INFO    : cache_fs_type             = (str) ext4
2026-08-02 11:43:39 - common.py - INFO    : cache_selinux_fc          = (str) out/target/product/A37/obj/ETC/file_contexts.bin_intermediates/file_contexts.bin
2026-08-02 11:43:39 - common.py - INFO    : cache_size                = (int) 126877696
2026-08-02 11:43:39 - common.py - INFO    : default_system_dev_certificate = (str) build/make/target/product/security/testkey
2026-08-02 11:43:39 - common.py - INFO    : erofs_sparse_flag         = (str) -s
2026-08-02 11:43:39 - common.py - INFO    : ext_mkuserimg             = (str) mkuserimg_mke2fs
2026-08-02 11:43:39 - common.py - INFO    : extfs_sparse_flag         = (str) -s
2026-08-02 11:43:39 - common.py - INFO    : extra_recovery_keys       = (str) vendor/lineage/build/target/product/security/lineage
2026-08-02 11:43:39 - common.py - INFO    : f2fs_sparse_flag          = (str) -S
2026-08-02 11:43:39 - common.py - INFO    : fs_type                   = (str) ext4
2026-08-02 11:43:39 - common.py - INFO    : fstab                     = (dict) {'none': <common.Partition object at 0x70a46589dcd0>, '/cache': <common.Partition object at 0x70a46589db90>, '/data': <common.Partition object at 0x70a46589db10>, '/system': <common.Partition object at 0x70a46589dad0>, '/persist': <common.Partition object at 0x70a46589dbd0>, '/recovery': <common.Partition object at 0x70a46589dc10>, '/firmware': <common.Partition object at 0x70a46589dc90>, '/boot': <common.Partition object at 0x70a46589db50>, '/misc': <common.Partition object at 0x70a46589dc50>}
2026-08-02 11:43:39 - common.py - INFO    : fstab_version             = (int) 2
2026-08-02 11:43:39 - common.py - INFO    : full_recovery_image       = (str) true
2026-08-02 11:43:39 - common.py - INFO    : lpmake                    = (str) lpmake
2026-08-02 11:43:39 - common.py - INFO    : mkbootimg_args            = (str) --ramdisk_offset 0x01000000 --tags_offset 0x00000100
2026-08-02 11:43:39 - common.py - INFO    : mkbootimg_version_args    = (str) --os_version 12 --os_patch_level 2025-03-05
2026-08-02 11:43:39 - common.py - INFO    : multistage_support        = (str) 1
2026-08-02 11:43:39 - common.py - INFO    : odm.build.prop            = (PartitionBuildProps) <common.PartitionBuildProps object at 0x70a4658ad5d0>
2026-08-02 11:43:39 - common.py - INFO    : odm_dlkm.build.prop       = (PartitionBuildProps) <common.PartitionBuildProps object at 0x70a4658ad790>
2026-08-02 11:43:39 - common.py - INFO    : oem_selinux_fc            = (str) out/target/product/A37/obj/ETC/file_contexts.bin_intermediates/file_contexts.bin
2026-08-02 11:43:39 - common.py - INFO    : ota_override_device       = (str) A37,a37,a37f,A37f,A37fw,a37fw,A37m,a37m,msm8916,msm8939
2026-08-02 11:43:39 - common.py - INFO    : product.build.prop        = (PartitionBuildProps) <common.PartitionBuildProps object at 0x70a46589d8d0>
2026-08-02 11:43:39 - common.py - INFO    : recovery_api_version      = (int) 3
2026-08-02 11:43:39 - common.py - INFO    : recovery_mkbootimg_args   = (str) --ramdisk_offset 0x01000000 --tags_offset 0x00000100
2026-08-02 11:43:39 - common.py - INFO    : recovery_mount_options    = (str) ext4=max_batch_time=0,commit=1,data=ordered,barrier=1,errors=panic,nodelalloc
2026-08-02 11:43:39 - common.py - INFO    : recovery_size             = (int) 33554432
2026-08-02 11:43:39 - common.py - INFO    : root_dir                  = (str) out/target/product/A37/root
2026-08-02 11:43:39 - common.py - INFO    : squashfs_sparse_flag      = (str) -s
2026-08-02 11:43:39 - common.py - INFO    : super_metadata_device     = (str) 
2026-08-02 11:43:39 - common.py - INFO    : system.build.prop         = (PartitionBuildProps) <common.PartitionBuildProps object at 0x70a46589dd50>
2026-08-02 11:43:39 - common.py - INFO    : system_ext.build.prop     = (PartitionBuildProps) <common.PartitionBuildProps object at 0x70a4658ad4d0>
2026-08-02 11:43:39 - common.py - INFO    : system_selinux_fc         = (str) out/target/product/A37/obj/ETC/file_contexts.bin_intermediates/file_contexts.bin
2026-08-02 11:43:39 - common.py - INFO    : system_size               = (int) 2859466752
2026-08-02 11:43:39 - common.py - INFO    : tool_extensions           = (str) device/oppo/A37/../common
2026-08-02 11:43:39 - common.py - INFO    : userdata_selinux_fc       = (str) out/target/product/A37/obj/ETC/file_contexts.bin_intermediates/file_contexts.bin
2026-08-02 11:43:39 - common.py - INFO    : userdata_size             = (int) 11632902144
2026-08-02 11:43:39 - common.py - INFO    : vendor.build.prop         = (PartitionBuildProps) <common.PartitionBuildProps object at 0x70a465e62f90>
2026-08-02 11:43:39 - common.py - INFO    : vendor_dlkm.build.prop    = (PartitionBuildProps) <common.PartitionBuildProps object at 0x70a4658ad690>
2026-08-02 11:43:39 - common.py - INFO    : verity_disable            = (str) true
2026-08-02 11:43:39 - common.py - INFO    : vintf_enforce             = (str) true
2026-08-02 11:43:39 - common.py - INFO    : vintf_include_empty_vendor_sku = (str) true
2026-08-02 11:43:39 - common.py - INFO    : unable to load device-specific module; assuming none
2026-08-02 11:43:39 - sparse_img.py - INFO    : Total of 698112 4096-byte output blocks in 34 input chunks.
2026-08-02 11:43:42 - blockimgdiff.py - INFO    : Finding transfers...
2026-08-02 11:43:48 - blockimgdiff.py - INFO    : Generating digraph...
2026-08-02 11:43:48 - blockimgdiff.py - INFO    : Finding vertex sequence...
2026-08-02 11:43:48 - blockimgdiff.py - INFO    : Reversing backward edges...
2026-08-02 11:43:48 - blockimgdiff.py - INFO    :   0/0 dependencies (0.00%) were violated; 0 source blocks stashed.
2026-08-02 11:43:48 - blockimgdiff.py - INFO    : Improving vertex order...
2026-08-02 11:43:48 - blockimgdiff.py - INFO    : Revising stash size...
2026-08-02 11:43:48 - blockimgdiff.py - INFO    :   Total 0 blocks (0 bytes) are packed as new blocks due to insufficient cache size. Maximum blocks stashed simultaneously: 0
2026-08-02 11:43:48 - blockimgdiff.py - INFO    : Revising stash size...
2026-08-02 11:43:48 - blockimgdiff.py - INFO    :   Total 0 blocks (0 bytes) are packed as new blocks due to insufficient cache size. Maximum blocks stashed simultaneously: 0
2026-08-02 11:43:53 - blockimgdiff.py - INFO    : Reticulating splines...
2026-08-02 11:43:56 - blockimgdiff.py - INFO    : 1319399424 1319399424 (100.00%)     new __DATA 0-273 500-32770 33268-65536 66034-98306 98804-131072 131570-163842 164340-196608 197106-229378 229876-262144 262642-294914 295412-326816 688128
2026-08-02 11:43:56 - blockimgdiff.py - INFO    : max stashed blocks: 0  (0 bytes), limit: 101502156 bytes (0.00%)

2026-08-02 11:43:56 - blockimgdiff.py - INFO    :   Imgdiff Stats Report  
2026-08-02 11:43:56 - blockimgdiff.py - INFO    : ========================

2026-08-02 11:43:56 - common.py - INFO    : using prebuilt recovery.img from IMAGES...
2026-08-02 11:43:56 - common.py - INFO    :   recovery size (18763776) is 55.92% of limit (33554432)
2026-08-02 11:45:22 - common.py - INFO    : using prebuilt boot.img from IMAGES...
2026-08-02 11:45:22 - common.py - INFO    :   boot size (10752000) is 32.04% of limit (33554432)
2026-08-02 11:45:33 - ota_from_target_files.py - INFO    : done.
Compressing system.new.dat with brotli
[100% 481/481] build bacon
Package Complete: out/target/product/A37/lineage-19.1-20260802-UNOFFICIAL-rigaz29-A37.zip

[0;32m#### build completed successfully (07:43 (mm:ss)) ####[00m

=== BUILD SELESAI rc=0 ===
-rw-r--r-- 1 root root  11M Aug  2 11:42 out/target/product/A37/boot.img
-rw-r--r-- 4 root root 566M Aug  2 11:45 out/target/product/A37/lineage-19.1-20260802-UNOFFICIAL-rigaz29-A37.zip
Sun Aug  2 11:45:36 UTC 2026
