=== kernel HEAD (harus b722472) ===
b722472f536 dts: msm8916: add first_stage_mount to the system fstab entry
41:                                         fsmgr_flags = "wait,first_stage_mount";
=== lunch + build (set +eu selama mka, seperti build.sh) ===
[W][2026-08-02T05:53:36+0000][618128] void cmdline::logParams(nsjconf_t *)():250 Process will be UID/EUID=0 in the global user namespace, and will have user root-level access to files
[W][2026-08-02T05:53:36+0000][618128] void cmdline::logParams(nsjconf_t *)():260 Process will be GID/EGID=0 in the global user namespace, and will have group root-level access to files
[1mdevice/oppo/A37/BoardConfig.mk:214: [35mwarning: [0m[1mBOARD_PLAT_PRIVATE_SEPOLICY_DIR has been deprecated. Use SYSTEM_EXT_PRIVATE_SEPOLICY_DIRS instead.[0m
Trying dependencies-only mode on a non-existing device tree?
[W][2026-08-02T05:53:37+0000][618238] void cmdline::logParams(nsjconf_t *)():250 Process will be UID/EUID=0 in the global user namespace, and will have user root-level access to files
[W][2026-08-02T05:53:37+0000][618238] void cmdline::logParams(nsjconf_t *)():260 Process will be GID/EGID=0 in the global user namespace, and will have group root-level access to files
[1mdevice/oppo/A37/BoardConfig.mk:214: [35mwarning: [0m[1mBOARD_PLAT_PRIVATE_SEPOLICY_DIR has been deprecated. Use SYSTEM_EXT_PRIVATE_SEPOLICY_DIRS instead.[0m

============================================
PLATFORM_VERSION_CODENAME=REL
PLATFORM_VERSION=12
LINEAGE_VERSION=19.1-20260802-UNOFFICIAL-rigaz29-A37
TARGET_PRODUCT=lineage_A37
TARGET_BUILD_VARIANT=eng
TARGET_BUILD_TYPE=release
TARGET_ARCH=arm
TARGET_ARCH_VARIANT=armv8-a
TARGET_CPU_VARIANT=cortex-a53
HOST_ARCH=x86_64
HOST_2ND_ARCH=x86
HOST_OS=linux
HOST_OS_EXTRA=Linux-6.8.0-136-generic-x86_64-Ubuntu-24.04.4-LTS
HOST_CROSS_OS=windows
HOST_CROSS_ARCH=x86
HOST_CROSS_2ND_ARCH=x86_64
HOST_BUILD_TYPE=release
BUILD_ID=SQ3A.220705.004
OUT_DIR=out
PRODUCT_SOONG_NAMESPACES=hardware/qcom-caf/msm8916 vendor/qcom/opensource/data-ipa-cfg-mgr vendor/qcom/opensource/dataservices packages/apps/Bluetooth
WITH_GMS=true
============================================
TOP=
05:53:38 ************************************************************
05:53:38 You are building on a machine with 11.7GB of RAM
05:53:38 
05:53:38 The minimum required amount of free memory is around 16GB,
05:53:38 and even with that, some configurations may not work.
05:53:38 
05:53:38 If you run into segfaults or other errors, try reducing your
05:53:38 -j value.
05:53:38 ************************************************************
[W][2026-08-02T05:53:39+0000][618421] void cmdline::logParams(nsjconf_t *)():250 Process will be UID/EUID=0 in the global user namespace, and will have user root-level access to files
[W][2026-08-02T05:53:39+0000][618421] void cmdline::logParams(nsjconf_t *)():260 Process will be GID/EGID=0 in the global user namespace, and will have group root-level access to files
[1mdevice/oppo/A37/BoardConfig.mk:214: [35mwarning: [0m[1mBOARD_PLAT_PRIVATE_SEPOLICY_DIR has been deprecated. Use SYSTEM_EXT_PRIVATE_SEPOLICY_DIRS instead.[0m
[1mbuild/make/core/soong_config.mk:199: [35mwarning: [0m[1mBOARD_PLAT_PUBLIC_SEPOLICY_DIR has been deprecated. Use SYSTEM_EXT_PUBLIC_SEPOLICY_DIRS instead.[0m
[1mbuild/make/core/soong_config.mk:200: [35mwarning: [0m[1mBOARD_PLAT_PRIVATE_SEPOLICY_DIR has been deprecated. Use SYSTEM_EXT_PRIVATE_SEPOLICY_DIRS instead.[0m
============================================
PLATFORM_VERSION_CODENAME=REL
PLATFORM_VERSION=12
LINEAGE_VERSION=19.1-20260802-UNOFFICIAL-rigaz29-A37
TARGET_PRODUCT=lineage_A37
TARGET_BUILD_VARIANT=eng
TARGET_BUILD_TYPE=release
TARGET_ARCH=arm
TARGET_ARCH_VARIANT=armv8-a
TARGET_CPU_VARIANT=cortex-a53
HOST_ARCH=x86_64
HOST_2ND_ARCH=x86
HOST_OS=linux
HOST_OS_EXTRA=Linux-6.8.0-136-generic-x86_64-Ubuntu-24.04.4-LTS
HOST_CROSS_OS=windows
HOST_CROSS_ARCH=x86
HOST_CROSS_2ND_ARCH=x86_64
HOST_BUILD_TYPE=release
BUILD_ID=SQ3A.220705.004
OUT_DIR=out
PRODUCT_SOONG_NAMESPACES=hardware/qcom-caf/msm8916 vendor/qcom/opensource/data-ipa-cfg-mgr vendor/qcom/opensource/dataservices packages/apps/Bluetooth
WITH_GMS=true
============================================
[W][2026-08-02T05:53:40+0000][618511] void cmdline::logParams(nsjconf_t *)():250 Process will be UID/EUID=0 in the global user namespace, and will have user root-level access to files
[W][2026-08-02T05:53:40+0000][618511] void cmdline::logParams(nsjconf_t *)():260 Process will be GID/EGID=0 in the global user namespace, and will have group root-level access to files
ninja: no work to do.
[W][2026-08-02T05:53:40+0000][618562] void cmdline::logParams(nsjconf_t *)():250 Process will be UID/EUID=0 in the global user namespace, and will have user root-level access to files
[W][2026-08-02T05:53:40+0000][618562] void cmdline::logParams(nsjconf_t *)():260 Process will be GID/EGID=0 in the global user namespace, and will have group root-level access to files
No need to regenerate ninja file
[W][2026-08-02T05:53:41+0000][618618] void cmdline::logParams(nsjconf_t *)():250 Process will be UID/EUID=0 in the global user namespace, and will have user root-level access to files
[W][2026-08-02T05:53:41+0000][618618] void cmdline::logParams(nsjconf_t *)():260 Process will be GID/EGID=0 in the global user namespace, and will have group root-level access to files
No need to regenerate ninja file
[W][2026-08-02T05:53:42+0000][618806] void cmdline::logParams(nsjconf_t *)():250 Process will be UID/EUID=0 in the global user namespace, and will have user root-level access to files
[W][2026-08-02T05:53:42+0000][618806] void cmdline::logParams(nsjconf_t *)():260 Process will be GID/EGID=0 in the global user namespace, and will have group root-level access to files
No need to regenerate ninja file
Starting ninja...
[W][2026-08-02T05:53:42+0000][618821] void cmdline::logParams(nsjconf_t *)():250 Process will be UID/EUID=0 in the global user namespace, and will have user root-level access to files
[W][2026-08-02T05:53:42+0000][618821] void cmdline::logParams(nsjconf_t *)():260 Process will be GID/EGID=0 in the global user namespace, and will have group root-level access to files
[ 11% 1/9] Building Kernel Config
make: Entering directory '/root/los19/kernel/oppo/msm8939'
  GEN     /root/los19/out/target/product/A37/obj/KERNEL_OBJ/Makefile
#
# configuration written to .config
#
make: Leaving directory '/root/los19/kernel/oppo/msm8939'
[ 22% 2/9] Building Kernel Image (Image)
make: Entering directory '/root/los19/kernel/oppo/msm8939'
  GEN     /root/los19/out/target/product/A37/obj/KERNEL_OBJ/Makefile
scripts/kconfig/conf --silentoldconfig Kconfig
  GEN     /root/los19/out/target/product/A37/obj/KERNEL_OBJ/Makefile
  CHK     include/generated/uapi/linux/version.h
  CC      scripts/mod/empty.o
  CC      scripts/mod/devicetable-offsets.s
  MKELF   scripts/mod/elfconfig.h
  HOSTCC  scripts/mod/modpost.o
  HOSTCC  scripts/mod/sumversion.o
  GEN     scripts/mod/devicetable-offsets.h
  HOSTCC  scripts/mod/file2alias.o
clang-12: warning: argument unused during compilation: '-fuse-ld=lld' [-Wunused-command-line-argument]
clang-12: warning: argument unused during compilation: '-fuse-ld=lld' [-Wunused-command-line-argument]
clang-12: warning: argument unused during compilation: '-fuse-ld=lld' [-Wunused-command-line-argument]
/root/los19/kernel/oppo/msm8939/scripts/mod/file2alias.c:374:1: warning: adding 'unsigned long' to a string does not append to the string [-Wstring-plus-int]
ADD_TO_DEVTABLE("hid", hid_device_id, do_hid_entry);
^~~~~~~~~~~~~~~~~~~~~~~~~~~~~~~~~~~~~~~~~~~~~~~~~~~
/root/los19/kernel/oppo/msm8939/scripts/mod/file2alias.c:103:13: note: expanded from macro 'ADD_TO_DEVTABLE'
                device_id + 0*sizeof((function)((const char *)NULL,     \
                ~~~~~~~~~~^~~~~~~~~~~~~~~~~~~~~~~~~~~~~~~~~~~~~~~~~~~~~~~
/root/los19/kernel/oppo/msm8939/scripts/mod/file2alias.c:374:1: note: use array indexing to silence this warning
/root/los19/kernel/oppo/msm8939/scripts/mod/file2alias.c:103:13: note: expanded from macro 'ADD_TO_DEVTABLE'
                device_id + 0*sizeof((function)((const char *)NULL,     \
                          ^
/root/los19/kernel/oppo/msm8939/scripts/mod/file2alias.c:399:1: warning: adding 'unsigned long' to a string does not append to the string [-Wstring-plus-int]
ADD_TO_DEVTABLE("ieee1394", ieee1394_device_id, do_ieee1394_entry);
^~~~~~~~~~~~~~~~~~~~~~~~~~~~~~~~~~~~~~~~~~~~~~~~~~~~~~~~~~~~~~~~~~
/root/los19/kernel/oppo/msm8939/scripts/mod/file2alias.c:103:13: note: expanded from macro 'ADD_TO_DEVTABLE'
                device_id + 0*sizeof((function)((const char *)NULL,     \
                ~~~~~~~~~~^~~~~~~~~~~~~~~~~~~~~~~~~~~~~~~~~~~~~~~~~~~~~~~
/root/los19/kernel/oppo/msm8939/scripts/mod/file2alias.c:399:1: note: use array indexing to silence this warning
/root/los19/kernel/oppo/msm8939/scripts/mod/file2alias.c:103:13: note: expanded from macro 'ADD_TO_DEVTABLE'
                device_id + 0*sizeof((function)((const char *)NULL,     \
                          ^
/root/los19/kernel/oppo/msm8939/scripts/mod/file2alias.c:443:1: warning: adding 'unsigned long' to a string does not append to the string [-Wstring-plus-int]
ADD_TO_DEVTABLE("pci", pci_device_id, do_pci_entry);
^~~~~~~~~~~~~~~~~~~~~~~~~~~~~~~~~~~~~~~~~~~~~~~~~~~
/root/los19/kernel/oppo/msm8939/scripts/mod/file2alias.c:103:13: note: expanded from macro 'ADD_TO_DEVTABLE'
                device_id + 0*sizeof((function)((const char *)NULL,     \
                ~~~~~~~~~~^~~~~~~~~~~~~~~~~~~~~~~~~~~~~~~~~~~~~~~~~~~~~~~
/root/los19/kernel/oppo/msm8939/scripts/mod/file2alias.c:443:1: note: use array indexing to silence this warning
/root/los19/kernel/oppo/msm8939/scripts/mod/file2alias.c:103:13: note: expanded from macro 'ADD_TO_DEVTABLE'
                device_id + 0*sizeof((function)((const char *)NULL,     \
                          ^
/root/los19/kernel/oppo/msm8939/scripts/mod/file2alias.c:467:1: warning: adding 'unsigned long' to a string does not append to the string [-Wstring-plus-int]
ADD_TO_DEVTABLE("ccw", ccw_device_id, do_ccw_entry);
^~~~~~~~~~~~~~~~~~~~~~~~~~~~~~~~~~~~~~~~~~~~~~~~~~~
/root/los19/kernel/oppo/msm8939/scripts/mod/file2alias.c:103:13: note: expanded from macro 'ADD_TO_DEVTABLE'
                device_id + 0*sizeof((function)((const char *)NULL,     \
                ~~~~~~~~~~^~~~~~~~~~~~~~~~~~~~~~~~~~~~~~~~~~~~~~~~~~~~~~~
/root/los19/kernel/oppo/msm8939/scripts/mod/file2alias.c:467:1: note: use array indexing to silence this warning
/root/los19/kernel/oppo/msm8939/scripts/mod/file2alias.c:103:13: note: expanded from macro 'ADD_TO_DEVTABLE'
                device_id + 0*sizeof((function)((const char *)NULL,     \
                          ^
/root/los19/kernel/oppo/msm8939/scripts/mod/file2alias.c:478:1: warning: adding 'unsigned long' to a string does not append to the string [-Wstring-plus-int]
ADD_TO_DEVTABLE("ap", ap_device_id, do_ap_entry);
^~~~~~~~~~~~~~~~~~~~~~~~~~~~~~~~~~~~~~~~~~~~~~~~
/root/los19/kernel/oppo/msm8939/scripts/mod/file2alias.c:103:13: note: expanded from macro 'ADD_TO_DEVTABLE'
                device_id + 0*sizeof((function)((const char *)NULL,     \
                ~~~~~~~~~~^~~~~~~~~~~~~~~~~~~~~~~~~~~~~~~~~~~~~~~~~~~~~~~
/root/los19/kernel/oppo/msm8939/scripts/mod/file2alias.c:478:1: note: use array indexing to silence this warning
/root/los19/kernel/oppo/msm8939/scripts/mod/file2alias.c:103:13: note: expanded from macro 'ADD_TO_DEVTABLE'
                device_id + 0*sizeof((function)((const char *)NULL,     \
                          ^
/root/los19/kernel/oppo/msm8939/scripts/mod/file2alias.c:489:1: warning: adding 'unsigned long' to a string does not append to the string [-Wstring-plus-int]
ADD_TO_DEVTABLE("css", css_device_id, do_css_entry);
^~~~~~~~~~~~~~~~~~~~~~~~~~~~~~~~~~~~~~~~~~~~~~~~~~~
/root/los19/kernel/oppo/msm8939/scripts/mod/file2alias.c:103:13: note: expanded from macro 'ADD_TO_DEVTABLE'
                device_id + 0*sizeof((function)((const char *)NULL,     \
                ~~~~~~~~~~^~~~~~~~~~~~~~~~~~~~~~~~~~~~~~~~~~~~~~~~~~~~~~~
/root/los19/kernel/oppo/msm8939/scripts/mod/file2alias.c:489:1: note: use array indexing to silence this warning
/root/los19/kernel/oppo/msm8939/scripts/mod/file2alias.c:103:13: note: expanded from macro 'ADD_TO_DEVTABLE'
                device_id + 0*sizeof((function)((const char *)NULL,     \
                          ^
/root/los19/kernel/oppo/msm8939/scripts/mod/file2alias.c:509:1: warning: adding 'unsigned long' to a string does not append to the string [-Wstring-plus-int]
ADD_TO_DEVTABLE("serio", serio_device_id, do_serio_entry);
^~~~~~~~~~~~~~~~~~~~~~~~~~~~~~~~~~~~~~~~~~~~~~~~~~~~~~~~~
/root/los19/kernel/oppo/msm8939/scripts/mod/file2alias.c:103:13: note: expanded from macro 'ADD_TO_DEVTABLE'
                device_id + 0*sizeof((function)((const char *)NULL,     \
                ~~~~~~~~~~^~~~~~~~~~~~~~~~~~~~~~~~~~~~~~~~~~~~~~~~~~~~~~~
/root/los19/kernel/oppo/msm8939/scripts/mod/file2alias.c:509:1: note: use array indexing to silence this warning
/root/los19/kernel/oppo/msm8939/scripts/mod/file2alias.c:103:13: note: expanded from macro 'ADD_TO_DEVTABLE'
                device_id + 0*sizeof((function)((const char *)NULL,     \
                          ^
/root/los19/kernel/oppo/msm8939/scripts/mod/file2alias.c:519:1: warning: adding 'unsigned long' to a string does not append to the string [-Wstring-plus-int]
ADD_TO_DEVTABLE("acpi", acpi_device_id, do_acpi_entry);
^~~~~~~~~~~~~~~~~~~~~~~~~~~~~~~~~~~~~~~~~~~~~~~~~~~~~~
/root/los19/kernel/oppo/msm8939/scripts/mod/file2alias.c:103:13: note: expanded from macro 'ADD_TO_DEVTABLE'
                device_id + 0*sizeof((function)((const char *)NULL,     \
                ~~~~~~~~~~^~~~~~~~~~~~~~~~~~~~~~~~~~~~~~~~~~~~~~~~~~~~~~~
/root/los19/kernel/oppo/msm8939/scripts/mod/file2alias.c:519:1: note: use array indexing to silence this warning
/root/los19/kernel/oppo/msm8939/scripts/mod/file2alias.c:103:13: note: expanded from macro 'ADD_TO_DEVTABLE'
                device_id + 0*sizeof((function)((const char *)NULL,     \
                          ^
/root/los19/kernel/oppo/msm8939/scripts/mod/file2alias.c:640:1: warning: adding 'unsigned long' to a string does not append to the string [-Wstring-plus-int]
ADD_TO_DEVTABLE("pcmcia", pcmcia_device_id, do_pcmcia_entry);
^~~~~~~~~~~~~~~~~~~~~~~~~~~~~~~~~~~~~~~~~~~~~~~~~~~~~~~~~~~~
/root/los19/kernel/oppo/msm8939/scripts/mod/file2alias.c:103:13: note: expanded from macro 'ADD_TO_DEVTABLE'
                device_id + 0*sizeof((function)((const char *)NULL,     \
                ~~~~~~~~~~^~~~~~~~~~~~~~~~~~~~~~~~~~~~~~~~~~~~~~~~~~~~~~~
/root/los19/kernel/oppo/msm8939/scripts/mod/file2alias.c:640:1: note: use array indexing to silence this warning
/root/los19/kernel/oppo/msm8939/scripts/mod/file2alias.c:103:13: note: expanded from macro 'ADD_TO_DEVTABLE'
                device_id + 0*sizeof((function)((const char *)NULL,     \
                          ^
/root/los19/kernel/oppo/msm8939/scripts/mod/file2alias.c:667:1: warning: adding 'unsigned long' to a string does not append to the string [-Wstring-plus-int]
ADD_TO_DEVTABLE("of", of_device_id, do_of_entry);
^~~~~~~~~~~~~~~~~~~~~~~~~~~~~~~~~~~~~~~~~~~~~~~~
/root/los19/kernel/oppo/msm8939/scripts/mod/file2alias.c:103:13: note: expanded from macro 'ADD_TO_DEVTABLE'
                device_id + 0*sizeof((function)((const char *)NULL,     \
                ~~~~~~~~~~^~~~~~~~~~~~~~~~~~~~~~~~~~~~~~~~~~~~~~~~~~~~~~~
/root/los19/kernel/oppo/msm8939/scripts/mod/file2alias.c:667:1: note: use array indexing to silence this warning
/root/los19/kernel/oppo/msm8939/scripts/mod/file2alias.c:103:13: note: expanded from macro 'ADD_TO_DEVTABLE'
                device_id + 0*sizeof((function)((const char *)NULL,     \
                          ^
/root/los19/kernel/oppo/msm8939/scripts/mod/file2alias.c:687:1: warning: adding 'unsigned long' to a string does not append to the string [-Wstring-plus-int]
ADD_TO_DEVTABLE("vio", vio_device_id, do_vio_entry);
^~~~~~~~~~~~~~~~~~~~~~~~~~~~~~~~~~~~~~~~~~~~~~~~~~~
/root/los19/kernel/oppo/msm8939/scripts/mod/file2alias.c:103:13: note: expanded from macro 'ADD_TO_DEVTABLE'
                device_id + 0*sizeof((function)((const char *)NULL,     \
                ~~~~~~~~~~^~~~~~~~~~~~~~~~~~~~~~~~~~~~~~~~~~~~~~~~~~~~~~~
/root/los19/kernel/oppo/msm8939/scripts/mod/file2alias.c:687:1: note: use array indexing to silence this warning
/root/los19/kernel/oppo/msm8939/scripts/mod/file2alias.c:103:13: note: expanded from macro 'ADD_TO_DEVTABLE'
                device_id + 0*sizeof((function)((const char *)NULL,     \
                          ^
/root/los19/kernel/oppo/msm8939/scripts/mod/file2alias.c:760:1: warning: adding 'unsigned long' to a string does not append to the string [-Wstring-plus-int]
ADD_TO_DEVTABLE("input", input_device_id, do_input_entry);
^~~~~~~~~~~~~~~~~~~~~~~~~~~~~~~~~~~~~~~~~~~~~~~~~~~~~~~~~
/root/los19/kernel/oppo/msm8939/scripts/mod/file2alias.c:103:13: note: expanded from macro 'ADD_TO_DEVTABLE'
                device_id + 0*sizeof((function)((const char *)NULL,     \
                ~~~~~~~~~~^~~~~~~~~~~~~~~~~~~~~~~~~~~~~~~~~~~~~~~~~~~~~~~
/root/los19/kernel/oppo/msm8939/scripts/mod/file2alias.c:760:1: note: use array indexing to silence this warning
/root/los19/kernel/oppo/msm8939/scripts/mod/file2alias.c:103:13: note: expanded from macro 'ADD_TO_DEVTABLE'
                device_id + 0*sizeof((function)((const char *)NULL,     \
                          ^
/root/los19/kernel/oppo/msm8939/scripts/mod/file2alias.c:772:1: warning: adding 'unsigned long' to a string does not append to the string [-Wstring-plus-int]
ADD_TO_DEVTABLE("eisa", eisa_device_id, do_eisa_entry);
^~~~~~~~~~~~~~~~~~~~~~~~~~~~~~~~~~~~~~~~~~~~~~~~~~~~~~
/root/los19/kernel/oppo/msm8939/scripts/mod/file2alias.c:103:13: note: expanded from macro 'ADD_TO_DEVTABLE'
                device_id + 0*sizeof((function)((const char *)NULL,     \
                ~~~~~~~~~~^~~~~~~~~~~~~~~~~~~~~~~~~~~~~~~~~~~~~~~~~~~~~~~
/root/los19/kernel/oppo/msm8939/scripts/mod/file2alias.c:772:1: note: use array indexing to silence this warning
/root/los19/kernel/oppo/msm8939/scripts/mod/file2alias.c:103:13: note: expanded from macro 'ADD_TO_DEVTABLE'
                device_id + 0*sizeof((function)((const char *)NULL,     \
                          ^
/root/los19/kernel/oppo/msm8939/scripts/mod/file2alias.c:792:1: warning: adding 'unsigned long' to a string does not append to the string [-Wstring-plus-int]
ADD_TO_DEVTABLE("parisc", parisc_device_id, do_parisc_entry);
^~~~~~~~~~~~~~~~~~~~~~~~~~~~~~~~~~~~~~~~~~~~~~~~~~~~~~~~~~~~
/root/los19/kernel/oppo/msm8939/scripts/mod/file2alias.c:103:13: note: expanded from macro 'ADD_TO_DEVTABLE'
                device_id + 0*sizeof((function)((const char *)NULL,     \
                ~~~~~~~~~~^~~~~~~~~~~~~~~~~~~~~~~~~~~~~~~~~~~~~~~~~~~~~~~
/root/los19/kernel/oppo/msm8939/scripts/mod/file2alias.c:792:1: note: use array indexing to silence this warning
/root/los19/kernel/oppo/msm8939/scripts/mod/file2alias.c:103:13: note: expanded from macro 'ADD_TO_DEVTABLE'
                device_id + 0*sizeof((function)((const char *)NULL,     \
                          ^
/root/los19/kernel/oppo/msm8939/scripts/mod/file2alias.c:809:1: warning: adding 'unsigned long' to a string does not append to the string [-Wstring-plus-int]
ADD_TO_DEVTABLE("sdio", sdio_device_id, do_sdio_entry);
^~~~~~~~~~~~~~~~~~~~~~~~~~~~~~~~~~~~~~~~~~~~~~~~~~~~~~
/root/los19/kernel/oppo/msm8939/scripts/mod/file2alias.c:103:13: note: expanded from macro 'ADD_TO_DEVTABLE'
                device_id + 0*sizeof((function)((const char *)NULL,     \
                ~~~~~~~~~~^~~~~~~~~~~~~~~~~~~~~~~~~~~~~~~~~~~~~~~~~~~~~~~
/root/los19/kernel/oppo/msm8939/scripts/mod/file2alias.c:809:1: note: use array indexing to silence this warning
/root/los19/kernel/oppo/msm8939/scripts/mod/file2alias.c:103:13: note: expanded from macro 'ADD_TO_DEVTABLE'
                device_id + 0*sizeof((function)((const char *)NULL,     \
                          ^
/root/los19/kernel/oppo/msm8939/scripts/mod/file2alias.c:826:1: warning: adding 'unsigned long' to a string does not append to the string [-Wstring-plus-int]
ADD_TO_DEVTABLE("ssb", ssb_device_id, do_ssb_entry);
^~~~~~~~~~~~~~~~~~~~~~~~~~~~~~~~~~~~~~~~~~~~~~~~~~~
/root/los19/kernel/oppo/msm8939/scripts/mod/file2alias.c:103:13: note: expanded from macro 'ADD_TO_DEVTABLE'
                device_id + 0*sizeof((function)((const char *)NULL,     \
                ~~~~~~~~~~^~~~~~~~~~~~~~~~~~~~~~~~~~~~~~~~~~~~~~~~~~~~~~~
/root/los19/kernel/oppo/msm8939/scripts/mod/file2alias.c:826:1: note: use array indexing to silence this warning
/root/los19/kernel/oppo/msm8939/scripts/mod/file2alias.c:103:13: note: expanded from macro 'ADD_TO_DEVTABLE'
                device_id + 0*sizeof((function)((const char *)NULL,     \
                          ^
/root/los19/kernel/oppo/msm8939/scripts/mod/file2alias.c:845:1: warning: adding 'unsigned long' to a string does not append to the string [-Wstring-plus-int]
ADD_TO_DEVTABLE("bcma", bcma_device_id, do_bcma_entry);
^~~~~~~~~~~~~~~~~~~~~~~~~~~~~~~~~~~~~~~~~~~~~~~~~~~~~~
/root/los19/kernel/oppo/msm8939/scripts/mod/file2alias.c:103:13: note: expanded from macro 'ADD_TO_DEVTABLE'
                device_id + 0*sizeof((function)((const char *)NULL,     \
                ~~~~~~~~~~^~~~~~~~~~~~~~~~~~~~~~~~~~~~~~~~~~~~~~~~~~~~~~~
/root/los19/kernel/oppo/msm8939/scripts/mod/file2alias.c:845:1: note: use array indexing to silence this warning
/root/los19/kernel/oppo/msm8939/scripts/mod/file2alias.c:103:13: note: expanded from macro 'ADD_TO_DEVTABLE'
                device_id + 0*sizeof((function)((const char *)NULL,     \
                          ^
/root/los19/kernel/oppo/msm8939/scripts/mod/file2alias.c:861:1: warning: adding 'unsigned long' to a string does not append to the string [-Wstring-plus-int]
ADD_TO_DEVTABLE("virtio", virtio_device_id, do_virtio_entry);
^~~~~~~~~~~~~~~~~~~~~~~~~~~~~~~~~~~~~~~~~~~~~~~~~~~~~~~~~~~~
/root/los19/kernel/oppo/msm8939/scripts/mod/file2alias.c:103:13: note: expanded from macro 'ADD_TO_DEVTABLE'
                device_id + 0*sizeof((function)((const char *)NULL,     \
                ~~~~~~~~~~^~~~~~~~~~~~~~~~~~~~~~~~~~~~~~~~~~~~~~~~~~~~~~~
/root/los19/kernel/oppo/msm8939/scripts/mod/file2alias.c:861:1: note: use array indexing to silence this warning
/root/los19/kernel/oppo/msm8939/scripts/mod/file2alias.c:103:13: note: expanded from macro 'ADD_TO_DEVTABLE'
                device_id + 0*sizeof((function)((const char *)NULL,     \
                          ^
/root/los19/kernel/oppo/msm8939/scripts/mod/file2alias.c:884:1: warning: adding 'unsigned long' to a string does not append to the string [-Wstring-plus-int]
ADD_TO_DEVTABLE("vmbus", hv_vmbus_device_id, do_vmbus_entry);
^~~~~~~~~~~~~~~~~~~~~~~~~~~~~~~~~~~~~~~~~~~~~~~~~~~~~~~~~~~~
/root/los19/kernel/oppo/msm8939/scripts/mod/file2alias.c:103:13: note: expanded from macro 'ADD_TO_DEVTABLE'
                device_id + 0*sizeof((function)((const char *)NULL,     \
                ~~~~~~~~~~^~~~~~~~~~~~~~~~~~~~~~~~~~~~~~~~~~~~~~~~~~~~~~~
/root/los19/kernel/oppo/msm8939/scripts/mod/file2alias.c:884:1: note: use array indexing to silence this warning
/root/los19/kernel/oppo/msm8939/scripts/mod/file2alias.c:103:13: note: expanded from macro 'ADD_TO_DEVTABLE'
                device_id + 0*sizeof((function)((const char *)NULL,     \
                          ^
/root/los19/kernel/oppo/msm8939/scripts/mod/file2alias.c:895:1: warning: adding 'unsigned long' to a string does not append to the string [-Wstring-plus-int]
ADD_TO_DEVTABLE("i2c", i2c_device_id, do_i2c_entry);
^~~~~~~~~~~~~~~~~~~~~~~~~~~~~~~~~~~~~~~~~~~~~~~~~~~
/root/los19/kernel/oppo/msm8939/scripts/mod/file2alias.c:103:13: note: expanded from macro 'ADD_TO_DEVTABLE'
                device_id + 0*sizeof((function)((const char *)NULL,     \
                ~~~~~~~~~~^~~~~~~~~~~~~~~~~~~~~~~~~~~~~~~~~~~~~~~~~~~~~~~
/root/los19/kernel/oppo/msm8939/scripts/mod/file2alias.c:895:1: note: use array indexing to silence this warning
/root/los19/kernel/oppo/msm8939/scripts/mod/file2alias.c:103:13: note: expanded from macro 'ADD_TO_DEVTABLE'
                device_id + 0*sizeof((function)((const char *)NULL,     \
                          ^
/root/los19/kernel/oppo/msm8939/scripts/mod/file2alias.c:906:1: warning: adding 'unsigned long' to a string does not append to the string [-Wstring-plus-int]
ADD_TO_DEVTABLE("spi", spi_device_id, do_spi_entry);
^~~~~~~~~~~~~~~~~~~~~~~~~~~~~~~~~~~~~~~~~~~~~~~~~~~
/root/los19/kernel/oppo/msm8939/scripts/mod/file2alias.c:103:13: note: expanded from macro 'ADD_TO_DEVTABLE'
                device_id + 0*sizeof((function)((const char *)NULL,     \
                ~~~~~~~~~~^~~~~~~~~~~~~~~~~~~~~~~~~~~~~~~~~~~~~~~~~~~~~~~
/root/los19/kernel/oppo/msm8939/scripts/mod/file2alias.c:906:1: note: use array indexing to silence this warning
/root/los19/kernel/oppo/msm8939/scripts/mod/file2alias.c:103:13: note: expanded from macro 'ADD_TO_DEVTABLE'
                device_id + 0*sizeof((function)((const char *)NULL,     \
                          ^
/root/los19/kernel/oppo/msm8939/scripts/mod/file2alias.c:961:1: warning: adding 'unsigned long' to a string does not append to the string [-Wstring-plus-int]
ADD_TO_DEVTABLE("dmi", dmi_system_id, do_dmi_entry);
^~~~~~~~~~~~~~~~~~~~~~~~~~~~~~~~~~~~~~~~~~~~~~~~~~~
/root/los19/kernel/oppo/msm8939/scripts/mod/file2alias.c:103:13: note: expanded from macro 'ADD_TO_DEVTABLE'
                device_id + 0*sizeof((function)((const char *)NULL,     \
                ~~~~~~~~~~^~~~~~~~~~~~~~~~~~~~~~~~~~~~~~~~~~~~~~~~~~~~~~~
/root/los19/kernel/oppo/msm8939/scripts/mod/file2alias.c:961:1: note: use array indexing to silence this warning
/root/los19/kernel/oppo/msm8939/scripts/mod/file2alias.c:103:13: note: expanded from macro 'ADD_TO_DEVTABLE'
                device_id + 0*sizeof((function)((const char *)NULL,     \
                          ^
/root/los19/kernel/oppo/msm8939/scripts/mod/file2alias.c:970:1: warning: adding 'unsigned long' to a string does not append to the string [-Wstring-plus-int]
ADD_TO_DEVTABLE("platform", platform_device_id, do_platform_entry);
^~~~~~~~~~~~~~~~~~~~~~~~~~~~~~~~~~~~~~~~~~~~~~~~~~~~~~~~~~~~~~~~~~
/root/los19/kernel/oppo/msm8939/scripts/mod/file2alias.c:103:13: note: expanded from macro 'ADD_TO_DEVTABLE'
                device_id + 0*sizeof((function)((const char *)NULL,     \
                ~~~~~~~~~~^~~~~~~~~~~~~~~~~~~~~~~~~~~~~~~~~~~~~~~~~~~~~~~
/root/los19/kernel/oppo/msm8939/scripts/mod/file2alias.c:970:1: note: use array indexing to silence this warning
/root/los19/kernel/oppo/msm8939/scripts/mod/file2alias.c:103:13: note: expanded from macro 'ADD_TO_DEVTABLE'
                device_id + 0*sizeof((function)((const char *)NULL,     \
                          ^
/root/los19/kernel/oppo/msm8939/scripts/mod/file2alias.c:995:1: warning: adding 'unsigned long' to a string does not append to the string [-Wstring-plus-int]
ADD_TO_DEVTABLE("mdio", mdio_device_id, do_mdio_entry);
^~~~~~~~~~~~~~~~~~~~~~~~~~~~~~~~~~~~~~~~~~~~~~~~~~~~~~
/root/los19/kernel/oppo/msm8939/scripts/mod/file2alias.c:103:13: note: expanded from macro 'ADD_TO_DEVTABLE'
                device_id + 0*sizeof((function)((const char *)NULL,     \
                ~~~~~~~~~~^~~~~~~~~~~~~~~~~~~~~~~~~~~~~~~~~~~~~~~~~~~~~~~
/root/los19/kernel/oppo/msm8939/scripts/mod/file2alias.c:995:1: note: use array indexing to silence this warning
/root/los19/kernel/oppo/msm8939/scripts/mod/file2alias.c:103:13: note: expanded from macro 'ADD_TO_DEVTABLE'
                device_id + 0*sizeof((function)((const char *)NULL,     \
                          ^
/root/los19/kernel/oppo/msm8939/scripts/mod/file2alias.c:1006:1: warning: adding 'unsigned long' to a string does not append to the string [-Wstring-plus-int]
ADD_TO_DEVTABLE("zorro", zorro_device_id, do_zorro_entry);
^~~~~~~~~~~~~~~~~~~~~~~~~~~~~~~~~~~~~~~~~~~~~~~~~~~~~~~~~
/root/los19/kernel/oppo/msm8939/scripts/mod/file2alias.c:103:13: note: expanded from macro 'ADD_TO_DEVTABLE'
                device_id + 0*sizeof((function)((const char *)NULL,     \
                ~~~~~~~~~~^~~~~~~~~~~~~~~~~~~~~~~~~~~~~~~~~~~~~~~~~~~~~~~
/root/los19/kernel/oppo/msm8939/scripts/mod/file2alias.c:1006:1: note: use array indexing to silence this warning
/root/los19/kernel/oppo/msm8939/scripts/mod/file2alias.c:103:13: note: expanded from macro 'ADD_TO_DEVTABLE'
                device_id + 0*sizeof((function)((const char *)NULL,     \
                          ^
/root/los19/kernel/oppo/msm8939/scripts/mod/file2alias.c:1022:1: warning: adding 'unsigned long' to a string does not append to the string [-Wstring-plus-int]
ADD_TO_DEVTABLE("isapnp", isapnp_device_id, do_isapnp_entry);
^~~~~~~~~~~~~~~~~~~~~~~~~~~~~~~~~~~~~~~~~~~~~~~~~~~~~~~~~~~~
/root/los19/kernel/oppo/msm8939/scripts/mod/file2alias.c:103:13: note: expanded from macro 'ADD_TO_DEVTABLE'
                device_id + 0*sizeof((function)((const char *)NULL,     \
                ~~~~~~~~~~^~~~~~~~~~~~~~~~~~~~~~~~~~~~~~~~~~~~~~~~~~~~~~~
/root/los19/kernel/oppo/msm8939/scripts/mod/file2alias.c:1022:1: note: use array indexing to silence this warning
/root/los19/kernel/oppo/msm8939/scripts/mod/file2alias.c:103:13: note: expanded from macro 'ADD_TO_DEVTABLE'
                device_id + 0*sizeof((function)((const char *)NULL,     \
                          ^
/root/los19/kernel/oppo/msm8939/scripts/mod/file2alias.c:1038:1: warning: adding 'unsigned long' to a string does not append to the string [-Wstring-plus-int]
ADD_TO_DEVTABLE("ipack", ipack_device_id, do_ipack_entry);
^~~~~~~~~~~~~~~~~~~~~~~~~~~~~~~~~~~~~~~~~~~~~~~~~~~~~~~~~
/root/los19/kernel/oppo/msm8939/scripts/mod/file2alias.c:103:13: note: expanded from macro 'ADD_TO_DEVTABLE'
                device_id + 0*sizeof((function)((const char *)NULL,     \
                ~~~~~~~~~~^~~~~~~~~~~~~~~~~~~~~~~~~~~~~~~~~~~~~~~~~~~~~~~
/root/los19/kernel/oppo/msm8939/scripts/mod/file2alias.c:1038:1: note: use array indexing to silence this warning
/root/los19/kernel/oppo/msm8939/scripts/mod/file2alias.c:103:13: note: expanded from macro 'ADD_TO_DEVTABLE'
                device_id + 0*sizeof((function)((const char *)NULL,     \
                          ^
/root/los19/kernel/oppo/msm8939/scripts/mod/file2alias.c:1109:1: warning: adding 'unsigned long' to a string does not append to the string [-Wstring-plus-int]
ADD_TO_DEVTABLE("amba", amba_id, do_amba_entry);
^~~~~~~~~~~~~~~~~~~~~~~~~~~~~~~~~~~~~~~~~~~~~~~
/root/los19/kernel/oppo/msm8939/scripts/mod/file2alias.c:103:13: note: expanded from macro 'ADD_TO_DEVTABLE'
                device_id + 0*sizeof((function)((const char *)NULL,     \
                ~~~~~~~~~~^~~~~~~~~~~~~~~~~~~~~~~~~~~~~~~~~~~~~~~~~~~~~~~
/root/los19/kernel/oppo/msm8939/scripts/mod/file2alias.c:1109:1: note: use array indexing to silence this warning
/root/los19/kernel/oppo/msm8939/scripts/mod/file2alias.c:103:13: note: expanded from macro 'ADD_TO_DEVTABLE'
                device_id + 0*sizeof((function)((const char *)NULL,     \
                          ^
/root/los19/kernel/oppo/msm8939/scripts/mod/file2alias.c:1134:1: warning: adding 'unsigned long' to a string does not append to the string [-Wstring-plus-int]
ADD_TO_DEVTABLE("x86cpu", x86_cpu_id, do_x86cpu_entry);
^~~~~~~~~~~~~~~~~~~~~~~~~~~~~~~~~~~~~~~~~~~~~~~~~~~~~~
/root/los19/kernel/oppo/msm8939/scripts/mod/file2alias.c:103:13: note: expanded from macro 'ADD_TO_DEVTABLE'
                device_id + 0*sizeof((function)((const char *)NULL,     \
                ~~~~~~~~~~^~~~~~~~~~~~~~~~~~~~~~~~~~~~~~~~~~~~~~~~~~~~~~~
/root/los19/kernel/oppo/msm8939/scripts/mod/file2alias.c:1134:1: note: use array indexing to silence this warning
/root/los19/kernel/oppo/msm8939/scripts/mod/file2alias.c:103:13: note: expanded from macro 'ADD_TO_DEVTABLE'
                device_id + 0*sizeof((function)((const char *)NULL,     \
                          ^
/root/los19/kernel/oppo/msm8939/scripts/mod/file2alias.c:1144:1: warning: adding 'unsigned long' to a string does not append to the string [-Wstring-plus-int]
ADD_TO_DEVTABLE("cpu", cpu_feature, do_cpu_entry);
^~~~~~~~~~~~~~~~~~~~~~~~~~~~~~~~~~~~~~~~~~~~~~~~~
/root/los19/kernel/oppo/msm8939/scripts/mod/file2alias.c:103:13: note: expanded from macro 'ADD_TO_DEVTABLE'
                device_id + 0*sizeof((function)((const char *)NULL,     \
                ~~~~~~~~~~^~~~~~~~~~~~~~~~~~~~~~~~~~~~~~~~~~~~~~~~~~~~~~~
/root/los19/kernel/oppo/msm8939/scripts/mod/file2alias.c:1144:1: note: use array indexing to silence this warning
/root/los19/kernel/oppo/msm8939/scripts/mod/file2alias.c:103:13: note: expanded from macro 'ADD_TO_DEVTABLE'
                device_id + 0*sizeof((function)((const char *)NULL,     \
                          ^
/root/los19/kernel/oppo/msm8939/scripts/mod/file2alias.c:1156:1: warning: adding 'unsigned long' to a string does not append to the string [-Wstring-plus-int]
ADD_TO_DEVTABLE("mei", mei_cl_device_id, do_mei_entry);
^~~~~~~~~~~~~~~~~~~~~~~~~~~~~~~~~~~~~~~~~~~~~~~~~~~~~~
/root/los19/kernel/oppo/msm8939/scripts/mod/file2alias.c:103:13: note: expanded from macro 'ADD_TO_DEVTABLE'
                device_id + 0*sizeof((function)((const char *)NULL,     \
                ~~~~~~~~~~^~~~~~~~~~~~~~~~~~~~~~~~~~~~~~~~~~~~~~~~~~~~~~~
/root/los19/kernel/oppo/msm8939/scripts/mod/file2alias.c:1156:1: note: use array indexing to silence this warning
/root/los19/kernel/oppo/msm8939/scripts/mod/file2alias.c:103:13: note: expanded from macro 'ADD_TO_DEVTABLE'
                device_id + 0*sizeof((function)((const char *)NULL,     \
                          ^
31 warnings generated.
  HOSTLD  scripts/mod/modpost
  Using /root/los19/kernel/oppo/msm8939 as source for kernel
  CHK     include/generated/utsrelease.h
  UPD     include/generated/utsrelease.h
  CC      kernel/bounds.s
  GEN     include/generated/bounds.h
  CC      arch/arm64/kernel/asm-offsets.s
  GEN     include/generated/asm-offsets.h
  CALL    /root/los19/kernel/oppo/msm8939/scripts/checksyscalls.sh
<stdin>:1226:2: warning: #warning syscall sched_setattr not implemented [-Wcpp]
<stdin>:1229:2: warning: #warning syscall sched_getattr not implemented [-Wcpp]
  CC      init/main.o
  CHK     include/generated/compile.h
  CC      init/do_mounts.o
  CC      init/do_mounts_rd.o
  CC      init/do_mounts_initrd.o
  CC      init/initramfs.o
  CC      init/calibrate.o
  CC      init/init_task.o
  CC      arch/arm64/mm/dma-mapping.o
  CC      arch/arm64/mm/extable.o
  CC      arch/arm64/kernel/swp_emulate.o
  CC      arch/arm64/crypto/aes-glue-ce.o
  CC      arch/arm64/mm/fault.o
  CC      kernel/fork.o
  CC      arch/arm64/kernel/pcibios.o
  CC      arch/arm64/mm/init.o
  AS      arch/arm64/kernel/head.o
  CC      kernel/exec_domain.o
  CC      init/version.o
  CC      mm/filemap.o
  VDSOA arch/arm64/kernel/vdso/gettimeofday.o
  CC      arch/arm64/crypto/aes-ce-ccm-glue.o
  LD      init/mounts.o
  CC      arch/arm64/crypto/aes-glue-neon.o
  CC      fs/open.o
  AS      arch/arm64/mm/cache.o
  VDSOL arch/arm64/kernel/vdso/vdso.so.dbg
  OBJCOPY arch/arm64/kernel/vdso/vdso.so
  VDSOSYM arch/arm64/kernel/vdso/vdso-offsets.h
  CC      arch/arm64/mm/copypage.o
  AS      arch/arm64/kernel/vdso/vdso.o
  CC      fs/read_write.o
  LD      init/built-in.o
  CC      arch/arm64/mm/flush.o
  CC      kernel/panic.o
  LD      arch/arm64/kernel/vdso/built-in.o
  CC      arch/arm64/kernel/cputable.o
  CC      arch/arm64/kernel/debug-monitors.o
  CC      security/keys/gc.o
  CC      mm/mempool.o
  CC      mm/oom_kill.o
  CC      arch/arm64/crypto/ghash-ce-glue.o
  CC      security/selinux/avc.o
  CC      arch/arm64/mm/ioremap.o
  CC      kernel/printk.o
  CC      security/keys/key.o
  AS      arch/arm64/kernel/entry.o
  CC      security/keys/keyring.o
  CC      security/commoncap.o
  CC      arch/arm64/crypto/sha1-ce-glue.o
  CC      security/selinux/hooks.o
  CC      fs/file_table.o
  CC      arch/arm64/kernel/irq.o
  CC      mm/fadvise.o
  CC      arch/arm64/mm/iomap.o
  CC      crypto/api.o
  CC      arch/arm64/kernel/fpsimd.o
  CC      arch/arm64/crypto/sha2-ce-glue.o
  CC      arch/arm64/mm/mmap.o
  CC      arch/arm64/mm/pgd.o
  CC      security/keys/keyctl.o
  CC      mm/maccess.o
  CC      fs/super.o
  CC      arch/arm64/mm/mmu.o
  CC      security/min_addr.o
  AS      arch/arm64/kernel/entry-fpsimd.o
  CC      kernel/cpu.o
  CC      crypto/cipher.o
  CC      mm/page_alloc.o
  CC      security/keys/permission.o
  LD      arch/arm64/crypto/sha2-ce.o
  LD      arch/arm64/crypto/ghash-ce.o
  CC      arch/arm64/kernel/process.o
  CC      arch/arm64/crypto/aes-ce-cipher.o
  CC      arch/arm64/mm/context.o
  CC      block/elevator.o
  CC      drivers/amba/bus.o
  CC      kernel/exit.o
  CC      crypto/compress.o
  CC      security/keys/process_keys.o
  CC      arch/arm64/kernel/ptrace.o
  LD      arch/arm64/crypto/aes-ce-ccm.o
  LD      arch/arm64/crypto/aes-ce-blk.o
  LD      arch/arm64/crypto/aes-neon-blk.o
  LD      arch/arm64/crypto/sha1-ce.o
  LD      arch/arm64/crypto/built-in.o
  CC      security/selinux/selinuxfs.o
  CC      fs/char_dev.o
  AS      arch/arm64/mm/proc.o
  CC      security/security.o
  CC      arch/arm64/mm/pageattr.o
  LD      drivers/amba/built-in.o
  CC      security/selinux/netlink.o
  CC      crypto/memneq.o
  CC      block/blk-core.o
  CC      security/keys/request_key.o
  CC      drivers/base/core.o
  CC      fs/stat.o
  CC      arch/arm64/kernel/setup.o
  LD      arch/arm64/mm/built-in.o
  CC      block/blk-tag.o
  CC      kernel/itimer.o
  CC      crypto/algapi.o
  CC      crypto/scatterwalk.o
  CC      security/selinux/nlmsgtab.o
  CC      security/keys/request_key_auth.o
  CC      security/capability.o
  CC      mm/page-writeback.o
  CC      fs/exec.o
  CC      arch/arm64/kernel/signal.o
  CC      kernel/time.o
  CC      kernel/softirq.o
  CC      kernel/resource.o
  CC      drivers/base/bus.o
  CC      block/blk-sysfs.o
  CC      security/keys/user_defined.o
  CC      security/selinux/netif.o
  CC      crypto/proc.o
  CC      arch/arm64/kernel/sys.o
  CC      crypto/ablkcipher.o
  CC      crypto/blkcipher.o
  CC      fs/pipe.o
  CC      kernel/sysctl.o
  CC      mm/readahead.o
  CC      security/keys/proc.o
  CC      drivers/block/brd.o
  CC      drivers/base/dd.o
  CC      security/keys/sysctl.o
  CC      arch/arm64/kernel/stacktrace.o
  CC      block/blk-flush.o
  CC      security/selinux/netnode.o
  CC      arch/arm64/kernel/time.o
  CC      drivers/block/loop.o
  LD      security/keys/built-in.o
  CC      sound/sound_core.o
  CC      crypto/ahash.o
  CC      mm/swap.o
  CC      drivers/base/syscore.o
  CC      drivers/bluetooth/bluetooth-power.o
  CC      kernel/sysctl_binary.o
  CC      block/blk-settings.o
  CC      fs/namei.o
  CC      drivers/block/zram/zcomp_lzo.o
  CC      arch/arm64/kernel/traps.o
  CC      security/selinux/netport.o
  CC      drivers/base/driver.o
  CC      sound/core/compress_offload.o
  CC      drivers/block/zram/zcomp.o
  CC      crypto/shash.o
  CC      mm/truncate.o
  CC      crypto/algboss.o
  LD      drivers/bluetooth/built-in.o
  CC      block/blk-ioc.o
  CC      block/blk-map.o
  CC      drivers/base/class.o
  CC      arch/arm64/kernel/io.o
  CC      kernel/capability.o
  CC      drivers/block/zram/zram_drv.o
  CC      security/selinux/exports.o
  CC      sound/core/hwdep.o
  CC      arch/arm64/kernel/vdso.o
  CC      mm/vmscan.o
  CC      fs/fcntl.o
  CC      crypto/testmgr.o
  CC      security/selinux/ss/ebitmap.o
  CC      block/blk-exec.o
  CC      drivers/base/platform.o
  CC      kernel/ptrace.o
  CC      net/socket.o
  AS      arch/arm64/kernel/hyp-stub.o
  CC      kernel/timer.o
  CC      drivers/block/zram/zcomp_lz4.o
  CC      crypto/crypto_wq.o
  CC      arch/arm64/kernel/psci.o
  CC      sound/core/memalloc.o
  CC      block/blk-merge.o
  CC      fs/ioctl.o
  CC      arch/arm64/kernel/cpu_ops.o
  LD      drivers/block/zram/zram.o
  CC      drivers/base/cpu.o
  LD      drivers/block/zram/built-in.o
  LD      drivers/block/built-in.o
  LD      crypto/crypto_algapi.o
  CC      crypto/aead.o
  CC      arch/arm64/lib/delay.o
  CC      security/selinux/ss/hashtab.o
  CC      arch/arm64/kernel/insn.o
  CC      kernel/user.o
  CC      fs/readdir.o
  CC      block/blk-softirq.o
  CC      sound/core/pcm.o
  CC      mm/shmem.o
  CC      drivers/base/firmware.o
  CC      lib/bcd.o
  CC      security/selinux/ss/symtab.o
  AR      arch/arm64/lib/lib.a
  CC      kernel/signal.o
  CC      arch/arm64/kernel/opcodes.o
  CC      security/lsm_audit.o
  CC      lib/div64.o
  LD      crypto/crypto_blkcipher.o
  CC      crypto/chainiv.o
  CC      security/selinux/ss/sidtab.o
  CC      net/802/p8022.o
  CC      fs/select.o
  CC      lib/sort.o
  CC      block/blk-timeout.o
  CC      drivers/base/init.o
  CC      arch/arm64/kernel/return_address.o
  CC      sound/core/pcm_native.o
  CC      crypto/eseqiv.o
  CC      drivers/base/map.o
  CC      lib/parser.o
  CC      block/blk-iopoll.o
  AS      arch/arm64/kernel/sys32.o
  CC      security/selinux/ss/avtab.o
  CC      net/802/psnap.o
  CC      crypto/seqiv.o
  AS      arch/arm64/kernel/kuser32.o
  CC      mm/util.o
  CC      fs/dcache.o
  CC      arch/arm64/kernel/signal32.o
  CC      lib/halfmd4.o
  CC      drivers/base/devres.o
  CC      kernel/sys.o
  CC      block/blk-lib.o
  LD      crypto/crypto_hash.o
  CC      kernel/kmod.o
  CC      lib/debug_locks.o
  CC      net/802/stp.o
  CC      mm/mmzone.o
  CC      crypto/pcompress.o
  CC      lib/random32.o
  CC      drivers/base/attribute_container.o
  CC      security/selinux/ss/policydb.o
  CC      arch/arm64/kernel/sys_compat.o
  CC      mm/vmstat.o
  CC      block/ioctl.o
  CC      lib/bust_spinlocks.o
  CC      sound/core/pcm_lib.o
  CC      kernel/workqueue.o
  LD      net/802/built-in.o
  CC      net/bluetooth/af_bluetooth.o
  LD      crypto/cryptomgr.o
  CC      crypto/hmac.o
  CC      lib/hexdump.o
  CC      drivers/base/transport_class.o
  CC      arch/arm64/kernel/smp.o
  CC      block/genhd.o
  CC      lib/kasprintf.o
  CC      mm/backing-dev.o
  CC      drivers/base/topology.o
  CC      fs/inode.o
  CC      net/bluetooth/hci_core.o
  CC      arch/arm64/kernel/smp_spin_table.o
  CC      lib/bitmap.o
  CC      block/scsi_ioctl.o
  CC      crypto/xcbc.o
  CC      arch/arm64/kernel/topology.o
  CC      drivers/base/dma-contiguous.o
  CC      mm/mm_init.o
  CC      lib/scatterlist.o
  CC      security/selinux/ss/services.o
  CC      security/selinux/ss/conditional.o
  CC      sound/core/pcm_timer.o
  CC      fs/attr.o
  CC      crypto/crypto_null.o
  CC      mm/mmu_context.o
  CC      arch/arm64/kernel/early_printk.o
  CC      lib/gcd.o
  CC      block/partition-generic.o
  CC      drivers/base/dma-removed.o
  CC      kernel/pid.o
  CC      sound/core/pcm_misc.o
  CC      crypto/md4.o
  CC      mm/percpu.o
  CC      lib/lcm.o
  CC      mm/slab_common.o
  CC      fs/bad_inode.o
  AS      arch/arm64/kernel/sleep.o
  CC      lib/list_sort.o
  CC      arch/arm64/kernel/suspend.o
  CC      drivers/base/power/sysfs.o
  CC      net/bluetooth/hci_conn.o
  CC      fs/file.o
  CC      crypto/md5.o
  CC      sound/core/pcm_memory.o
  CC      kernel/task_work.o
  CC      crypto/sha1_generic.o
  CC      block/partitions/check.o
  CC      lib/uuid.o
  LD      arch/arm64/kernel/built-in.o
  CC      lib/flex_array.o
  CC      drivers/base/power/generic_ops.o
  CC      security/selinux/ss/mls.o
  CC      drivers/base/power/common.o
  CC      mm/compaction.o
  CC      sound/core/rawmidi.o
  CC      kernel/extable.o
  CC      kernel/params.o
  CC      crypto/sha256_generic.o
  CC      fs/filesystems.o
  CC      lib/iovec.o
  CC      fs/namespace.o
  CC      block/partitions/msdos.o
  CC      drivers/base/power/qos.o
  CC      lib/bsearch.o
  CC      net/bluetooth/hci_event.o
  CC      lib/find_last_bit.o
  CC      drivers/base/power/main.o
  CC      security/selinux/ss/status.o
  CC      lib/find_next_bit.o
  CC      block/bsg.o
  CC      kernel/posix-timers.o
  CC      block/partitions/efi.o
  CC      drivers/base/regmap/regmap.o
  CC      mm/balloon_compaction.o
  CC      crypto/sha512_generic.o
  CC      lib/llist.o
  CC      sound/core/timer.o
  LD      security/selinux/selinux.o
  CC      lib/memweight.o
  LD      security/selinux/built-in.o
  LD      security/built-in.o
  CC      lib/kfifo.o
  CC      drivers/base/power/wakeup.o
  LD      block/partitions/built-in.o
  CC      mm/interval_tree.o
  CC      net/bluetooth/mgmt.o
  CC      fs/seq_file.o
  CC      crypto/gf128mul.o
  CC      kernel/kthread.o
  CC      block/noop-iosched.o
  CC      net/bridge/br.o
  CC      lib/string_helpers.o
  CC      drivers/base/regmap/regcache.o
  CC      mm/fremap.o
  CC      crypto/ecb.o
  CC      drivers/base/power/runtime.o
  CC      kernel/wait.o
  CC      block/deadline-iosched.o
  CC      lib/kstrtox.o
  CC      sound/core/sound.o
  CC      lib/iomap.o
  CC      fs/xattr.o
  CC      mm/highmem.o
  CC      drivers/base/regmap/regcache-rbtree.o
  CC      net/bridge/br_device.o
  CC      kernel/sys_ni.o
  CC      crypto/cbc.o
  CC      drivers/base/power/opp.o
  CC      sound/core/init.o
  CC      lib/pci_iomap.o
  CC      block/row-iosched.o
  CC      kernel/posix-cpu-timers.o
  CC      kernel/mutex.o
  CC      net/bluetooth/hci_sock.o
  CC      mm/madvise.o
  CC      drivers/base/regmap/regcache-lzo.o
  CC      lib/iomap_copy.o
  CC      fs/libfs.o
  CC      drivers/base/power/clock_ops.o
  CC      crypto/xts.o
  CC      sound/core/memory.o
  CC      net/bridge/br_fdb.o
  CC      kernel/hrtimer.o
  CC      lib/devres.o
  CC      block/cfq-iosched.o
  CC      mm/memory.o
  LD      drivers/base/power/built-in.o
  CC      drivers/base/regmap/regcache-flat.o
  CC      block/bfq-iosched.o
  CC      mm/mincore.o
  CC      sound/core/info.o
  CC      crypto/ctr.o
  CC      fs/fs-writeback.o
  CC      net/bluetooth/hci_sysfs.o
  CC      lib/hweight.o
  CC      lib/bitrev.o
  CC      kernel/rwsem.o
  CC      drivers/base/regmap/regmap-debugfs.o
  CC      crypto/cryptd.o
  CC      sound/core/control.o
  CC      net/bridge/br_forward.o
  CC      net/core/sock.o
  CC      kernel/nsproxy.o
  CC      lib/crc-ccitt.o
  CC      fs/pnode.o
  CC      kernel/semaphore.o
  CC      net/bluetooth/l2cap_core.o
  CC      drivers/base/regmap/regmap-i2c.o
  CC      lib/crc16.o
  CC      fs/splice.o
  CC      crypto/des_generic.o
  CC      mm/mlock.o
  CC      crypto/twofish_generic.o
  CC      kernel/notifier.o
  CC      net/bridge/br_if.o
  CC      drivers/base/regmap/regmap-spi.o
  CC      lib/crc32.o
  CC      kernel/ksysfs.o
  CC      drivers/char/mem.o
  CC      sound/core/misc.o
  CC      crypto/twofish_common.o
  CC      drivers/base/regmap/regmap-swr.o
  CC      mm/mmap.o
  CC      net/core/request_sock.o
  CC      fs/sync.o
  CC      kernel/cred.o
  CC      block/compat_ioctl.o
  CC      net/bridge/br_input.o
  CC      lib/libcrc32c.o
  CC      sound/core/device.o
  LD      drivers/base/regmap/built-in.o
  CC      drivers/base/dma-mapping.o
  CC      drivers/char/random.o
  CC      fs/utimes.o
  CC      crypto/aes_generic.o
  CC      net/core/skbuff.o
  CC      kernel/async.o
  CC      sound/core/jack.o
  CC      lib/genalloc.o
  LD      block/built-in.o
  CC      net/bridge/br_ioctl.o
  CC      drivers/base/dma-coherent.o
  CC      drivers/clk/clk-devres.o
  CC      fs/stack.o
  CC      mm/mprotect.o
  CC      kernel/range.o
  LD      sound/core/snd.o
  LD      sound/core/snd-hwdep.o
  LD      sound/core/snd-timer.o
  LD      sound/core/snd-pcm.o
  LD      sound/core/snd-page-alloc.o
  CC      drivers/char/misc.o
  LD      sound/core/snd-rawmidi.o
  CC      net/bluetooth/l2cap_sock.o
  CC      lib/lz4/lz4_compress.o
  LD      sound/core/snd-compress.o
  CC      drivers/clk/clkdev.o
  LD      sound/core/built-in.o
  CC      drivers/base/dma-buf.o
  CC      fs/fs_struct.o
  CC      kernel/groups.o
  CC      crypto/arc4.o
  CC      net/bridge/br_notify.o
  CC      mm/mremap.o
  CC      drivers/clk/clk.o
  CC      lib/lz4/lz4_decompress.o
  CC      drivers/char/diag/diagchar_core.o
  CC      fs/statfs.o
  CC      crypto/deflate.o
  CC      drivers/base/firmware_class.o
  CC      kernel/lglock.o
  CC      net/bluetooth/smp.o
  CC      sound/soc/soc-core.o
  LD      lib/lz4/built-in.o
  CC      net/bridge/br_stp.o
  CC      mm/msync.o
  CC      lib/lzo/lzo1x_compress.o
  CC      crypto/crc32c.o
  CC      net/core/iovec.o
  CC      fs/buffer.o
  CC      kernel/smpboot.o
  CC      drivers/clk/qcom/clock.o
  CC      drivers/base/soc.o
  CC      lib/lzo/lzo1x_decompress_safe.o
  CC      crypto/crc32.o
  CC      mm/rmap.o
  CC      kernel/cpu/idle.o
  CC      drivers/char/diag/diagchar_hdlc.o
  CC      net/bridge/br_stp_bpdu.o
  CC      net/core/datagram.o
  CC      net/bluetooth/sco.o
  LD      lib/lzo/lzo_compress.o
  CC      drivers/clk/qcom/clock-dummy.o
  CC      drivers/base/pinctrl.o
  LD      lib/lzo/lzo_decompress.o
  LD      lib/lzo/built-in.o
  CC      crypto/authenc.o
  LD      kernel/cpu/built-in.o
  CC      lib/mpi/generic_mpih-lshift.o
  CC      kernel/irq/irqdesc.o
  CC      drivers/char/diag/diagfwd.o
  LD      drivers/base/built-in.o
  CC      sound/soc/soc-dapm.o
  CC      mm/vmalloc.o
  CC      kernel/irq/handle.o
  CC      drivers/clk/qcom/clock-generic.o
  CC      net/bridge/br_stp_if.o
  CC      fs/bio.o
  CC      lib/mpi/generic_mpih-mul1.o
  CC      fs/block_dev.o
  CC      net/core/stream.o
  CC      net/bluetooth/lib.o
  CC      kernel/irq/manage.o
  CC      crypto/authencesn.o
  CC      drivers/clk/qcom/clock-local2.o
  CC      lib/mpi/generic_mpih-mul2.o
  CC      drivers/char/diag/diag_mux.o
  CC      net/bridge/br_stp_timer.o
  CC      net/bluetooth/a2mp.o
  CC      lib/mpi/generic_mpih-mul3.o
  CC      net/core/scm.o
  CC      net/ethernet/eth.o
  CC      kernel/irq/spurious.o
  CC      fs/direct-io.o
  CC      mm/pagewalk.o
  CC      drivers/char/diag/diag_memorydevice.o
  CC      drivers/clk/qcom/clock-pll.o
  CC      crypto/rng.o
  CC      sound/soc/soc-jack.o
  CC      lib/mpi/generic_mpih-rshift.o
  CC      net/bridge/br_netlink.o
  CC      kernel/irq/resend.o
  CC      mm/pgtable-generic.o
  CC      net/bluetooth/amp.o
  CC      drivers/char/diag/diag_usb.o
  CC      net/core/gen_stats.o
  CC      crypto/krng.o
  CC      drivers/clk/qcom/clock-alpha-pll.o
  CC      sound/soc/soc-cache.o
  CC      lib/mpi/generic_mpih-sub1.o
  LD      net/ethernet/built-in.o
  CC      drivers/clk/qcom/clock-rpm.o
  CC      kernel/irq/chip.o
  CC      mm/process_vm_access.o
  CC      crypto/ansi_cprng.o
  CC      fs/mpage.o
  CC      lib/mpi/generic_mpih-add1.o
  CC      net/bridge/br_sysfs_if.o
  CC      lib/mpi/mpicoder.o
  CC      drivers/char/diag/diagmem.o
  CC      net/core/gen_estimator.o
  CC      drivers/clk/qcom/clock-voter.o
  CC      sound/soc/soc-utils.o
  CC      net/bluetooth/bnep/core.o
  CC      sound/soc/soc-pcm.o
  CC      lib/mpi/mpi-bit.o
  CC      drivers/clk/qcom/clock-debug.o
  CC      mm/showmem.o
  CC      drivers/char/diag/diagfwd_cntl.o
  CC      kernel/irq/dummychip.o
  CC      fs/ioprio.o
  CC      crypto/asymmetric_keys/asymmetric_type.o
  CC      net/core/net_namespace.o
  CC      lib/mpi/mpi-cmp.o
  CC      net/bridge/br_sysfs_br.o
  CC      mm/vmpressure.o
  CC      kernel/irq/devres.o
  CC      kernel/power/qos.o
  CC      crypto/asymmetric_keys/signature.o
  CC      drivers/char/diag/diag_dci.o
  CC      fs/proc_namespace.o
  CC      drivers/clk/qcom/clock-rpm-8916.o
  CC      net/bluetooth/bnep/sock.o
  CC      kernel/irq/autoprobe.o
  CC      lib/mpi/mpih-cmp.o
  CC      net/core/secure_seq.o
  CC      mm/init-mm.o
  CC      crypto/asymmetric_keys/x509-asn1.o
  CC      sound/soc/soc-compress.o
  CC      crypto/asymmetric_keys/x509_rsakey-asn1.o
  CC      drivers/clk/qcom/clock-gcc-8916.o
  CC      mm/nobootmem.o
  CC      lib/mpi/mpih-div.o
  CC      kernel/irq/irqdomain.o
  CC      crypto/asymmetric_keys/x509_cert_parser.o
  CC      kernel/power/main.o
  CC      net/bridge/br_netfilter.o
  CC      fs/configfs/inode.o
  CC      net/core/flow_dissector.o
  CC      net/bluetooth/bnep/netdev.o
  CC      mm/memblock.o
  CC      sound/soc/soc-io.o
  CC      drivers/clk/qcom/clock-rpm-8936.o
  CC      crypto/asymmetric_keys/x509_public_key.o
  CC      lib/mpi/mpih-mul.o
  CC      drivers/char/diag/diag_masks.o
  CC      kernel/irq/proc.o
  CC      fs/configfs/file.o
  CC      kernel/power/process.o
  CC      drivers/clk/qcom/clock-gcc-8936.o
  CC      crypto/asymmetric_keys/public_key.o
  CC      net/core/sysctl_net_core.o
  LD      net/bluetooth/bnep/bnep.o
  LD      net/bluetooth/bnep/built-in.o
  CC      lib/mpi/mpi-pow.o
  CC      net/bluetooth/hidp/core.o
  CC      mm/bounce.o
  CC      net/bridge/br_multicast.o
  CC      sound/soc/codecs/audio-ext-clk.o
  CC      fs/configfs/dir.o
  CC      kernel/irq/pm.o
  CC      crypto/asymmetric_keys/rsa.o
  CC      kernel/power/suspend.o
  CC      drivers/char/diag/diag_debugfs.o
  CC      mm/page_io.o
  CC      drivers/clk/qcom/clock-a7.o
  CC      sound/soc/codecs/msm_stub.o
  CC      lib/mpi/mpiutil.o
../../../../../../kernel/oppo/msm8939/kernel/irq/pm.c: In function 'check_wakeup_irqs':
../../../../../../kernel/oppo/msm8939/kernel/irq/pm.c:103:7: warning: unused variable 'suspend_abort' [-Wunused-variable]
  char suspend_abort[MAX_SUSPEND_ABORT_LEN];
       ^
  CC      net/core/dev.o
  LD      kernel/irq/built-in.o
  LD      crypto/asymmetric_keys/x509_key_parser.o
  CC      drivers/clk/qcom/clock-cpu-8939.o
  LD      crypto/asymmetric_keys/asymmetric_keys.o
  LD      crypto/asymmetric_keys/built-in.o
  CC      crypto/ablk_helper.o
  CC      kernel/power/autosleep.o
  CC      sound/soc/codecs/msm8x16-wcd.o
  LD      lib/mpi/mpi.o
  CC      fs/configfs/symlink.o
  CC      drivers/clocksource/clksrc-of.o
  LD      lib/mpi/built-in.o
  CC      mm/swap_state.o
  CC      lib/reed_solomon/reed_solomon.o
  CC      net/bluetooth/hidp/sock.o
  LD      drivers/char/diag/diagchar.o
  LD      drivers/char/diag/built-in.o
  CC      drivers/clk/qcom/clock-cpu-8936.o
  CC      kernel/power/wakelock.o
  CC      drivers/char/hw_random/core.o
  LD      crypto/crypto.o
  LD      crypto/built-in.o
  CC      drivers/clocksource/arm_arch_timer.o
  CC      drivers/char/hw_random/msm_rng.o
  CC      fs/configfs/mount.o
  CC      net/bridge/br_mdb.o
  CC      mm/swapfile.o
  CC      kernel/power/suspend_time.o
  CC      drivers/clk/qcom/gdsc.o
  LD      lib/reed_solomon/built-in.o
  CC      lib/zlib_deflate/deflate.o
  LD      net/bluetooth/hidp/hidp.o
  LD      net/bluetooth/hidp/built-in.o
  CC      drivers/char/hw_random/fips_drbg.o
  CC      fs/configfs/item.o
  CC      net/bluetooth/rfcomm/core.o
  CC      lib/zlib_inflate/inffast.o
  LD      drivers/clocksource/built-in.o
  CC      net/bluetooth/rfcomm/sock.o
  CC      kernel/power/poweroff.o
  CC      lib/zlib_inflate/inflate.o
  CC      kernel/power/wakeup_reason.o
  CC      drivers/clk/qcom/mdss/mdss-pll-util.o
  CC      net/bridge/netfilter/ebtables.o
  LD      fs/configfs/configfs.o
  CC      lib/zlib_deflate/deftree.o
  LD      fs/configfs/built-in.o
  CC      drivers/char/hw_random/ctr_drbg.o
  CC      fs/debugfs/inode.o
  CC      mm/dmapool.o
  CC      lib/zlib_inflate/infutil.o
  CC      sound/soc/codecs/msm8x16-wcd-tables.o
  CC      drivers/clk/qcom/mdss/mdss-pll.o
  LD      kernel/power/built-in.o
  CC      kernel/rcu/update.o
  CC      fs/devpts/inode.o
  CC      lib/zlib_deflate/deflate_syms.o
  CC      net/bluetooth/rfcomm/tty.o
  CC      net/core/ethtool.o
  CC      drivers/char/hw_random/msm_fips_selftest.o
  CC      fs/debugfs/file.o
  CC      lib/zlib_inflate/inftrees.o
  CC      mm/sparse.o
  CC      sound/soc/codecs/wcd9xxx-common.o
  CC      drivers/clk/qcom/mdss/mdss-dsi-pll-util.o
  CC      lib/zlib_inflate/inflate_syms.o
  CC      kernel/rcu/srcu.o
  LD      lib/zlib_deflate/zlib_deflate.o
  LD      lib/zlib_deflate/built-in.o
  CC      mm/sparse-vmemmap.o
  LD      fs/devpts/devpts.o
  LD      fs/devpts/built-in.o
  CC      sound/soc/codecs/wcd9xxx-resmgr.o
  LD      drivers/char/hw_random/rng-core.o
  LD      drivers/char/hw_random/built-in.o
  CC      drivers/char/msm_smd_pkt.o
  CC      net/core/dev_addr_lists.o
  LD      lib/zlib_inflate/zlib_inflate.o
  LD      lib/zlib_inflate/built-in.o
  CC      lib/textsearch.o
  CC      drivers/clk/qcom/mdss/mdss-dsi-20nm-pll-util.o
  CC      kernel/rcu/tree.o
  LD      fs/debugfs/debugfs.o
  LD      fs/debugfs/built-in.o
  LD      net/bluetooth/rfcomm/rfcomm.o
  LD      net/bluetooth/rfcomm/built-in.o
  LD      net/bluetooth/bluetooth.o
  CC      fs/exfat/exfat_core.o
  LD      net/bluetooth/built-in.o
  CC      fs/exfat/exfat_super.o
  CC      net/bridge/netfilter/ebtable_broute.o
  CC      kernel/sched/core.o
  CC      fs/exfat/exfat_api.o
  CC      mm/slub.o
  CC      lib/ts_kmp.o
  CC      drivers/clk/qcom/mdss/mdss-dsi-pll-28hpm.o
  CC      sound/soc/codecs/wcd9xxx-mbhc.o
  LD      drivers/char/built-in.o
  CC      drivers/clk/qcom/mdss/mdss-dsi-pll-28lpm.o
  CC      net/core/dst.o
  CC      net/ipc_router/ipc_router_core.o
  CC      lib/ts_bm.o
  CC      net/ipc_router/ipc_router_socket.o
  LD      net/bridge/netfilter/built-in.o
  LD      net/bridge/bridge.o
  LD      net/bridge/built-in.o
  CC      drivers/clk/qcom/mdss/mdss-dsi-pll-20nm.o
  CC      kernel/time/timekeeping.o
  LD      kernel/rcu/built-in.o
  CC      kernel/time/ntp.o
  CC      kernel/time/clocksource.o
  CC      net/core/netevent.o
  CC      lib/ts_fsm.o
  CC      drivers/clk/qcom/mdss/mdss-edp-pll-28hpm.o
  CC      fs/exfat/exfat_blkdev.o
  CC      mm/migrate.o
  CC      sound/soc/codecs/wcd9306.o
  CC      kernel/time/jiffies.o
  CC      sound/soc/codecs/wcd9306-tables.o
  CC      net/core/neighbour.o
  CC      lib/percpu_counter.o
  CC      drivers/clk/qcom/mdss/mdss-hdmi-pll-28hpm.o
  CC      fs/exfat/exfat_cache.o
  CC      fs/ext4/balloc.o
  CC      kernel/time/timer_list.o
  CC      fs/ext4/bitmap.o
  CC      mm/memcontrol.o
  CC      net/ipc_router/ipc_router_security.o
  CC      fs/exfat/exfat_data.o
  CC      lib/audit.o
  CC      drivers/clk/qcom/mdss/mdss-hdmi-pll-20nm.o
  CC      kernel/sched/clock.o
  CC      lib/swiotlb.o
  CC      kernel/sched/cputime.o
  CC      fs/exfat/exfat_bitmap.o
  CC      kernel/time/timeconv.o
  CC      fs/f2fs/dir.o
  LD      drivers/clk/qcom/mdss/built-in.o
  LD      drivers/clk/qcom/built-in.o
  LD      drivers/clk/built-in.o
  CC      fs/f2fs/file.o
  CC      fs/exfat/exfat_nls.o
  CC      fs/ext4/dir.o
  CC      drivers/cpufreq/cpufreq.o
  CC      sound/soc/codecs/wcd9330.o
  LD      net/ipc_router/built-in.o
  CC      kernel/time/posix-clock.o
  CC      net/core/rtnetlink.o
  CC      fs/f2fs/inode.o
  CC      kernel/sched/idle_task.o
  CC      lib/iommu-helper.o
  CC      lib/syscall.o
  CC      fs/ext4/file.o
  CC      fs/exfat/exfat_oal.o
  CC      fs/f2fs/namei.o
  CC      kernel/time/alarmtimer.o
  CC      kernel/sched/fair.o
  CC      mm/page_cgroup.o
  CC      drivers/cpufreq/freq_table.o
  CC      lib/nlattr.o
  CC      fs/exfat/exfat_upcase.o
  CC      drivers/cpuidle/cpuidle.o
  CC      fs/ext4/fsync.o
  CC      drivers/cpufreq/cpufreq_stats.o
  CC      mm/page_isolation.o
  CC      kernel/time/clockevents.o
  LD      fs/exfat/exfat.o
  LD      fs/exfat/built-in.o
  CC      net/core/utils.o
  CC      drivers/crypto/msm/qcedev.o
  CC      fs/f2fs/hash.o
  CC      sound/usb/card.o
  CC      lib/checksum.o
  CC      drivers/cpuidle/driver.o
  CC      fs/ext4/ialloc.o
  CC      mm/zsmalloc.o
  CC      lib/cpu_rmap.o
  CC      drivers/cpufreq/cpufreq_performance.o
  CC      drivers/cpuidle/governor.o
  CC      kernel/time/tick-common.o
  CC      net/core/link_watch.o
  CC      fs/f2fs/super.o
  CC      lib/dynamic_queue_limits.o
  CC      sound/soc/codecs/wcd9330-tables.o
  CC      sound/usb/clock.o
  CC      drivers/cpufreq/cpufreq_powersave.o
  CC      drivers/crypto/msm/qce50.o
  CC      drivers/cpuidle/sysfs.o
  CC      kernel/time/tick-broadcast.o
  CC      lib/clz_tab.o
  CC      fs/ext4/inode.o
  CC      mm/early_ioremap.o
  CC      sound/soc/codecs/wcdcal-hwdep.o
  CC      net/core/filter.o
  CC      lib/qmi_encdec.o
  CC      drivers/cpufreq/cpufreq_userspace.o
  CC      sound/usb/endpoint.o
  CC      kernel/sched/rt.o
  CC      drivers/cpuidle/governors/ladder.o
  CC      kernel/time/tick-broadcast-hrtimer.o
  CC      mm/process_reclaim.o
  CC      sound/soc/codecs/wcd9335.o
  CC      drivers/cpufreq/cpufreq_ondemand.o
  CC      lib/strncpy_from_user.o
  CC      fs/f2fs/inline.o
  CC      drivers/cpuidle/governors/menu.o
  CC      kernel/time/sched_clock.o
  CC      sound/usb/format.o
  LD      mm/built-in.o
  CC      kernel/time/tick-oneshot.o
  CC      net/core/sock_diag.o
  CC      lib/strnlen_user.o
  CC      drivers/cpufreq/cpufreq_interactive.o
  CC      fs/f2fs/checkpoint.o
  CC      kernel/sched/stop_task.o
  LD      drivers/cpuidle/governors/built-in.o
  CC      drivers/cpuidle/lpm-levels.o
  CC      lib/asn1_decoder.o
  CC      kernel/time/tick-sched.o
  CC      drivers/crypto/msm/compat_qcedev.o
  CC      sound/usb/helper.o
  CC      lib/oid_registry.o
  CC      drivers/cpufreq/cpufreq_governor.o
  CC      net/core/dev_ioctl.o
  CC      kernel/sched/sched_avg.o
  CC      fs/ext4/page-io.o
  CC      sound/usb/mixer.o
  LD      kernel/time/built-in.o
  CC      lib/argv_split.o
  CC      drivers/crypto/msm/qcrypto.o
  CC      drivers/cpuidle/lpm-levels-of.o
  CC      kernel/sched/cpupri.o
  CC      fs/f2fs/gc.o
  CC      drivers/cpufreq/cpu-boost.o
  CC      lib/bug.o
  CC      net/core/flow.o
  CC      drivers/devfreq/devfreq.o
  CC      fs/fat/cache.o
  CC      kernel/sched/cpuacct.o
  CC      fs/ext4/ioctl.o
  CC      drivers/cpuidle/lpm-workarounds.o
  CC      lib/cmdline.o
  CC      sound/soc/codecs/wcd9xxx-common-v2.o
  CC      lib/cpumask.o
  CC      sound/usb/mixer_quirks.o
  CC      fs/fat/dir.o
  CC      drivers/cpufreq/qcom-cpufreq.o
  LD      kernel/sched/built-in.o
  CC      kernel/freezer.o
  CC      net/core/net-sysfs.o
  CC      drivers/devfreq/devfreq_trace.o
  LD      drivers/cpuidle/built-in.o
  CC      fs/f2fs/data.o
  CC      lib/ctype.o
  CC      fs/fuse/dev.o
  CC      fs/ext4/namei.o
  CC      lib/dec_and_lock.o
  CC      sound/soc/codecs/wcd9xxx-resmgr-v2.o
  CC      drivers/devfreq/governor_simpleondemand.o
  CC      drivers/cpufreq/cpufreq_persistent_stats.o
  CC      sound/usb/pcm.o
  CC      lib/decompress.o
  CC      kernel/stacktrace.o
  LD      drivers/crypto/msm/built-in.o
  LD      drivers/crypto/built-in.o
  CC      sound/soc/codecs/ts4621.o
  CC      lib/decompress_bunzip2.o
  CC      fs/fat/fatent.o
  CC      kernel/futex.o
  CC      drivers/devfreq/governor_performance.o
  CC      fs/fat/file.o
  CC      net/core/net-procfs.o
  LD      drivers/cpufreq/built-in.o
  CC      net/core/fib_rules.o
  CC      lib/decompress_inflate.o
  CC      sound/usb/proc.o
  CC      sound/soc/codecs/wcd_cpe_services.o
  CC      fs/fuse/dir.o
  CC      drivers/devfreq/governor_powersave.o
  CC      sound/last.o
  CC      fs/fat/inode.o
  CC      fs/f2fs/node.o
  CC      kernel/futex_compat.o
  CC      lib/decompress_unlzma.o
  CC      sound/usb/quirks.o
  CC      fs/ext4/super.o
  CC      fs/jbd2/transaction.o
  CC      drivers/devfreq/governor_userspace.o
  LD      net/core/built-in.o
  CC      drivers/dma/dmaengine.o
  CC      fs/fuse/file.o
  CC      sound/soc/codecs/wcd_cpe_core.o
  CC      kernel/rtmutex.o
  CC      net/ipv4/route.o
  CC      sound/usb/stream.o
  CC      fs/fat/misc.o
  CC      lib/dump_stack.o
  CC      drivers/devfreq/governor_cpufreq.o
  CC      lib/earlycpio.o
  CC      fs/jbd2/commit.o
  CC      lib/extable.o
  CC      kernel/smp.o
  CC      fs/fat/nfs.o
  CC      sound/usb/midi.o
  CC      drivers/dma/of-dma.o
  CC      fs/f2fs/segment.o
  CC      drivers/devfreq/governor_msm_adreno_tz.o
  CC      lib/fdt.o
  CC      fs/fat/namei_msdos.o
  CC      sound/soc/codecs/wcd-mbhc-v2.o
  CC      kernel/spinlock.o
  CC      drivers/dma/qcom-sps-dma.o
  CC      fs/jbd2/recovery.o
  CC      lib/fdt_ro.o
  CC      drivers/devfreq/bimc-bwmon.o
  CC      net/ipv4/inetpeer.o
  CC      fs/fuse/inode.o
  CC      kernel/uid16.o
  CC      lib/fdt_rw.o
  CC      fs/fat/namei_vfat.o
  CC      fs/ext4/symlink.o
  LD      drivers/dma/built-in.o
  CC      lib/fdt_strerror.o
  LD      sound/usb/snd-usb-audio.o
  LD      sound/usb/snd-usbmidi-lib.o
  CC      drivers/devfreq/governor_bw_hwmon.o
  LD      sound/usb/built-in.o
  CC      net/ipv4/protocol.o
  CC      fs/jbd2/checkpoint.o
  CC      lib/fdt_sw.o
  CC      fs/nls/nls_base.o
  CC      kernel/kallsyms.o
  CC      fs/ext4/hash.o
  CC      fs/f2fs/recovery.o
  CC      fs/fuse/control.o
  CC      lib/fdt_wip.o
  LD      fs/fat/fat.o
  LD      fs/fat/vfat.o
  LD      fs/fat/msdos.o
  LD      fs/fat/built-in.o
  CC      sound/soc/codecs/wsa881x.o
  CC      drivers/devfreq/governor_gpubw_mon.o
  CC      fs/notify/fsnotify.o
  CC      fs/nls/nls_cp437.o
  CC      lib/flex_proportions.o
  CC      net/ipv4/ip_input.o
  CC      kernel/compat.o
  CC      fs/jbd2/revoke.o
  CC      fs/fuse/shortcircuit.o
  CC      fs/ext4/resize.o
  LD      sound/soundcore.o
  CC      net/ipv4/ip_fragment.o
  CC      lib/idr.o
  CC      fs/f2fs/shrinker.o
  CC      drivers/devfreq/governor_bw_vbif.o
  CC      fs/nls/nls_ascii.o
  CC      fs/notify/notification.o
  LD      fs/fuse/fuse.o
  LD      fs/fuse/built-in.o
  CC      sound/soc/codecs/wsa881x-tables.o
  CC      net/ipv4/ip_forward.o
  CC      fs/jbd2/journal.o
  CC      drivers/devfreq/devfreq_devbw.o
  CC      fs/notify/group.o
  CC      fs/nls/nls_iso8859-1.o
  CC      kernel/cgroup.o
  CC      fs/f2fs/extent_cache.o
  CC      sound/soc/codecs/wsa881x-regmap.o
  CC      net/ipv4/ip_options.o
  CC      lib/int_sqrt.o
  CC      fs/ext4/extents.o
  CC      net/ipv4/ip_output.o
  CC      lib/ioremap.o
  CC      fs/nls/nls_utf8.o
  CC      fs/notify/inode_mark.o
  CC      drivers/devfreq/devfreq_simple_dev.o
  CC      sound/soc/codecs/wsa881x-temp-sensor.o
  CC      lib/irq_regs.o
  LD      fs/nls/built-in.o
  CC      kernel/cgroup_freezer.o
  CC      net/ipv6/af_inet6.o
  CC      lib/is_single_threaded.o
  CC      fs/f2fs/sysfs.o
  LD      drivers/devfreq/built-in.o
  CC      fs/notify/mark.o
  CC      drivers/gpio/devres.o
  CC      sound/soc/codecs/msm8916-wcd-irq.o
  CC      fs/proc/task_mmu.o
  CC      lib/klist.o
  LD      fs/jbd2/jbd2.o
  CC      fs/ext4/ext4_jbd2.o
  LD      fs/jbd2/built-in.o
  CC      net/key/af_key.o
  CC      drivers/gpio/gpiolib.o
  CC      net/ipv4/ip_sockglue.o
  CC      fs/f2fs/debug.o
  CC      fs/notify/vfsmount_mark.o
  CC      kernel/cpuset.o
  CC      fs/ext4/migrate.o
  CC      net/ipv6/anycast.o
  LD      sound/soc/codecs/snd-soc-wcd-mbhc.o
  CC      lib/kobject.o
  LD      sound/soc/codecs/snd-soc-wcd-cpe.o
  LD      sound/soc/codecs/snd-soc-wsa881x.o
  LD      sound/soc/codecs/snd-soc-msm-stub.o
  LD      sound/soc/codecs/snd-soc-ts4621.o
  LD      sound/soc/codecs/audio-ext-clock.o
  LD      sound/soc/codecs/snd-soc-msm8x16-wcd.o
  LD      sound/soc/codecs/built-in.o
  CC      fs/notify/fdinfo.o
  CC      fs/proc/inode.o
  CC      fs/f2fs/xattr.o
  CC      sound/soc/msm/msm-cpe-lsm.o
  CC      fs/ext4/mballoc.o
  CC      fs/notify/dnotify/dnotify.o
  CC      drivers/gpio/gpiolib-of.o
  CC      net/ipv6/ip6_output.o
  CC      net/ipv4/inet_hashtables.o
  CC      lib/kobject_uevent.o
  CC      kernel/res_counter.o
  CC      fs/proc/root.o
  CC      drivers/gpu/msm/adreno_ringbuffer.o
  LD      fs/notify/dnotify/built-in.o
  CC      fs/notify/inotify/inotify_fsnotify.o
  CC      drivers/gpio/qpnp-pin.o
  CC      fs/f2fs/acl.o
  CC      kernel/stop_machine.o
  LD      net/key/built-in.o
  CC      fs/notify/inotify/inotify_user.o
  CC      fs/proc/base.o
  CC      lib/md5.o
  CC      net/ipv4/inet_timewait_sock.o
  CC      sound/soc/msm/msm-pcm-hostless.o
  CC      lib/plist.o
  CC      kernel/audit.o
  LD      fs/notify/inotify/built-in.o
  CC      drivers/gpio/gpio-msm-smp2p.o
  CC      lib/prio_heap.o
  LD      fs/f2fs/f2fs.o
  LD      fs/notify/built-in.o
  CC      drivers/gpu/msm/adreno_drawctxt.o
  LD      fs/f2fs/built-in.o
  CC      fs/proc/generic.o
  CC      sound/soc/msm/msm8x16.o
  CC      fs/proc/array.o
  CC      drivers/hid/hid-lg.o
  CC      lib/proportions.o
  CC      net/ipv4/inet_connection_sock.o
  CC      fs/ext4/block_validity.o
  CC      net/ipv6/ip6_input.o
  CC      drivers/hid/hid-lgff.o
  CC      drivers/gpio/gpio-msm-smp2p-test.o
  CC      fs/ext4/move_extent.o
  CC      lib/radix-tree.o
  CC      drivers/gpu/msm/adreno_dispatch.o
  CC      fs/proc/fd.o
  CC      net/l2tp/l2tp_core.o
  CC      drivers/hid/hid-lg2ff.o
  CC      kernel/auditfilter.o
  CC      fs/ext4/mmp.o
  CC      sound/soc/msm/msm8939-slimbus.o
  LD      drivers/gpio/built-in.o
  CC      fs/pstore/inode.o
  CC      lib/ratelimit.o
  CC      drivers/gpu/vga/vgaarb.o
  CC      fs/proc/proc_tty.o
  CC      net/ipv4/tcp.o
  CC      net/ipv6/addrconf.o
  CC      drivers/hid/hid-lg3ff.o
  CC      lib/rbtree.o
  CC      drivers/gpu/msm/adreno_snapshot.o
  CC      fs/proc/cmdline.o
  CC      fs/ext4/indirect.o
  CC      kernel/seccomp.o
  CC      drivers/hid/hid-lg4ff.o
  CC      fs/pstore/platform.o
  CC      lib/reciprocal_div.o
  CC      sound/soc/msm/msm-audio-pinctrl.o
  LD      drivers/gpu/vga/built-in.o
  CC      lib/rwsem.o
  CC      net/llc/llc_core.o
  CC      net/l2tp/l2tp_ppp.o
  CC      fs/proc/consoles.o
  CC      drivers/gpu/msm/adreno_coresight.o
  CC      fs/pstore/ram.o
  CC      sound/soc/msm/msm-dai-fe.o
  CC      kernel/utsname_sysctl.o
  CC      lib/sha1.o
  CC      drivers/hid/hid-picolcd_core.o
  CC      fs/proc/cpuinfo.o
  CC      fs/ext4/extents_status.o
  CC      lib/show_mem.o
  CC      drivers/gpu/msm/adreno_trace.o
  CC      net/llc/llc_input.o
  CC      kernel/elfcore.o
  CC      fs/pstore/ram_core.o
  CC      net/ipv4/tcp_input.o
  CC      fs/proc/devices.o
  CC      net/ipv6/addrlabel.o
  LD      net/l2tp/built-in.o
  CC      drivers/gpu/msm/adreno_a3xx.o
  CC      drivers/hid/hid-picolcd_debugfs.o
  CC      lib/string.o
  CC      sound/soc/msm/qdsp6v2/msm-dai-q6-v2.o
  CC      kernel/irq_work.o
  CC      drivers/gpu/msm/adreno_a4xx.o
  CC      fs/ext4/xattr.o
  CC      fs/pstore/pmsg.o
  CC      net/llc/llc_output.o
  CC      fs/proc/interrupts.o
  CC      lib/timerqueue.o
  CC      kernel/cpu_pm.o
  LD      fs/pstore/ramoops.o
  CC      lib/vsprintf.o
  LD      fs/pstore/pstore.o
  LD      fs/pstore/built-in.o
  CC      fs/quota/dquot.o
  CC      drivers/hid/hid-wiimote-core.o
  CC      fs/proc/loadavg.o
  CC      net/ipv6/route.o
  LD      net/llc/llc.o
  LD      net/llc/built-in.o
  CC      drivers/gpu/msm/adreno_a3xx_snapshot.o
  CC      drivers/gpu/msm/adreno_a4xx_snapshot.o
  LD      kernel/built-in.o
  LD      sound/soc/msm/snd-soc-qdsp6v2.o
  CC      drivers/gpu/msm/adreno.o
  CC      sound/soc/msm/qdsp6v2/msm-pcm-q6-v2.o
  CC      fs/ext4/xattr_user.o
  CC      net/ipv6/ip6_fib.o
  CC      fs/proc/meminfo.o
  CC      drivers/hid/hid-wiimote-ext.o
  CC      fs/ramfs/inode.o
  CC      fs/ext4/xattr_trusted.o
  LD      lib/built-in.o
  CC      sound/soc/msm/qdsp6v2/msm-pcm-routing-v2.o
  AR      lib/lib.a
  CC      fs/proc/stat.o
  CC      sound/soc/msm/qdsp6v2/msm-compress-q6-v2.o
  CC      fs/quota/quota_v2.o
  CC      fs/ramfs/file-mmu.o
  CC      drivers/gpu/msm/adreno_cp_parser.o
  CC      fs/ext4/inline.o
  CC      net/ipv4/tcp_output.o
  CC      drivers/hid/hid-wiimote-debug.o
  CC      net/netfilter/core.o
  CC      fs/proc/uptime.o
  CC      fs/quota/quota_tree.o
  CC      fs/quota/quota.o
  LD      fs/ramfs/ramfs.o
  LD      fs/ramfs/built-in.o
  CC      drivers/hwmon/hwmon.o
  CC      drivers/hid/hid-debug.o
  CC      net/ipv6/ipv6_sockglue.o
  CC      fs/proc/version.o
  CC      drivers/gpu/msm/adreno_iommu.o
  CC      sound/soc/msm/qdsp6v2/msm-pcm-lpa-v2.o
  CC      sound/soc/msm/qdsp6v2/msm-pcm-afe-v2.o
  CC      fs/ext4/acl.o
  CC      drivers/hwmon/qpnp-adc-voltage.o
  CC      fs/proc/softirqs.o
  CC      net/netfilter/nf_log.o
  CC      fs/quota/kqid.o
  CC      drivers/hid/hid-core.o
  CC      net/netlink/af_netlink.o
  CC      drivers/gpu/msm/adreno_perfcounter.o
  CC      net/ipv4/tcp_timer.o
  CC      fs/proc/namespaces.o
  CC      net/ipv6/ndisc.o
  CC      net/packet/af_packet.o
  CC      sound/soc/msm/qdsp6v2/msm-pcm-voip-v2.o
  LD      fs/quota/built-in.o
  CC      drivers/hid/hid-input.o
  CC      fs/ext4/xattr_security.o
  CC      net/netfilter/nf_queue.o
  CC      drivers/hwmon/qpnp-adc-common.o
  CC      drivers/gpu/msm/adreno_debugfs.o
  CC      fs/proc/self.o
  CC      drivers/hid/hidraw.o
  LD      fs/ext4/ext4.o
  LD      fs/ext4/built-in.o
  CC      net/netfilter/nf_sockopt.o
  CC      sound/soc/msm/qdsp6v2/msm-pcm-voice-v2.o
  CC      net/ipv4/tcp_ipv4.o
  CC      fs/proc/proc_sysctl.o
  CC      net/ipv4/tcp_minisocks.o
  LD      drivers/hwmon/built-in.o
  CC      net/netlink/genetlink.o
  CC      net/ipv6/udp.o
  CC      drivers/gpu/msm/adreno_profile.o
  CC      sound/soc/msm/qdsp6v2/msm-dai-q6-hdmi-v2.o
  CC      net/rfkill/core.o
  CC      drivers/hid/uhid.o
  CC      net/netfilter/nf_conntrack_core.o
  LD      net/packet/built-in.o
  CC      drivers/hwspinlock/hwspinlock_core.o
  CC      drivers/hid/hid-generic.o
  CC      fs/sdcardfs/dentry.o
  CC      sound/soc/msm/qdsp6v2/msm-lsm-client.o
  LD      net/rfkill/rfkill.o
  LD      net/rfkill/built-in.o
  LD      sound/soc/msm/snd-soc-cpe.o
  CC      net/ipv6/udplite.o
  CC      fs/proc/proc_net.o
  CC      drivers/gpu/msm/adreno_compat.o
  CC      drivers/hwspinlock/msm_remote_spinlock.o
  CC      fs/sdcardfs/file.o
  LD      net/netlink/built-in.o
  CC      net/rmnet_data/rmnet_data_main.o
  CC      drivers/hid/hid-a4tech.o
  CC      net/ipv4/tcp_cong.o
  CC      sound/soc/msm/qdsp6v2/msm-pcm-host-voice-v2.o
  CC      drivers/i2c/i2c-boardinfo.o
  LD      drivers/hwspinlock/built-in.o
  CC      fs/sdcardfs/inode.o
  CC      net/netfilter/nf_conntrack_standalone.o
  CC      fs/proc/proc_devtree.o
  CC      drivers/gpu/msm/kgsl.o
  CC      net/ipv6/raw.o
  CC      drivers/hid/hid-axff.o
  CC      net/rmnet_data/rmnet_data_config.o
  CC      drivers/gpu/msm/kgsl_trace.o
  CC      drivers/i2c/i2c-core.o
  LD      sound/soc/msm/snd-soc-msm8x16.o
  CC      fs/sysfs/inode.o
  CC      fs/proc/kmsg.o
  CC      net/ipv4/tcp_metrics.o
  CC      net/netfilter/nf_conntrack_expect.o
  CC      sound/soc/msm/qdsp6v2/msm-audio-effects-q6-v2.o
  CC      drivers/hid/hid-apple.o
  CC      fs/sdcardfs/main.o
  CC      fs/sysfs/file.o
  CC      fs/proc/page.o
  CC      net/rmnet_data/rmnet_data_vnd.o
  CC      drivers/input/input.o
  CC      drivers/hid/hid-belkin.o
  CC      net/ipv6/icmp.o
  CC      drivers/i2c/i2c-dev.o
  CC      fs/sdcardfs/super.o
  CC      sound/soc/msm/qdsp6v2/msm-pcm-loopback-v2.o
  LD      fs/proc/proc.o
  CC      net/netfilter/nf_conntrack_helper.o
  LD      fs/proc/built-in.o
  CC      drivers/input/input-compat.o
  CC      fs/sysfs/dir.o
  CC      drivers/hid/hid-cherry.o
  CC      net/ipv4/tcp_fastopen.o
  CC      net/rmnet_data/rmnet_data_handlers.o
  CC      fs/sdcardfs/lookup.o
  CC      drivers/i2c/busses/i2c-msm-v2.o
  CC      net/rmnet_data/rmnet_map_data.o
  CC      sound/soc/msm/qdsp6v2/msm-dai-slim.o
  CC      drivers/input/input-mt.o
  CC      drivers/gpu/msm/kgsl_sharedmem.o
  CC      fs/sysfs/symlink.o
  CC      net/ipv6/mcast.o
  CC      net/netfilter/nf_conntrack_proto.o
  CC      fs/sdcardfs/mmap.o
  CC      drivers/hid/hid-chicony.o
  CC      net/ipv4/datagram.o
  CC      net/ipv4/raw.o
  CC      drivers/input/ff-core.o
  CC      sound/soc/msm/qdsp6v2/msm-pcm-dtmf-v2.o
  CC      fs/sysfs/mount.o
  CC      fs/sdcardfs/packagelist.o
  CC      drivers/gpu/msm/kgsl_pwrctrl.o
  CC      drivers/hid/hid-cypress.o
  CC      net/rmnet_data/rmnet_map_command.o
  CC      net/netfilter/nf_conntrack_l3proto_generic.o
  LD      drivers/i2c/busses/built-in.o
  LD      drivers/i2c/built-in.o
  CC      net/netfilter/nf_conntrack_proto_generic.o
  CC      net/ipv6/reassembly.o
  CC      fs/sysfs/bin.o
  CC      drivers/hid/hid-dr.o
  CC      drivers/input/ff-memless.o
  CC      sound/soc/msm/qdsp6v2/msm-dai-stub-v2.o
  CC      net/ipv4/udp.o
  CC      fs/sysfs/group.o
  CC      net/ipv6/tcp_ipv6.o
  CC      net/netfilter/nf_conntrack_proto_tcp.o
  CC      net/rmnet_data/rmnet_data_stats.o
  CC      drivers/hid/hid-emsff.o
  CC      fs/eventpoll.o
  CC      sound/soc/msm/qdsp6v2/msm-pcm-routing-devdep.o
  CC      drivers/input/input-polldev.o
  LD      fs/sysfs/built-in.o
  CC      drivers/hid/hid-elecom.o
  CC      drivers/gpu/msm/kgsl_pwrscale.o
  LD      sound/soc/msm/snd-soc-hostless-pcm.o
  CC      drivers/input/serio/serio.o
  CC      net/ipv4/udplite.o
  CC      sound/soc/msm/qdsp6v2/msm-dolby-dap-config.o
  CC      drivers/input/mousedev.o
  CC      drivers/hid/hid-ezkey.o
  LD      net/rmnet_data/rmnet_data.o
  LD      net/rmnet_data/built-in.o
  CC      drivers/gpu/msm/kgsl_mmu.o
  CC      drivers/iommu/iommu.o
  CC      drivers/input/serio/serport.o
  CC      fs/sdcardfs/derived_perm.o
  CC      net/netfilter/nf_conntrack_proto_udp.o
  CC      net/sched/sch_generic.o
  CC      drivers/hid/hid-gyration.o
  CC      net/ipv4/arp.o
  CC      net/ipv6/ping.o
  CC      net/ipv6/exthdrs.o
  CC      sound/soc/msm/qdsp6v2/msm-ds2-dap-config.o
  CC      drivers/gpu/msm/kgsl_iommu.o
  CC      drivers/input/evdev.o
  CC      drivers/iommu/of_iommu.o
  CC      drivers/input/serio/libps2.o
  LD      fs/sdcardfs/sdcardfs.o
  LD      fs/sdcardfs/built-in.o
  CC      drivers/hid/hid-holtek-kbd.o
  CC      fs/anon_inodes.o
  CC      net/netfilter/nf_conntrack_extend.o
  CC      net/netfilter/nf_conntrack_acct.o
  CC      drivers/iommu/msm_iommu.o
  CC      net/sched/sch_mq.o
  CC      net/ipv4/icmp.o
  LD      drivers/input/serio/built-in.o
  CC      drivers/hid/hid-holtekff.o
  CC      fs/signalfd.o
  CC      drivers/irqchip/irqchip.o
  CC      drivers/input/joystick/xpad.o
  CC      drivers/iommu/msm_iommu_domains.o
  CC      net/ipv6/datagram.o
  CC      drivers/gpu/msm/kgsl_snapshot.o
  CC      drivers/irqchip/irq-gic.o
  CC      net/netfilter/nf_conntrack_ecache.o
  CC      sound/soc/msm/qdsp6v2/msm-dts-srs-tm-config.o
  CC      sound/soc/msm/qdsp6v2/msm-qti-pp-config.o
  CC      drivers/hid/hid-kensington.o
  CC      fs/timerfd.o
  CC      net/sched/sch_api.o
  CC      net/ipv4/devinet.o
  CC      sound/soc/msm/qdsp6v2/audio_calibration.o
  CC      drivers/hid/hid-keytouch.o
  CC      drivers/iommu/msm_iommu_mapping.o
  LD      drivers/input/joystick/built-in.o
  CC      drivers/irqchip/irq-msm.o
  CC      drivers/gpu/msm/kgsl_events.o
  CC      net/netfilter/nf_conntrack_h323_main.o
  CC      drivers/input/keyboard/atkbd.o
  CC      drivers/hid/hid-kye.o
  CC      net/ipv6/ip6_flowlabel.o
  CC      fs/eventfd.o
  CC      drivers/irqchip/msm_show_resume_irq.o
  CC      net/netfilter/nf_conntrack_h323_asn1.o
  CC      drivers/iommu/msm_iommu-v1.o
  CC      sound/soc/msm/qdsp6v2/audio_cal_utils.o
  CC      drivers/hid/hid-lcpower.o
  CC      drivers/gpu/msm/kgsl_debugfs.o
  LD      drivers/irqchip/built-in.o
  CC      net/ipv6/inet6_connection_sock.o
  CC      net/sched/sch_blackhole.o
  CC      drivers/input/keyboard/gpio_keys.o
  CC      drivers/leds/led-core.o
  CC      fs/aio.o
  LD      drivers/hid/hid-logitech.o
  CC      drivers/hid/hid-logitech-dj.o
  CC      net/netfilter/nf_nat_core.o
  CC      net/ipv4/af_inet.o
  CC      drivers/gpu/msm/kgsl_sync.o
  CC      net/sched/cls_api.o
  CC      drivers/input/misc/gpio_event.o
  CC      sound/soc/msm/qdsp6v2/q6adm.o
  CC      drivers/leds/led-class.o
  CC      drivers/iommu/msm_iommu_dev-v1.o
  CC      net/ipv6/sysctl_net_ipv6.o
  LD      drivers/input/keyboard/built-in.o
  CC      drivers/input/touchscreen/synaptics_dsx/synaptics_dsx_i2c.o
  CC      drivers/hid/hid-magicmouse.o
  CC      drivers/gpu/msm/kgsl_compat.o
  CC      drivers/input/misc/gpio_matrix.o
  CC      drivers/leds/led-triggers.o
  CC      drivers/iommu/msm_iommu_sec.o
  CC      fs/locks.o
  CC      net/ipv6/xfrm6_policy.o
  LD      drivers/input/touchscreen/synaptics_dsx/built-in.o
  CC      net/sched/act_api.o
  CC      net/netfilter/nf_nat_proto_unknown.o
  CC      drivers/input/touchscreen/synaptics_oppo/synaptics_oppo_driver_3508.o
  CC      drivers/hid/hid-microsoft.o
  CC      drivers/leds/leds-qpnp.o
  CC      net/ipv4/igmp.o
  CC      drivers/input/misc/gpio_input.o
  LD      drivers/gpu/msm/msm_kgsl_core.o
  LD      drivers/gpu/msm/msm_adreno.o
  LD      drivers/gpu/msm/built-in.o
  LD      drivers/gpu/built-in.o
  CC      drivers/hid/hid-monterey.o
  CC      drivers/iommu/msm_iommu_pagetable.o
  CC      net/netfilter/nf_nat_proto_common.o
  CC      net/ipv6/xfrm6_state.o
  CC      fs/compat.o
  CC      sound/soc/msm/qdsp6v2/q6afe.o
  CC      net/sched/sch_fifo.o
  CC      drivers/input/touchscreen/synaptics_oppo/synaptics_oppo_driver_3203.o
  CC      drivers/input/misc/gpio_output.o
  CC      drivers/hid/hid-multitouch.o
  LD      drivers/iommu/built-in.o
  CC      drivers/input/keyreset.o
  CC      net/netfilter/nf_nat_proto_udp.o
  CC      drivers/input/misc/gpio_axis.o
  CC      net/ipv4/fib_frontend.o
  CC      net/ipv6/xfrm6_input.o
  CC      drivers/input/misc/hbtp_input.o
  CC      fs/compat_ioctl.o
  CC      drivers/hid/hid-ntrig.o
  CC      net/sched/sch_htb.o
  CC      net/netfilter/nf_nat_proto_tcp.o
  CC      net/sched/sch_prio.o
  CC      drivers/leds/leds-gpio.o
  CC      drivers/hid/hid-ortek.o
  CC      net/ipv6/xfrm6_output.o
  CC      drivers/input/misc/hbtp_vm.o
  CC      drivers/leds/leds-msm-gpio-flash.o
  CC      drivers/hid/hid-prodikeys.o
  CC      drivers/input/touchscreen/synaptics_oppo/synaptics_redremote.o
  CC      net/ipv4/fib_semantics.o
  CC      net/netfilter/nf_nat_helper.o
  CC      drivers/hid/hid-pl.o
  CC      net/unix/af_unix.o
  CC      sound/soc/msm/qdsp6v2/q6asm.o
  CC      fs/binfmt_script.o
  CC      net/ipv6/netfilter.o
  CC      drivers/leds/trigger/ledtrig-backlight.o
  CC      drivers/input/misc/keychord.o
  CC      net/sched/cls_u32.o
  CC      drivers/hid/hid-petalynx.o
  CC      drivers/input/keycombo.o
  LD      drivers/input/touchscreen/synaptics_oppo/built-in.o
  LD      drivers/input/touchscreen/built-in.o
  CC      net/ipv6/fib6_rules.o
  CC      fs/binfmt_elf.o
  CC      net/ipv4/fib_trie.o
  CC      net/netfilter/nfnetlink_queue_core.o
  LD      drivers/leds/trigger/built-in.o
  LD      drivers/leds/built-in.o
  CC      net/ipv4/inet_fragment.o
  LD      drivers/hid/hid-picolcd.o
  CC      drivers/hid/hid-primax.o
  CC      drivers/input/misc/kxtj9.o
  CC      fs/compat_binfmt_elf.o
  CC      net/unix/garbage.o
  CC      net/sched/cls_fw.o
  CC      sound/soc/msm/qdsp6v2/q6audio-v2.o
  CC      net/ipv6/proc.o
  CC      drivers/hid/hid-roccat.o
  CC      net/ipv4/ping.o
  CC      net/ipv6/ah6.o
  CC      net/unix/sysctl_net_unix.o
  CC      drivers/input/misc/uinput.o
  CC      net/netfilter/nfnetlink.o
  CC      net/sched/cls_flow.o
  CC      drivers/md/dm-uevent.o
  CC      drivers/hid/hid-roccat-common.o
  CC      fs/mbcache.o
  CC      drivers/input/misc/mmc3416x.o
  CC      sound/soc/msm/qdsp6v2/q6voice.o
  CC      drivers/hid/hid-roccat-arvo.o
  LD      net/unix/unix.o
  LD      net/unix/built-in.o
  CC      drivers/md/dm.o
  CC      sound/soc/msm/qdsp6v2/q6core.o
  CC      net/ipv6/esp6.o
  CC      net/netfilter/nfnetlink_log.o
  LD      net/netfilter/nf_conntrack.o
  CC      net/ipv4/ip_tunnel.o
  CC      fs/posix_acl.o
  CC      drivers/input/misc/akm8963.o
  CC      net/sched/ematch.o
  CC      drivers/hid/hid-roccat-isku.o
  CC      drivers/md/dm-table.o
  CC      drivers/media/platform/msm/camera_v2_oppo_51/msm.o
  CC      net/ipv6/ipcomp6.o
  CC      fs/xattr_acl.o
  CC      net/netfilter/nf_conntrack_proto_dccp.o
  CC      drivers/hid/hid-roccat-kone.o
  CC      drivers/media/platform/msm/vidc/msm_v4l2_vidc.o
  CC      net/netfilter/nf_conntrack_proto_gre.o
  CC      net/sched/em_cmp.o
  CC      drivers/input/misc/lis3dh_acc.o
  CC      fs/generic_acl.o
  CC      net/ipv4/sysctl_net_ipv4.o
  CC      drivers/hid/hid-roccat-koneplus.o
  CC      drivers/md/dm-target.o
  CC      net/ipv6/xfrm6_tunnel.o
  CC      drivers/media/platform/msm/camera_v2_oppo_51/camera/camera.o
  CC      net/sched/em_nbyte.o
  CC      drivers/input/misc/apds9921.o
  CC      net/netfilter/nf_conntrack_proto_sctp.o
  CC      fs/coredump.o
  CC      sound/soc/msm/qdsp6v2/rtac.o
  CC      drivers/media/platform/msm/vidc/msm_vidc_common.o
  CC      fs/drop_caches.o
  CC      net/ipv4/sysfs_net_ipv4.o
  CC      drivers/md/dm-linear.o
  CC      drivers/hid/hid-roccat-konepure.o
  CC      net/sched/em_u32.o
  LD      drivers/media/platform/msm/camera_v2_oppo_51/camera/built-in.o
  CC      net/ipv6/tunnel6.o
  CC      drivers/media/platform/msm/camera_v2_oppo_51/isp/msm_isp.o
  CC      net/sched/em_meta.o
  LD      fs/built-in.o
  CC      drivers/media/platform/msm/camera_v2_oppo_51/isp/msm_buf_mgr.o
  LD      drivers/input/misc/built-in.o
  LD      drivers/input/input-core.o
  CC      net/netfilter/nf_conntrack_proto_udplite.o
  CC      drivers/hid/hid-roccat-kovaplus.o
  CC      net/ipv4/proc.o
  LD      drivers/input/built-in.o
  CC      drivers/md/dm-stripe.o
  CC      net/netfilter/nf_conntrack_netlink.o
  CC      drivers/media/platform/msm/camera_v2_oppo_51/isp/msm_isp_util.o
  CC      sound/soc/msm/qdsp6v2/q6lsm.o
  CC      drivers/media/platform/msm/camera_v2_oppo_51/ispif/msm_ispif.o
  CC      drivers/md/dm-ioctl.o
  CC      drivers/hid/hid-roccat-lua.o
  CC      net/ipv6/xfrm6_mode_transport.o
  CC      net/ipv4/fib_rules.o
  CC      net/sched/em_text.o
  CC      drivers/media/platform/msm/camera_v2_oppo_51/msm_buf_mgr/msm_generic_buf_mgr.o
  CC      drivers/media/platform/msm/camera_v2_oppo_51/jpeg_10/msm_jpeg_dev.o
  CC      drivers/hid/hid-roccat-pyra.o
  CC      net/netfilter/nf_conntrack_amanda.o
  CC      net/ipv6/xfrm6_mode_tunnel.o
  LD      drivers/media/platform/msm/camera_v2_oppo_51/msm_buf_mgr/built-in.o
  CC      drivers/hid/hid-roccat-savu.o
  CC      sound/soc/msm/qdsp6v2/audio_slimslave.o
  CC      drivers/media/platform/msm/camera_v2_oppo_51/isp/msm_isp_axi_util.o
  CC      drivers/media/platform/msm/camera_v2_oppo_51/jpeg_10/msm_jpeg_sync.o
  LD      net/sched/built-in.o
  CC      drivers/media/platform/msm/vidc/msm_vidc.o
  CC      net/ipv4/ah4.o
  LD      drivers/media/platform/msm/camera_v2_oppo_51/ispif/built-in.o
  CC      drivers/md/dm-io.o
  CC      drivers/mfd/mfd-core.o
  LD      sound/soc/msm/qdsp6v2/snd-soc-qdsp6v2.o
  CC      net/netfilter/nf_conntrack_ftp.o
  LD      sound/soc/msm/qdsp6v2/built-in.o
  CC      net/ipv6/xfrm6_mode_beet.o
  LD      sound/soc/msm/built-in.o
  CC      drivers/media/platform/msm/vidc/msm_vdec.o
  LD      sound/soc/snd-soc-core.o
  CC      drivers/hid/hid-saitek.o
  LD      sound/soc/built-in.o
  LD      sound/built-in.o
  CC      drivers/media/platform/msm/camera_v2_oppo_51/isp/msm_isp_stats_util.o
  CC      drivers/media/platform/msm/camera_v2_oppo_51/jpeg_10/msm_jpeg_core.o
  CC      drivers/mfd/wcd9xxx-core.o
  CC      drivers/md/dm-kcopyd.o
  CC      net/ipv4/esp4.o
  CC      drivers/media/platform/msm/camera_v2_oppo_51/msm_vb2/msm_vb2.o
  CC      drivers/hid/hid-samsung.o
  LD      net/netfilter/nf_conntrack_h323.o
  CC      net/netfilter/nf_conntrack_irc.o
  CC      net/ipv4/tunnel4.o
  CC      drivers/md/dm-sysfs.o
  CC      net/ipv6/mip6.o
  CC      drivers/media/platform/msm/camera_v2_oppo_51/isp/msm_isp47.o
  CC      drivers/media/platform/msm/camera_v2_oppo_51/jpeg_10/msm_jpeg_hw.o
  LD      drivers/media/platform/msm/camera_v2_oppo_51/msm_vb2/built-in.o
  CC      drivers/mfd/wcd9xxx-irq.o
  CC      drivers/misc/uid_stat.o
  CC      drivers/hid/hid-sjoy.o
  CC      drivers/media/platform/msm/vidc/msm_venc.o
  CC      drivers/md/dm-builtin.o
  CC      drivers/media/platform/msm/camera_v2_oppo_51/isp/msm_isp46.o
  CC      drivers/media/platform/msm/camera_v2_oppo_51/jpeg_10/msm_jpeg_platform.o
  CC      net/wireless/core.o
  CC      net/netfilter/nf_conntrack_broadcast.o
  CC      net/ipv4/xfrm4_mode_transport.o
  CC      net/ipv6/netfilter/ip6_tables.o
  CC      drivers/mfd/wcd9xxx-slimslave.o
  CC      drivers/md/dm-bufio.o
  CC      drivers/hid/hid-sony.o
  CC      drivers/misc/qcom/qdsp6v2/aac_in.o
  CC      drivers/hid/hid-speedlink.o
  LD      drivers/media/platform/msm/camera_v2_oppo_51/jpeg_10/built-in.o
  CC      drivers/hid/hid-sunplus.o
  CC      net/netfilter/nf_conntrack_netbios_ns.o
  CC      net/ipv4/xfrm4_mode_tunnel.o
  CC      drivers/mfd/wcd9xxx-core-resource.o
  CC      drivers/mmc/card/block.o
  CC      drivers/media/platform/msm/camera_v2_oppo_51/isp/msm_isp44.o
  CC      net/ipv6/netfilter/ip6table_filter.o
  CC      drivers/misc/qcom/qdsp6v2/qcelp_in.o
  CC      drivers/md/dm-crypt.o
  CC      drivers/hid/hid-gaff.o
  CC      drivers/mfd/wcd9335-regmap.o
  CC      net/wireless/sysfs.o
  CC      net/netfilter/nf_conntrack_pptp.o
  CC      drivers/media/platform/msm/vidc/msm_smem.o
  CC      net/ipv4/ipconfig.o
  CC      net/ipv6/netfilter/ip6table_mangle.o
  CC      drivers/misc/qcom/qdsp6v2/evrc_in.o
  CC      drivers/hid/hid-tmff.o
  CC      drivers/mfd/wcd9335-tables.o
  CC      drivers/media/platform/msm/camera_v2_oppo_51/pproc/cpp/msm_cpp.o
  CC      drivers/media/platform/msm/camera_v2_oppo_51/isp/msm_isp40.o
  LD      drivers/mfd/built-in.o
  CC      net/wireless/radiotap.o
  CC      drivers/md/dm-verity.o
  CC      drivers/media/platform/msm/camera_v2_oppo_51/sensor/actuator/msm_actuator.o
  CC      drivers/mmc/card/queue.o
  CC      net/netfilter/nf_conntrack_sane.o
  CC      drivers/misc/qcom/qdsp6v2/amrnb_in.o
  CC      drivers/media/platform/msm/vidc/msm_vidc_debug.o
  CC      net/ipv6/netfilter/ip6table_raw.o
  CC      drivers/hid/hid-tivo.o
  CC      net/ipv4/netfilter.o
  CC      drivers/misc/qcom/qdsp6v2/audio_utils.o
  CC      net/wireless/util.o
  CC      drivers/md/dm-req-crypt.o
  LD      drivers/mmc/card/mmc_block.o
  LD      drivers/mmc/card/built-in.o
  CC      net/netfilter/nf_conntrack_tftp.o
  CC      drivers/hid/hid-topseed.o
  LD      drivers/media/platform/msm/camera_v2_oppo_51/sensor/actuator/built-in.o
  CC      drivers/media/platform/msm/camera_v2_oppo_51/sensor/cci/msm_cci.o
  CC      drivers/media/platform/msm/vidc/msm_vidc_res_parse.o
  CC      net/ipv6/netfilter/nf_conntrack_l3proto_ipv6.o
  CC      drivers/mmc/core/core.o
  LD      drivers/media/platform/msm/camera_v2_oppo_51/pproc/cpp/built-in.o
  CC      drivers/media/platform/msm/camera_v2_oppo_51/isp/msm_isp32.o
  CC      drivers/media/platform/msm/camera_v2_oppo_51/pproc/vpe/msm_vpe.o
  CC      drivers/hid/hid-twinhan.o
  CC      drivers/misc/qcom/qdsp6v2/audio_wma.o
  LD      net/netfilter/nf_nat.o
  CC      net/netfilter/nf_nat_proto_dccp.o
  CC      net/ipv4/netfilter/nf_conntrack_l3proto_ipv4_compat.o
  CC      net/wireless/reg.o
  CC      drivers/hid/hid-uclogic.o
  LD      drivers/md/dm-mod.o
  LD      drivers/media/platform/msm/camera_v2_oppo_51/sensor/cci/built-in.o
  LD      drivers/md/built-in.o
  CC      drivers/media/platform/msm/camera_v2_oppo_51/sensor/csid/msm_csid.o
  CC      drivers/media/platform/msm/vidc/venus_hfi.o
  CC      net/ipv6/netfilter/nf_conntrack_proto_icmpv6.o
  CC      drivers/media/platform/msm/camera_v2_oppo_51/sensor/csiphy/msm_csiphy.o
  LD      drivers/media/platform/msm/camera_v2_oppo_51/isp/built-in.o
  CC      drivers/misc/qcom/qdsp6v2/audio_wmapro.o
  CC      net/netfilter/nf_nat_proto_udplite.o
  LD      drivers/media/platform/msm/camera_v2_oppo_51/pproc/vpe/built-in.o
  LD      drivers/media/platform/msm/camera_v2_oppo_51/pproc/built-in.o
  CC      drivers/misc/qcom/qdsp6v2/audio_aac.o
  CC      drivers/misc/qcom/qdsp6v2/audio_multi_aac.o
  CC      drivers/hid/hid-zpff.o
  CC      drivers/mmc/core/bus.o
  CC      net/ipv4/netfilter/nf_conntrack_l3proto_ipv4.o
  CC      net/ipv6/netfilter/nf_defrag_ipv6_hooks.o
  LD      drivers/media/platform/msm/camera_v2_oppo_51/sensor/csiphy/built-in.o
  CC      drivers/media/platform/msm/vidc/hfi_response_handler.o
  LD      drivers/media/platform/msm/camera_v2_oppo_51/sensor/csid/built-in.o
  CC      drivers/media/platform/msm/camera_v2_oppo_51/sensor/eeprom/msm_eeprom.o
  CC      net/xfrm/xfrm_policy.o
  CC      drivers/hid/hid-zydacron.o
  CC      drivers/hid/hid-wacom.o
  CC      drivers/misc/qcom/qdsp6v2/audio_alac.o
  CC      net/wireless/scan.o
  CC      net/netfilter/nf_nat_proto_sctp.o
  CC      drivers/mmc/core/host.o
  CC      net/ipv6/netfilter/nf_conntrack_reasm.o
  CC      net/ipv4/netfilter/nf_conntrack_proto_icmp.o
  CC      drivers/misc/qcom/qdsp6v2/audio_ape.o
  CC      net/ipv4/inet_diag.o
  LD      drivers/media/platform/msm/camera_v2_oppo_51/sensor/eeprom/built-in.o
  CC      drivers/hid/hid-waltop.o
  CC      net/ipv6/sit.o
  CC      drivers/media/platform/msm/camera_v2_oppo_51/sensor/flash/msm_led_flash.o
  CC      net/netfilter/nf_nat_amanda.o
  CC      drivers/mmc/core/mmc.o
  CC      net/wireless/nl80211.o
  CC      drivers/misc/qcom/qdsp6v2/audio_utils_aio.o
  CC      net/ipv4/netfilter/nf_nat_l3proto_ipv4.o
  CC      net/ipv6/netfilter/ip6t_rpfilter.o
  LD      drivers/hid/hid-wiimote.o
  CC      drivers/hid/usbhid/hid-core.o
  CC      drivers/media/platform/msm/vidc/hfi_packetization.o
  CC      drivers/media/platform/msm/camera_v2_oppo_51/sensor/flash/msm_led_trigger.o
  CC      net/xfrm/xfrm_state.o
  CC      net/netfilter/nf_nat_ftp.o
  CC      drivers/mmc/core/mmc_ops.o
  CC      drivers/media/platform/msm/vidc/vidc_hfi.o
  CC      net/ipv4/netfilter/nf_nat_proto_icmp.o
  CC      drivers/media/tuners/tuner-xc2028.o
  CC      drivers/media/platform/msm/camera_v2_oppo_51/sensor/flash/msm_led_i2c_trigger.o
  CC      net/ipv6/netfilter/ip6t_REJECT.o
  CC      drivers/misc/qcom/qdsp6v2/q6audio_v2.o
  CC      net/xfrm/xfrm_hash.o
  CC      drivers/mmc/core/sd.o
  CC      net/netfilter/nf_nat_irc.o
  CC      drivers/hid/usbhid/hid-quirks.o
  CC      net/ipv4/netfilter/nf_defrag_ipv4.o
  CC      drivers/media/platform/msm/vidc/q6_hfi.o
  CC      drivers/mmc/core/sd_ops.o
  CC      drivers/misc/qcom/qdsp6v2/q6audio_v2_aio.o
  CC      drivers/media/platform/msm/camera_v2_oppo_51/sensor/flash/adp1660.o
  CC      net/xfrm/xfrm_input.o
  LD      net/ipv6/netfilter/nf_conntrack_ipv6.o
  LD      net/ipv6/netfilter/nf_defrag_ipv6.o
  LD      net/ipv6/netfilter/built-in.o
  CC      net/ipv6/addrconf_core.o
  CC      drivers/media/tuners/tuner-simple.o
  CC      net/netfilter/nf_nat_tftp.o
  CC      drivers/hid/usbhid/hiddev.o
  CC      drivers/media/platform/msm/vidc/venus_boot.o
  CC      net/ipv6/exthdrs_core.o
  CC      drivers/mmc/core/sdio.o
  CC      drivers/misc/qcom/qdsp6v2/audio_mp3.o
  CC      drivers/media/platform/msm/camera_v2_oppo_51/sensor/flash/bd7710.o
  CC      net/ipv4/netfilter/nf_nat_h323.o
  CC      net/compat.o
  CC      net/xfrm/xfrm_output.o
  CC      drivers/misc/qcom/qdsp6v2/audio_amrnb.o
  CC      net/netfilter/nf_tproxy_core.o
  CC      drivers/media/platform/msm/camera_v2_oppo_51/sensor/flash/msm_led_torch.o
  CC      drivers/mmc/core/sdio_ops.o
  CC      net/ipv6/ip6_checksum.o
  CC      drivers/media/tuners/tuner-types.o
  LD      drivers/media/platform/msm/vidc/built-in.o
  LD      drivers/hid/usbhid/usbhid.o
  LD      drivers/hid/usbhid/built-in.o
  CC      net/ipv6/ip6_icmp.o
  LD      drivers/hid/hid.o
  LD      drivers/hid/built-in.o
  CC      drivers/media/platform/msm/camera_v2_oppo_51/sensor/io/msm_camera_io_util.o
  CC      drivers/misc/qcom/qdsp6v2/audio_amrwb.o
  CC      drivers/media/platform/msm/camera_v2_oppo_51/sensor/flash/msm_flash.o
  CC      net/ipv4/netfilter/nf_nat_pptp.o
  CC      net/xfrm/xfrm_sysctl.o
  CC      drivers/mmc/core/sdio_bus.o
  CC      drivers/media/tuners/mt20xx.o
  CC      net/netfilter/x_tables.o
  CC      net/xfrm/xfrm_replay.o
  CC      net/ipv4/netfilter/nf_nat_proto_gre.o
  CC      drivers/misc/qcom/qdsp6v2/audio_amrwbplus.o
  CC      net/ipv6/output_core.o
  CC      drivers/media/platform/msm/camera_v2_oppo_51/sensor/io/msm_camera_cci_i2c.o
  CC      drivers/mmc/core/sdio_cis.o
  CC      drivers/mmc/host/sdhci.o
  CC      drivers/media/tuners/tda8290.o
  CC      net/wireless/mlme.o
  CC      drivers/media/platform/msm/camera_v2_oppo_51/sensor/flash/lm3642.o
  CC      drivers/misc/qcom/qdsp6v2/audio_evrc.o
  CC      net/xfrm/xfrm_algo.o
  CC      net/ipv4/netfilter/ip_tables.o
  CC      drivers/media/platform/msm/camera_v2_oppo_51/sensor/io/msm_camera_qup_i2c.o
  CC      drivers/mmc/host/sdhci-pltfm.o
  CC      net/ipv6/protocol.o
  CC      drivers/mmc/core/sdio_io.o
  CC      net/netfilter/xt_tcpudp.o
  CC      drivers/misc/qcom/qdsp6v2/audio_qcelp.o
  CC      drivers/media/tuners/tea5767.o
  CC      drivers/mmc/core/sdio_irq.o
  CC      drivers/media/platform/msm/camera_v2_oppo_51/sensor/io/msm_camera_spi.o
  CC      drivers/media/platform/msm/camera_v2_oppo_51/sensor/flash/lm3643.o
  CC      net/netfilter/xt_mark.o
  CC      net/ipv6/ip6_offload.o
  CC      net/wireless/ibss.o
  CC      net/xfrm/xfrm_user.o
  CC      net/sysctl_net.o
  CC      drivers/mmc/core/quirks.o
  CC      drivers/misc/qcom/qdsp6v2/amrwb_in.o
  CC      drivers/mmc/host/sdhci-msm.o
  CC      net/ipv4/netfilter/iptable_filter.o
  CC      drivers/media/tuners/tea5761.o
  CC      drivers/media/platform/msm/camera_v2_oppo_51/sensor/flash/mp3331.o
  CC      net/netfilter/xt_connmark.o
  CC      drivers/mmc/core/slot-gpio.o
  CC      drivers/media/platform/msm/camera_v2_oppo_51/sensor/io/msm_camera_dt_util.o
  CC      net/ipv6/tcpv6_offload.o
  LD      drivers/misc/qcom/qdsp6v2/built-in.o
  CC      net/wireless/sme.o
  LD      drivers/misc/qcom/built-in.o
  CC      drivers/misc/qseecom.o
  CC      drivers/media/usb/gspca/gspca.o
  CC      drivers/media/tuners/tda9887.o
  CC      drivers/mmc/core/debugfs.o
  CC      net/ipv4/netfilter/iptable_mangle.o
  CC      net/netfilter/xt_nat.o
  LD      drivers/media/platform/msm/camera_v2_oppo_51/sensor/flash/built-in.o
  CC      net/wireless/chan.o
  CC      net/ipv6/udp_offload.o
  CC      drivers/media/tuners/tda827x.o
  LD      drivers/mmc/host/built-in.o
  CC      net/ipv6/exthdrs_offload.o
  CC      net/xfrm/xfrm_ipcomp.o
  LD      drivers/media/platform/msm/camera_v2_oppo_51/sensor/io/built-in.o
  LD      drivers/mmc/core/mmc_core.o
  LD      drivers/mmc/core/built-in.o
  LD      drivers/mmc/built-in.o
  CC      drivers/media/platform/msm/camera_v2_oppo_51/sensor/ois/msm_ois.o
  CC      net/netfilter/xt_CLASSIFY.o
  CC      drivers/media/platform/msm/camera_v2_oppo_51/sensor/vl6180/stmvl6180_module.o
  CC      net/ipv4/tcp_diag.o
  CC      net/ipv4/netfilter/iptable_nat.o
  CC      net/wireless/ethtool.o
  CC      drivers/media/usb/gspca/autogain_functions.o
  CC      drivers/media/tuners/tda18271-maps.o
  CC      net/ipv6/inet6_hashtables.o
  CC      drivers/net/dummy.o
  CC      net/netfilter/xt_CONNSECMARK.o
  LD      net/xfrm/built-in.o
  CC      net/ipv4/netfilter/iptable_raw.o
  CC      net/wireless/mesh.o
  LD      drivers/media/platform/msm/camera_v2_oppo_51/sensor/ois/built-in.o
  CC      drivers/media/platform/msm/camera_v2_oppo_51/sensor/vl6180/src/vl6180x_api.o
  LD      drivers/media/usb/gspca/gspca_main.o
  LD      drivers/media/usb/gspca/built-in.o
  CC      net/wireless/ap.o
  CC      drivers/media/usb/uvc/uvc_driver.o
  CC      drivers/media/tuners/tda18271-common.o
  CC      drivers/misc/compat_qseecom.o
  CC      drivers/media/usb/uvc/uvc_queue.o
  CC      drivers/net/mii.o
  CC      net/netfilter/xt_CT.o
  CC      drivers/net/Space.o
  LD      net/ipv6/ipv6.o
  LD      net/ipv6/built-in.o
  CC      drivers/media/media-device.o
  CC      drivers/media/v4l2-core/v4l2-dev.o
  CC      net/ipv4/netfilter/iptable_security.o
  CC      drivers/media/platform/msm/camera_v2_oppo_51/sensor/vl6180/src/vl6180x_i2c.o
  CC      net/wireless/trace.o
  CC      net/wireless/regdb.o
  LD      drivers/misc/built-in.o
  CC      net/ipv4/tcp_cubic.o
  CC      drivers/media/v4l2-core/v4l2-ioctl.o
  CC      drivers/media/tuners/tda18271-fe.o
  CC      drivers/net/loopback.o
  CC      net/ipv4/xfrm4_policy.o
  CC      net/ipv4/netfilter/ipt_ah.o
  CC      net/netfilter/xt_LOG.o
  CC      drivers/media/platform/msm/camera_v2_oppo_51/sensor/vl6180/src/vl6180x_port_i2c.o
  CC      drivers/media/usb/uvc/uvc_v4l2.o
  CC      drivers/media/usb/uvc/uvc_video.o
  CC      net/wireless/wext-core.o
  CC      net/ipv4/xfrm4_state.o
  CC      drivers/net/phy/phy.o
  CC      drivers/media/tuners/xc5000.o
  CC      net/ipv4/netfilter/ipt_rpfilter.o
  LD      drivers/media/platform/msm/camera_v2_oppo_51/sensor/vl6180/stmvl6180.o
  LD      drivers/media/platform/msm/camera_v2_oppo_51/sensor/vl6180/built-in.o
  CC      drivers/media/platform/msm/camera_v2_oppo_51/sensor/msm_sensor_init.o
  CC      drivers/media/v4l2-core/v4l2-device.o
  CC      drivers/net/ethernet/msm/msm_rmnet_bam.o
  CC      net/wireless/wext-proc.o
  CC      drivers/media/media-devnode.o
  CC      net/activity_stats.o
  CC      net/netfilter/xt_NETMAP.o
  CC      drivers/media/usb/uvc/uvc_ctrl.o
  CC      drivers/media/platform/msm/camera_v2_oppo_51/sensor/msm_sensor_driver.o
  CC      drivers/net/phy/phy_device.o
  CC      net/ipv4/netfilter/ipt_MASQUERADE.o
  CC      drivers/media/v4l2-core/v4l2-fh.o
  CC      drivers/media/tuners/xc4000.o
  CC      drivers/net/ppp/ppp_generic.o
  CC      net/wireless/wext-spy.o
  CC      net/ipv4/xfrm4_input.o
  CC      drivers/media/tuners/mc44s803.o
  CC      drivers/media/v4l2-core/v4l2-event.o
  CC      net/netfilter/xt_NFLOG.o
  CC      net/ipv4/netfilter/ipt_REJECT.o
  CC      drivers/media/platform/msm/camera_v2_oppo_51/sensor/msm_sensor.o
  LD      drivers/net/ethernet/msm/built-in.o
  CC      drivers/media/usb/uvc/uvc_status.o
  LD      drivers/net/ethernet/built-in.o
  CC      net/wireless/wext-priv.o
  CC      drivers/net/phy/mdio_bus.o
  CC      drivers/net/ppp/ppp_async.o
  CC      drivers/media/usb/uvc/uvc_isight.o
  CC      drivers/media/v4l2-core/v4l2-ctrls.o
  CC      drivers/net/slip/slip.o
  LD      drivers/media/tuners/tda18271.o
  LD      drivers/media/tuners/built-in.o
  CC      net/ipv4/netfilter/arp_tables.o
  CC      net/netfilter/xt_NFQUEUE.o
  CC      net/netfilter/xt_REDIRECT.o
  CC      drivers/media/v4l2-core/v4l2-subdev.o
  LD      net/wireless/cfg80211.o
  CC      drivers/media/usb/uvc/uvc_debugfs.o
  LD      net/wireless/built-in.o
  LD      drivers/net/phy/libphy.o
  CC      drivers/media/usb/uvc/uvc_entity.o
  LD      drivers/net/phy/built-in.o
  CC      drivers/net/ppp/bsd_comp.o
  LD      drivers/media/platform/msm/camera_v2_oppo_51/sensor/built-in.o
  LD      drivers/media/platform/msm/camera_v2_oppo_51/built-in.o
  LD      drivers/media/platform/msm/built-in.o
  CC      drivers/media/media-entity.o
  LD      drivers/media/platform/built-in.o
  CC      net/netfilter/xt_SECMARK.o
  CC      drivers/net/slip/slhc.o
  CC      drivers/media/v4l2-core/v4l2-compat-ioctl32.o
  CC      drivers/net/usb/asix_devices.o
  CC      net/ipv4/netfilter/arpt_mangle.o
  CC      drivers/media/v4l2-core/v4l2-of.o
  LD      drivers/media/usb/uvc/uvcvideo.o
  LD      drivers/media/usb/uvc/built-in.o
  LD      drivers/media/usb/built-in.o
  CC      drivers/net/ppp/ppp_deflate.o
  CC      net/ipv4/xfrm4_output.o
  CC      drivers/media/v4l2-core/v4l2-common.o
  CC      drivers/of/base.o
  CC      drivers/of/fdt.o
  CC      drivers/pci/access.o
  CC      net/netfilter/xt_TPROXY.o
  CC      drivers/net/usb/asix_common.o
  CC      net/ipv4/netfilter/arptable_filter.o
  CC      drivers/net/ppp/ppp_mppe.o
  LD      drivers/net/slip/built-in.o
  LD      drivers/media/media.o
  CC      drivers/net/tun.o
  CC      drivers/pinctrl/core.o
  CC      drivers/net/wireless/wcnss/wcnss_wlan.o
  CC      drivers/media/v4l2-core/videobuf2-core.o
  CC      drivers/media/v4l2-core/videobuf2-memops.o
  CC      drivers/pinctrl/pinmux.o
  CC      drivers/pci/bus.o
  CC      drivers/of/address.o
  CC      net/netfilter/xt_TCPMSS.o
  CC      drivers/net/usb/ax88172a.o
  LD      net/ipv4/netfilter/nf_conntrack_ipv4.o
  LD      net/ipv4/netfilter/nf_nat_ipv4.o
  LD      net/ipv4/netfilter/built-in.o
  LD      net/ipv4/built-in.o
  CC      drivers/of/irq.o
  CC      drivers/net/ppp/ppp_synctty.o
  CC      drivers/net/ppp/pppox.o
  CC      drivers/pci/probe.o
  CC      drivers/pci/host-bridge.o
  CC      drivers/pinctrl/pinconf.o
  CC      drivers/of/device.o
  CC      drivers/net/usb/ax88179_178a.o
  CC      drivers/platform/msm/ipa/ipa.o
  CC      drivers/pinctrl/devicetree.o
  CC      drivers/media/v4l2-core/videobuf2-vmalloc.o
  CC      net/netfilter/xt_TRACE.o
  CC      drivers/pci/remove.o
  CC      drivers/net/ppp/pppoe.o
  CC      drivers/power/power_supply_core.o
  CC      drivers/net/wireless/wcnss/qcomwlan_secif.o
  CC      drivers/of/platform.o
  CC      drivers/pinctrl/pinconf-generic.o
  CC      drivers/platform/msm/msm_bus/msm_bus_bimc.o
  CC      drivers/net/usb/cdc_ether.o
  CC      drivers/media/v4l2-core/videobuf2-dma-contig.o
  CC      drivers/pci/pci.o
  CC      net/netfilter/xt_IDLETIMER.o
  CC      drivers/net/wireless/wcnss/wcnss_vreg.o
  CC      drivers/platform/msm/msm_bus/msm_bus_noc.o
  CC      drivers/of/of_i2c.o
  CC      drivers/power/power_supply_sysfs.o
  CC      drivers/pinctrl/pinctrl-msm.o
  CC      drivers/net/usb/dm9601.o
  CC      drivers/net/ppp/pppolac.o
  CC      drivers/pwm/core.o
  CC      drivers/media/v4l2-core/videobuf2-dma-sg.o
  CC      drivers/of/of_net.o
  CC      drivers/net/wireless/wcnss/wcnss_prealloc.o
  CC      drivers/power/power_supply_leds.o
  CC      drivers/platform/msm/msm_bus/msm_bus_core.o
  CC      net/netfilter/xt_HARDIDLETIMER.o
  CC      drivers/pinctrl/pinctrl-msm-tlmm.o
  CC      drivers/pci/pci-driver.o
  CC      drivers/platform/msm/ipa/ipa_debugfs.o
  CC      drivers/net/usb/net1080.o
  CC      drivers/pwm/pwm-qpnp.o
  CC      drivers/of/of_mdio.o
  LD      drivers/media/v4l2-core/videodev.o
  LD      drivers/media/v4l2-core/built-in.o
  CC      drivers/power/qpnp-vm-bms.o
  CC      drivers/net/ppp/pppopns.o
  LD      drivers/media/built-in.o
  LD      drivers/net/wireless/wcnss/wcnsscore.o
  LD      drivers/net/wireless/wcnss/built-in.o
  CC      drivers/net/usb/cdc_subset.o
  LD      drivers/net/wireless/built-in.o
  CC      drivers/platform/msm/msm_bus/msm_bus_client_api.o
  CC      drivers/regulator/core.o
  CC      net/netfilter/xt_comment.o
  LD      drivers/pinctrl/built-in.o
  CC      drivers/net/usb/zaurus.o
  CC      drivers/pci/search.o
  CC      drivers/of/of_pci.o
  CC      drivers/platform/msm/msm_bus/msm_bus_of.o
  CC      drivers/platform/msm/sps/bam.o
  LD      drivers/pwm/built-in.o
  CC      net/netfilter/xt_connlimit.o
  LD      drivers/net/ppp/built-in.o
  CC      drivers/rtc/rtc-lib.o
  CC      drivers/platform/msm/ipa/ipa_hdr.o
  CC      drivers/net/usb/usbnet.o
  CC      drivers/of/of_pci_irq.o
  CC      drivers/regulator/dummy.o
  CC      drivers/pci/pci-sysfs.o
  CC      drivers/of/of_spmi.o
  CC      drivers/rtc/hctosys.o
  CC      drivers/platform/msm/msm_bus/msm_bus_rpm_smd.o
  CC      drivers/power/batterydata-lib.o
  CC      drivers/of/of_slimbus.o
  CC      drivers/platform/msm/sps/sps_bam.o
  CC      net/netfilter/xt_conntrack.o
  CC      drivers/pci/rom.o
  CC      drivers/platform/msm/ipa/ipa_flt.o
  CC      drivers/rtc/systohc.o
  CC      drivers/regulator/fixed-helper.o
  CC      drivers/platform/msm/msm_bus/msm_bus_fabric_adhoc.o
  CC      drivers/of/of_batterydata.o
  CC      drivers/power/batterydata-interface.o
  CC      drivers/net/usb/cdc_ncm.o
  CC      drivers/pci/setup-res.o
  CC      drivers/of/of_reserved_mem.o
  CC      drivers/rtc/class.o
  CC      drivers/regulator/of_regulator.o
  CC      net/netfilter/xt_dscp.o
  CC      drivers/power/qpnp-linear-charger.o
  CC      drivers/platform/msm/msm_bus/msm_bus_arb_adhoc.o
  CC      drivers/platform/msm/msm_bus/msm_bus_rules.o
  CC      drivers/platform/msm/msm_bus/msm_bus_of_adhoc.o
  CC      drivers/pci/irq.o
  LD      drivers/of/built-in.o
  CC      drivers/platform/msm/ipa/ipa_rt.o
  CC      drivers/platform/msm/usb_bam.o
  CC      drivers/rtc/interface.o
  CC      drivers/regulator/fixed.o
  LD      drivers/net/usb/asix.o
  LD      drivers/net/usb/built-in.o
  LD      drivers/net/built-in.o
  CC      drivers/pci/vpd.o
  CC      drivers/platform/msm/msm_bus/msm_bus_id.o
  CC      net/netfilter/xt_ecn.o
  CC      drivers/scsi/scsi.o
  CC      net/netfilter/xt_esp.o
  CC      drivers/power/qcom/msm-pm.o
  CC      drivers/power/oppo/oppo_adc.o
  CC      drivers/pci/setup-bus.o
  CC      drivers/regulator/proxy-consumer.o
  CC      drivers/platform/msm/msm_bus/msm_bus_dbg.o
  CC      drivers/platform/msm/ipa/ipa_dp.o
  CC      drivers/platform/msm/sps/sps.o
  CC      drivers/rtc/rtc-dev.o
  CC      drivers/regulator/fan53555.o
  CC      drivers/platform/msm/sps/sps_dma.o
  CC      net/netfilter/xt_hashlimit.o
  CC      drivers/sensors/sensors_class.o
  CC      drivers/scsi/hosts.o
  CC      drivers/power/oppo/oppo_battery.o
  CC      drivers/power/reset/msm-poweroff.o
  CC      drivers/power/qcom/pm-data.o
  CC      drivers/pci/proc.o
  LD      drivers/platform/msm/msm_bus/built-in.o
  CC      drivers/pci/slot.o
  CC      drivers/rtc/rtc-proc.o
  CC      drivers/regulator/mem-acc-regulator.o
  CC      drivers/power/qcom/pm-stats.o
  CC      drivers/scsi/scsi_ioctl.o
  CC      drivers/sensors/sensors_ssc.o
  LD      drivers/power/reset/built-in.o
  LD      drivers/power/power_supply.o
  CC      drivers/platform/msm/qpnp-power-on.o
  CC      drivers/rtc/rtc-sysfs.o
  CC      drivers/platform/msm/ipa/ipa_client.o
  CC      net/netfilter/xt_helper.o
  CC      drivers/pci/quirks.o
  CC      drivers/pci/setup-irq.o
  CC      drivers/sensors/sensors_ftm.o
  CC      drivers/scsi/constants.o
  CC      drivers/platform/msm/sps/sps_map.o
  CC      drivers/power/qcom/lpm-stats.o
  CC      drivers/power/oppo/oppo_bms.o
  CC      drivers/regulator/onsemi-ncp6335d.o
  CC      drivers/rtc/qpnp-rtc.o
  CC      drivers/platform/msm/ipa/ipa_utils.o
  CC      drivers/platform/msm/ipa/ipa_nat.o
  CC      drivers/platform/msm/sps/sps_mem.o
  CC      net/netfilter/xt_hl.o
  CC      drivers/platform/msm/sps/sps_rm.o
  LD      drivers/sensors/built-in.o
  CC      drivers/scsi/scsicam.o
  CC      drivers/regulator/stub-regulator.o
  CC      drivers/power/qcom/pm-boot.o
  CC      drivers/power/oppo/oppo_charger.o
  CC      drivers/power/oppo/oppo_init.o
  CC      drivers/pci/syscall.o
  CC      drivers/slimbus/slimbus.o
  LD      drivers/rtc/rtc-core.o
  LD      drivers/rtc/built-in.o
  CC      drivers/soc/oppo/oppo_project.o
  CC      drivers/pci/of.o
  LD      drivers/power/qcom/built-in.o
  CC      drivers/scsi/scsi_error.o
  CC      net/netfilter/xt_iprange.o
  LD      drivers/platform/msm/sps/built-in.o
  CC      drivers/regulator/tps65132-regulator.o
  CC      net/netfilter/xt_length.o
  CC      drivers/slimbus/slim-msm.o
  CC      drivers/platform/msm/ipa/ipa_intf.o
  LD      drivers/pci/built-in.o
  CC      drivers/power/oppo/oppo_upper.o
  CC      drivers/soc/oppo/boot_mode.o
  CC      drivers/scsi/scsi_lib.o
  CC      drivers/soc/oppo/device_info.o
  CC      drivers/soc/qcom/memshare/heap_mem_ext_v01.o
  CC      net/netfilter/xt_limit.o
  CC      drivers/regulator/rpm-smd-regulator.o
  CC      drivers/platform/msm/qpnp-vibrator.o
  CC      drivers/slimbus/slim-msm-ngd.o
  CC      drivers/soc/qcom/memshare/msm_memshare.o
  CC      drivers/soc/qcom/qdsp6v2/apr.o
  CC      drivers/platform/msm/ipa/teth_bridge.o
  CC      drivers/regulator/qpnp-regulator.o
  CC      drivers/power/oppo/oppo_smb358.o
  LD      drivers/soc/oppo/built-in.o
  CC      drivers/soc/qcom/qdsp6v2/apr_v3.o
  CC      drivers/regulator/spm-regulator.o
  CC      net/netfilter/xt_mac.o
  CC      drivers/regulator/cpr-regulator.o
  CC      drivers/scsi/scsi_lib_dma.o
  CC      drivers/platform/msm/ipa/ipa_interrupts.o
  CC      drivers/platform/msm/qpnp-coincell.o
  LD      drivers/soc/qcom/memshare/built-in.o
  CC      drivers/power/oppo/oppo_smb1357.o
  CC      drivers/soc/qcom/qdsp6v2/apr_tal.o
  CC      drivers/scsi/scsi_scan.o
  LD      drivers/slimbus/built-in.o
  CC      drivers/soundwire/soundwire.o
  CC      drivers/soc/qcom/qdsp6v2/voice_svc.o
  CC      drivers/platform/msm/avtimer.o
  CC      net/netfilter/xt_multiport.o
  CC      drivers/soc/qcom/qdsp6v2/msm_audio_ion.o
  CC      drivers/platform/msm/ipa/odu_bridge.o
  CC      drivers/soc/qcom/nohlt.o
  CC      drivers/soundwire/swr-wcd-ctrl.o
  CC      net/netfilter/xt_pkttype.o
  CC      drivers/power/oppo/oppo_bq24196.o
  CC      drivers/power/oppo/oppo_bq24157.o
  CC      drivers/scsi/scsi_sysfs.o
  CC      net/netfilter/xt_policy.o
  CC      drivers/scsi/scsi_devinfo.o
  CC      drivers/soc/qcom/qdsp6v2/adsp-loader.o
  CC      drivers/spi/spi.o
  CC      drivers/platform/msm/ipa/ipa_rm.o
  LD      drivers/regulator/built-in.o
  CC      drivers/power/oppo/oppo_bq24188.o
  LD      drivers/soc/qcom/qdsp6v2/built-in.o
  LD      drivers/soundwire/built-in.o
  CC      drivers/soc/qcom/cpu_ops.o
  CC      drivers/scsi/scsi_sysctl.o
  CC      drivers/spi/spi_qsd.o
  CC      drivers/platform/msm/ipa/ipa_rm_dependency_graph.o
  CC      drivers/soc/qcom/bam_dmux.o
  CC      net/netfilter/xt_qtaguid_print.o
  CC      drivers/platform/msm/qpnp-revid.o
  CC      drivers/platform/msm/ipa/ipa_rm_peers_list.o
  CC      drivers/spmi/spmi.o
  CC      drivers/staging/staging.o
  CC      drivers/scsi/scsi_proc.o
  CC      drivers/spmi/spmi-resources.o
  CC      drivers/platform/msm/pft.o
  CC      net/netfilter/xt_qtaguid.o
  CC      drivers/spmi/spmi-pmic-arb.o
  CC      drivers/scsi/scsi_trace.o
  CC      drivers/platform/msm/ipa/ipa_rm_resource.o
  CC      drivers/scsi/scsi_pm.o
  CC      drivers/staging/android/ion/ion.o
  CC      drivers/power/oppo/oppo_bq27541.o
  CC      drivers/switch/switch_class.o
  CC      drivers/soc/qcom/ipc_router_smd_xprt.o
  CC      drivers/staging/android/binder.o
  CC      drivers/soc/qcom/memory_dump_v2.o
  CC      drivers/spmi/qpnp-int.o
  CC      drivers/platform/msm/ipa/ipa_rm_inactivity_timer.o
  LD      drivers/switch/built-in.o
  CC      drivers/scsi/scsi_tgt_lib.o
  CC      drivers/thermal/thermal_core.o
  LD      drivers/spi/built-in.o
  CC      drivers/tty/tty_io.o
  CC      drivers/soc/qcom/mpm-of.o
  CC      drivers/staging/android/ion/ion_heap.o
  CC      net/netfilter/xt_quota.o
  CC      drivers/platform/msm/ipa/rmnet_ipa.o
  CC      net/netfilter/xt_quota2.o
  CC      drivers/spmi/spmi-dbgfs.o
  CC      drivers/scsi/scsi_tgt_if.o
  CC      drivers/power/oppo/oppo_bq27541_encrypt.o
  CC      drivers/staging/android/ion/ion_page_pool.o
  CC      drivers/scsi/sd.o
  CC      drivers/soc/qcom/rpm-smd.o
  CC      drivers/thermal/step_wise.o
  LD      drivers/spmi/built-in.o
  CC      net/netfilter/xt_socket.o
  CC      drivers/staging/android/ion/ion_system_heap.o
  CC      drivers/staging/android/ion/ion_carveout_heap.o
  CC      drivers/staging/android/ashmem.o
  CC      drivers/power/oppo/oppo_bq2022a.o
  CC      drivers/tty/n_tty.o
  CC      drivers/soc/qcom/rpm-smd-debug.o
  CC      drivers/thermal/msm8974-tsens.o
  CC      drivers/platform/msm/ipa/ipa_qmi_service_v01.o
  CC      drivers/staging/android/ion/ion_chunk_heap.o
  CC      drivers/scsi/sg.o
  CC      drivers/power/oppo/oppo_vooc.o
  CC      drivers/staging/prima/CORE/BAP/src/bapApiData.o
  CC      drivers/soc/qcom/qmi_interface.o
  CC      drivers/scsi/ch.o
  CC      drivers/platform/msm/ipa/ipa_qmi_service.o
  CC      drivers/staging/android/timed_output.o
  CC      net/netfilter/xt_state.o
  LD      drivers/scsi/scsi_mod.o
  CC      drivers/staging/android/ion/ion_cma_heap.o
  CC      drivers/tty/tty_ioctl.o
  CC      drivers/soc/qcom/scm.o
  CC      drivers/thermal/qpnp-temp-alarm.o
  CC      drivers/staging/prima/CORE/BAP/src/bapApiDebug.o
  CC      drivers/platform/msm/ipa/rmnet_ipa_fd_ioctl.o
  CC      drivers/power/oppo/oppo_vooc_stm8s.o
  CC      drivers/staging/android/timed_gpio.o
  CC      net/netfilter/xt_statistic.o
  LD      drivers/scsi/scsi_tgt.o
  CC      drivers/staging/android/ion/ion_cma_secure_heap.o
  CC      drivers/tty/tty_ldisc.o
  CC      drivers/uio/uio.o
  CC      drivers/soc/qcom/scm-boot.o
  CC      drivers/staging/android/alarm-dev.o
  LD      drivers/platform/msm/ipa/ipat.o
  CC      drivers/thermal/qpnp-adc-tm.o
  LD      drivers/platform/msm/ipa/built-in.o
  LD      drivers/platform/msm/built-in.o
  LD      drivers/platform/built-in.o
  LD      drivers/power/oppo/built-in.o
  LD      drivers/power/built-in.o
  CC      drivers/tty/tty_buffer.o
  CC      drivers/tty/tty_port.o
  CC      drivers/staging/android/sync.o
  CC      drivers/staging/prima/CORE/BAP/src/bapApiExt.o
  LD      drivers/scsi/sd_mod.o
  CC      net/netfilter/xt_string.o
  LD      drivers/scsi/built-in.o
  CC      drivers/thermal/msm_thermal.o
  CC      drivers/soc/qcom/smd.o
  CC      drivers/staging/android/ion/compat_ion.o
  CC      drivers/uio/msm_sharedmem/msm_sharedmem.o
  CC      drivers/soc/qcom/smd_debug.o
  CC      drivers/soc/qcom/smd_private.o
  CC      drivers/uio/msm_sharedmem/remote_filesystem_access_v01.o
  CC      drivers/tty/tty_mutex.o
  CC      net/netfilter/xt_time.o
  CC      drivers/staging/android/ion/ion_removed_heap.o
  CC      net/netfilter/xt_u32.o
  CC      drivers/staging/prima/CORE/BAP/src/bapApiHCBB.o
  CC      drivers/tty/tty_ldsem.o
  CC      drivers/staging/android/sw_sync.o
  CC      drivers/uio/msm_sharedmem/sharedmem_qmi.o
  CC      drivers/tty/pty.o
  CC      drivers/staging/prima/CORE/BAP/src/bapApiInfo.o
  CC      drivers/staging/android/oneshot_sync.o
  CC      drivers/staging/android/ion/msm/msm_ion.o
  CC      drivers/staging/prima/CORE/BAP/src/bapApiLinkCntl.o
  LD      net/netfilter/netfilter.o
  LD      net/netfilter/nfnetlink_queue.o
  LD      net/netfilter/built-in.o
  CC      drivers/usb/class/cdc-acm.o
  LD      drivers/uio/msm_sharedmem/built-in.o
  LD      net/built-in.o
  LD      drivers/uio/built-in.o
  CC      drivers/soc/qcom/smd_init_dt.o
  CC      drivers/staging/android/ion/msm/secure_buffer.o
  CC      drivers/video/fb_notify.o
  CC      drivers/tty/tty_audit.o
  CC      drivers/staging/prima/CORE/BAP/src/bapApiLinkSupervision.o
  CC      drivers/staging/prima/CORE/BAP/src/bapApiStatus.o
  CC      drivers/soc/qcom/smsm_debug.o
  CC      drivers/video/fbmem.o
  CC      drivers/usb/class/ccid_bridge.o
  CC      drivers/thermal/msm_thermal-dev.o
  CC      drivers/staging/android/ion/msm/compat_msm_ion.o
  CC      drivers/tty/sysrq.o
  CC      drivers/video/fbmon.o
  CC      drivers/soc/qcom/smem.o
  CC      drivers/video/fbcmap.o
  CC      drivers/tty/serial/serial_core.o
  CC      drivers/usb/core/usb.o
  CC      drivers/staging/prima/CORE/BAP/src/bapApiTimer.o
  LD      drivers/staging/android/ion/msm/built-in.o
  LD      drivers/staging/android/ion/built-in.o
  LD      drivers/staging/android/built-in.o
  CC      drivers/tty/serial/msm_serial_hs.o
  CC      drivers/usb/dwc3/core.o
  CC      drivers/usb/dwc3/host.o
  CC      drivers/soc/qcom/smem_debug.o
  LD      drivers/thermal/thermal_sys.o
  LD      drivers/thermal/built-in.o
  LD      drivers/usb/class/built-in.o
  CC      drivers/soc/qcom/common_log.o
  CC      drivers/staging/prima/CORE/BAP/src/bapModule.o
  CC      drivers/tty/serial/msm_smd_tty.o
  CC      drivers/usb/dwc3/gadget.o
  CC      drivers/video/fbsysfs.o
  CC      drivers/usb/core/hub.o
  CC      drivers/soc/qcom/smp2p.o
  CC      drivers/staging/prima/CORE/BAP/src/bapRsn8021xAuthFsm.o
  CC      drivers/video/modedb.o
  CC      drivers/usb/gadget/udc-core.o
  CC      drivers/usb/core/hcd.o
  CC      drivers/staging/prima/CORE/BAP/src/bapRsn8021xPrf.o
  CC      drivers/staging/prima/CORE/BAP/src/bapRsn8021xSuppRsnFsm.o
  CC      drivers/usb/gadget/android.o
  CC      drivers/usb/host/pci-quirks.o
  CC      drivers/video/fbcvt.o
  LD      drivers/tty/serial/built-in.o
  LD      drivers/tty/built-in.o
  CC      drivers/video/backlight/lcd.o
  CC      drivers/soc/qcom/smp2p_debug.o
  CC      drivers/usb/misc/ehset.o
  CC      drivers/staging/prima/CORE/BAP/src/bapRsnAsfPacket.o
  CC      drivers/usb/dwc3/ep0.o
  CC      drivers/video/msm/mdss/mdss_dsi.o
  CC      drivers/usb/dwc3/dwc3_otg.o
  CC      drivers/usb/host/ehci-hcd.o
  CC      drivers/usb/dwc3/debugfs.o
  CC      drivers/staging/prima/CORE/BAP/src/bapRsnSsmAesKeyWrap.o
  CC      drivers/usb/core/urb.o
  CC      drivers/video/backlight/backlight.o
  CC      drivers/soc/qcom/smp2p_loopback.o
  LD      drivers/usb/misc/built-in.o
  CC      drivers/usb/phy/phy.o
  CC      drivers/usb/dwc3/dwc3-omap.o
  CC      drivers/usb/phy/of.o
  CC      drivers/video/backlight/generic_bl.o
  CC      drivers/soc/qcom/smp2p_test.o
  CC      drivers/usb/core/message.o
  CC      drivers/staging/prima/CORE/BAP/src/bapRsnSsmEapol.o
  CC      drivers/usb/host/ehci-pci.o
  CC      drivers/usb/dwc3/dwc3-exynos.o
  CC      drivers/usb/phy/otg-wakelock.o
  CC      drivers/soc/qcom/smp2p_spinlock_test.o
  CC      drivers/usb/phy/phy-msm-usb.o
  CC      drivers/video/msm/mdss/mdss_dsi_host.o
  CC      drivers/video/backlight/lm3630_bl.o
  CC      drivers/usb/gadget/usbstring.o
  CC      drivers/usb/dwc3/dbm-1_4.o
  CC      drivers/soc/qcom/watchdog_v2.o
  CC      drivers/usb/core/driver.o
  CC      drivers/usb/serial/usb-serial.o
  CC      drivers/staging/prima/CORE/BAP/src/bapRsnSsmReplayCtr.o
  CC      drivers/soc/qcom/spm.o
  CC      drivers/usb/host/ehci-msm.o
  LD      drivers/video/backlight/built-in.o
  CC      drivers/usb/host/ehci-msm2.o
  CC      drivers/video/cfbfillrect.o
  CC      drivers/usb/dwc3/dbm-1_5.o
  CC      drivers/staging/prima/CORE/BAP/src/bapRsnTxRx.o
  CC      drivers/soc/qcom/spm_devices.o
  CC      drivers/video/msm/mdss/mdss_dsi_cmd.o
  CC      drivers/staging/prima/CORE/BAP/src/btampFsm.o
  CC      drivers/usb/storage/alauda.o
  CC      drivers/usb/core/config.o
  CC      drivers/usb/serial/generic.o
  CC      drivers/video/cfbcopyarea.o
  CC      drivers/usb/dwc3/dwc3-msm.o
  CC      drivers/soc/qcom/socinfo.o
  CC      drivers/usb/host/ehci-msm-uicc.o
  CC      drivers/video/msm/mdss/mdss_dsi_status.o
  CC      drivers/usb/core/file.o
  CC      drivers/usb/storage/cypress_atacb.o
  CC      drivers/usb/phy/phy-msm-hsusb.o
  CC      drivers/usb/gadget/config.o
  CC      drivers/usb/serial/bus.o
  CC      drivers/staging/prima/CORE/BAP/src/btampHCI.o
  CC      drivers/video/msm/mdss/mdss_dsi_panel.o
  CC      drivers/video/cfbimgblt.o
  CC      drivers/usb/core/buffer.o
  CC      drivers/soc/qcom/peripheral-loader.o
  LD      drivers/usb/host/built-in.o
  CC      drivers/usb/dwc3/dbm.o
  CC      drivers/usb/storage/datafab.o
  CC      drivers/usb/gadget/epautoconf.o
  CC      drivers/usb/serial/csvt.o
  CC      drivers/usb/phy/phy-msm-ssusb.o
  CC      drivers/usb/dwc3/dwc3-pci.o
  CC      drivers/usb/core/sysfs.o
  CC      drivers/staging/prima/CORE/DXE/src/wlan_qct_dxe.o
  CC      drivers/usb/storage/freecom.o
  CC      drivers/usb/gadget/composite.o
  CC      drivers/soc/qcom/subsys-pil-tz.o
  CC      drivers/video/msm/mdss/msm_mdss_io_8974.o
  LD      drivers/usb/dwc3/dwc3.o
  CC      drivers/usb/phy/phy-msm-ssusb-qmp.o
  LD      drivers/usb/serial/usbserial.o
  LD      drivers/usb/serial/built-in.o
  CC      drivers/staging/prima/CORE/DXE/src/wlan_qct_dxe_cfg_i.o
  CC      drivers/usb/storage/isd200.o
  CC      drivers/soc/qcom/pil-q6v5.o
  LD      drivers/usb/dwc3/built-in.o
  CC      drivers/video/msm/mdss/mdss_mdp.o
  CC      drivers/usb/core/endpoint.o
  LD      drivers/video/fb.o
  CC      drivers/staging/prima/CORE/HDD/src/bap_hdd_main.o
  CC      drivers/soc/qcom/pil-msa.o
  CC      drivers/usb/gadget/functions.o
  CC      drivers/video/msm/mdss/mdss_mdp_ctl.o
  LD      drivers/usb/phy/built-in.o
  CC      drivers/usb/usb-common.o
  CC      drivers/video/msm/mdss/mdss_mdp_pipe.o
  CC      drivers/usb/core/devio.o
  CC      drivers/staging/prima/CORE/HDD/src/wlan_hdd_assoc.o
  CC      drivers/soc/qcom/pil-q6v5-mss.o
  CC      drivers/usb/storage/jumpshot.o
  CC      drivers/usb/storage/karma.o
  CC      drivers/staging/prima/CORE/HDD/src/wlan_hdd_cfg.o
  CC      drivers/video/msm/mdss/mdss_mdp_util.o
  CC      drivers/soc/qcom/msm_performance.o
  CC      drivers/usb/core/notify.o
  CC      drivers/soc/qcom/core_ctl_helper.o
  CC      drivers/usb/storage/sddr09.o
  CC      drivers/video/msm/mdss/dsi_status_6g.o
  CC      drivers/staging/prima/CORE/HDD/src/wlan_hdd_debugfs.o
  CC      drivers/usb/core/generic.o
  CC      drivers/usb/storage/sddr55.o
  CC      drivers/video/msm/mdss/mdss_mdp_pp.o
  CC      drivers/usb/gadget/f_acm.o
  CC      drivers/usb/storage/shuttle_usbat.o
  CC      drivers/soc/qcom/core_ctl.o
  CC      drivers/video/msm/mdss/mdss_mdp_pp_debug.o
  CC      drivers/usb/core/quirks.o
  CC      drivers/usb/storage/scsiglue.o
  CC      drivers/staging/prima/CORE/HDD/src/wlan_hdd_dev_pwr.o
  CC      drivers/staging/prima/CORE/HDD/src/wlan_hdd_dp_utils.o
  CC      drivers/soc/qcom/subsystem_notif.o
  CC      drivers/usb/core/devices.o
  CC      drivers/usb/storage/protocol.o
  CC      drivers/video/msm/mdss/mdss_mdp_intf_video.o
  CC      drivers/staging/prima/CORE/HDD/src/wlan_hdd_early_suspend.o
  CC      drivers/usb/gadget/f_serial.o
  CC      drivers/video/msm/mdss/mdss_mdp_intf_cmd.o
  CC      drivers/soc/qcom/subsystem_restart.o
  CC      drivers/video/msm/mdss/mdss_mdp_intf_writeback.o
  CC      drivers/usb/storage/transport.o
  CC      drivers/usb/core/port.o
  CC      drivers/video/msm/mdss/mdss_mdp_rotator.o
  CC      drivers/usb/core/hcd-pci.o
  CC      drivers/usb/gadget/ci13xxx_msm.o
  CC      drivers/staging/prima/CORE/HDD/src/wlan_hdd_ftm.o
  CC      drivers/usb/storage/usb.o
  CC      drivers/video/msm/mdss/mdss_mdp_overlay.o
  CC      drivers/soc/qcom/ramdump.o
  CC      drivers/staging/prima/CORE/HDD/src/wlan_hdd_hostapd.o
  CC      drivers/soc/qcom/sysmon.o
  CC      drivers/usb/gadget/u_serial.o
  LD      drivers/usb/core/usbcore.o
  LD      drivers/usb/core/built-in.o
  CC      drivers/usb/storage/initializers.o
  LD      drivers/usb/gadget/libcomposite.o
  CC      drivers/soc/qcom/sysmon-qmi.o
  CC      drivers/video/msm/mdss/mdss_mdp_splash_logo.o
  CC      drivers/staging/prima/CORE/HDD/src/wlan_hdd_main.o
  CC      drivers/soc/qcom/cpu_pwr_ctl.o
  CC      drivers/usb/storage/sierra_ms.o
  CC      drivers/video/msm/mdss/mdss_mdp_wb.o
In file included from ../../../../../../kernel/oppo/msm8939/drivers/usb/gadget/ci13xxx_msm.c:16:0:
../../../../../../kernel/oppo/msm8939/drivers/usb/gadget/ci13xxx_udc.c: In function 'udc_probe':
../../../../../../kernel/oppo/msm8939/drivers/usb/gadget/ci13xxx_udc.c:4085:1: warning: label 'del_udc' defined but not used [-Wunused-label]
 del_udc:
 ^
  LD      drivers/usb/gadget/usb_f_acm.o
  LD      drivers/usb/gadget/usb_f_serial.o
  LD      drivers/usb/gadget/g_android.o
  CC      drivers/video/msm/mdss/mdss_mdp_debug.o
  CC      drivers/video/msm/mdss/mdss_debug.o
  CC      drivers/usb/storage/option_ms.o
  LD      drivers/soc/qcom/built-in.o
  LD      drivers/soc/built-in.o
  LD      drivers/usb/gadget/built-in.o
  CC      drivers/video/msm/mdss/mdss_debug_xlog.o
  CC      drivers/usb/storage/usual-tables.o
  CC      drivers/video/msm/mdss/mdss_panel.o
  CC      drivers/staging/prima/CORE/HDD/src/wlan_hdd_mib.o
  CC      drivers/video/msm/mdss/adv7533_dsi2hdmi.o
  CC      drivers/staging/prima/CORE/HDD/src/wlan_hdd_oemdata.o
  CC      drivers/video/msm/mdss/mdss_io_util.o
  CC      drivers/staging/prima/CORE/HDD/src/wlan_hdd_request_manager.o
  CC      drivers/video/msm/mdss/mdss_wb.o
  CC      drivers/video/msm/mdss/mdss_fb.o
  LD      drivers/usb/storage/usb-storage.o
  LD      drivers/usb/storage/ums-alauda.o
  LD      drivers/usb/storage/ums-cypress.o
  LD      drivers/usb/storage/ums-datafab.o
  LD      drivers/usb/storage/ums-freecom.o
  LD      drivers/usb/storage/ums-isd200.o
  LD      drivers/usb/storage/ums-jumpshot.o
  LD      drivers/usb/storage/ums-karma.o
  LD      drivers/usb/storage/ums-sddr09.o
  LD      drivers/usb/storage/ums-sddr55.o
  LD      drivers/usb/storage/ums-usbat.o
  LD      drivers/usb/storage/built-in.o
  LD      drivers/usb/built-in.o
  CC      drivers/video/msm/mdss/mdss_util.o
  CC      drivers/staging/prima/CORE/HDD/src/wlan_hdd_scan.o
  CC      drivers/video/msm/mdss/mdss_compat_utils.o
  CC      drivers/staging/prima/CORE/HDD/src/wlan_hdd_softap_tx_rx.o
  CC      drivers/video/msm/mdss/mdss_livedisplay.o
  LD      drivers/video/msm/mdss/mdss-mdp.o
  LD      drivers/video/msm/mdss/mdss-dsi.o
  CC      drivers/staging/prima/CORE/HDD/src/wlan_hdd_tx_rx.o
  CC      drivers/staging/prima/CORE/HDD/src/wlan_hdd_trace.o
  CC      drivers/staging/prima/CORE/HDD/src/wlan_hdd_wext.o
  CC      drivers/staging/prima/CORE/HDD/src/wlan_hdd_wmm.o
  CC      drivers/staging/prima/CORE/HDD/src/wlan_hdd_wowl.o
  CC      drivers/staging/prima/CORE/HDD/src/wlan_hdd_cfg80211.o
  CC      drivers/staging/prima/CORE/HDD/src/wlan_hdd_p2p.o
  CC      drivers/staging/prima/CORE/HDD/src/wlan_hdd_tdls.o
  CC      drivers/staging/prima/CORE/MAC/src/cfg/cfgApi.o
  CC      drivers/staging/prima/CORE/MAC/src/cfg/cfgDebug.o
  CC      drivers/staging/prima/CORE/MAC/src/cfg/cfgParamName.o
  LD      drivers/video/msm/mdss/built-in.o
  LD      drivers/video/msm/built-in.o
  LD      drivers/video/built-in.o
  CC      drivers/staging/prima/CORE/MAC/src/cfg/cfgProcMsg.o
  CC      drivers/staging/prima/CORE/MAC/src/cfg/cfgSendMsg.o
  CC      drivers/staging/prima/CORE/MAC/src/dph/dphHashTable.o
  CC      drivers/staging/prima/CORE/MAC/src/pe/lim/limAIDmgmt.o
  CC      drivers/staging/prima/CORE/MAC/src/pe/lim/limAdmitControl.o
  CC      drivers/staging/prima/CORE/MAC/src/pe/lim/limApi.o
  CC      drivers/staging/prima/CORE/MAC/src/pe/lim/limAssocUtils.o
  CC      drivers/staging/prima/CORE/MAC/src/pe/lim/limDebug.o
  CC      drivers/staging/prima/CORE/MAC/src/pe/lim/limFT.o
  CC      drivers/staging/prima/CORE/MAC/src/pe/lim/limIbssPeerMgmt.o
  CC      drivers/staging/prima/CORE/MAC/src/pe/lim/limLinkMonitoringAlgo.o
  CC      drivers/staging/prima/CORE/MAC/src/pe/lim/limLogDump.o
  CC      drivers/staging/prima/CORE/MAC/src/pe/lim/limP2P.o
  CC      drivers/staging/prima/CORE/MAC/src/pe/lim/limProcessActionFrame.o
  CC      drivers/staging/prima/CORE/MAC/src/pe/lim/limProcessAssocReqFrame.o
  CC      drivers/staging/prima/CORE/MAC/src/pe/lim/limProcessAssocRspFrame.o
  CC      drivers/staging/prima/CORE/MAC/src/pe/lim/limProcessAuthFrame.o
  CC      drivers/staging/prima/CORE/MAC/src/pe/lim/limProcessBeaconFrame.o
  CC      drivers/staging/prima/CORE/MAC/src/pe/lim/limProcessCfgUpdates.o
  CC      drivers/staging/prima/CORE/MAC/src/pe/lim/limProcessDeauthFrame.o
  CC      drivers/staging/prima/CORE/MAC/src/pe/lim/limProcessDisassocFrame.o
  CC      drivers/staging/prima/CORE/MAC/src/pe/lim/limProcessLmmMessages.o
  CC      drivers/staging/prima/CORE/MAC/src/pe/lim/limProcessMessageQueue.o
  CC      drivers/staging/prima/CORE/MAC/src/pe/lim/limProcessMlmReqMessages.o
  CC      drivers/staging/prima/CORE/MAC/src/pe/lim/limProcessMlmRspMessages.o
  CC      drivers/staging/prima/CORE/MAC/src/pe/lim/limProcessProbeReqFrame.o
  CC      drivers/staging/prima/CORE/MAC/src/pe/lim/limProcessProbeRspFrame.o
  CC      drivers/staging/prima/CORE/MAC/src/pe/lim/limProcessSmeReqMessages.o
  CC      drivers/staging/prima/CORE/MAC/src/pe/lim/limPropExtsUtils.o
  CC      drivers/staging/prima/CORE/MAC/src/pe/lim/limRMC.o
  CC      drivers/staging/prima/CORE/MAC/src/pe/lim/limRoamingAlgo.o
  CC      drivers/staging/prima/CORE/MAC/src/pe/lim/limScanResultUtils.o
  CC      drivers/staging/prima/CORE/MAC/src/pe/lim/limSecurityUtils.o
  CC      drivers/staging/prima/CORE/MAC/src/pe/lim/limSendManagementFrames.o
  CC      drivers/staging/prima/CORE/MAC/src/pe/lim/limSendMessages.o
  CC      drivers/staging/prima/CORE/MAC/src/pe/lim/limSendSmeRspMessages.o
  CC      drivers/staging/prima/CORE/MAC/src/pe/lim/limSerDesUtils.o
  CC      drivers/staging/prima/CORE/MAC/src/pe/lim/limSession.o
  CC      drivers/staging/prima/CORE/MAC/src/pe/lim/limSessionUtils.o
  CC      drivers/staging/prima/CORE/MAC/src/pe/lim/limSmeReqUtils.o
  CC      drivers/staging/prima/CORE/MAC/src/pe/lim/limStaHashApi.o
  CC      drivers/staging/prima/CORE/MAC/src/pe/lim/limTimerUtils.o
  CC      drivers/staging/prima/CORE/MAC/src/pe/lim/limTrace.o
  CC      drivers/staging/prima/CORE/MAC/src/pe/lim/limUtils.o
  CC      drivers/staging/prima/CORE/MAC/src/pe/lim/limProcessTdls.o
  CC      drivers/staging/prima/CORE/MAC/src/pe/pmm/pmmAP.o
  CC      drivers/staging/prima/CORE/MAC/src/pe/pmm/pmmApi.o
  CC      drivers/staging/prima/CORE/MAC/src/pe/pmm/pmmDebug.o
  CC      drivers/staging/prima/CORE/MAC/src/pe/sch/schApi.o
  CC      drivers/staging/prima/CORE/MAC/src/pe/sch/schBeaconGen.o
  CC      drivers/staging/prima/CORE/MAC/src/pe/sch/schBeaconProcess.o
  CC      drivers/staging/prima/CORE/MAC/src/pe/sch/schDebug.o
  CC      drivers/staging/prima/CORE/MAC/src/pe/sch/schMessage.o
  CC      drivers/staging/prima/CORE/MAC/src/pe/rrm/rrmApi.o
  CC      drivers/staging/prima/CORE/SAP/src/sapApiLinkCntl.o
  CC      drivers/staging/prima/CORE/SAP/src/sapChSelect.o
  CC      drivers/staging/prima/CORE/SAP/src/sapFsm.o
  CC      drivers/staging/prima/CORE/SAP/src/sapModule.o
  CC      drivers/staging/prima/CORE/SME/src/btc/btcApi.o
  CC      drivers/staging/prima/CORE/SME/src/ccm/ccmApi.o
  CC      drivers/staging/prima/CORE/SME/src/ccm/ccmLogDump.o
  CC      drivers/staging/prima/CORE/SME/src/sme_common/sme_Api.o
  CC      drivers/staging/prima/CORE/SME/src/sme_common/sme_FTApi.o
  CC      drivers/staging/prima/CORE/SME/src/sme_common/sme_Trace.o
  CC      drivers/staging/prima/CORE/SME/src/csr/csrApiRoam.o
  CC      drivers/staging/prima/CORE/SME/src/csr/csrApiScan.o
  CC      drivers/staging/prima/CORE/SME/src/csr/csrCmdProcess.o
  CC      drivers/staging/prima/CORE/SME/src/csr/csrLinkList.o
  CC      drivers/staging/prima/CORE/SME/src/csr/csrLogDump.o
  CC      drivers/staging/prima/CORE/SME/src/csr/csrNeighborRoam.o
  CC      drivers/staging/prima/CORE/SME/src/csr/csrUtil.o
  CC      drivers/staging/prima/CORE/SME/src/csr/csrTdlsProcess.o
  CC      drivers/staging/prima/CORE/SME/src/oemData/oemDataApi.o
  CC      drivers/staging/prima/CORE/SME/src/p2p/p2p_Api.o
  CC      drivers/staging/prima/CORE/SME/src/pmc/pmcApi.o
  CC      drivers/staging/prima/CORE/SME/src/pmc/pmc.o
  CC      drivers/staging/prima/CORE/SME/src/pmc/pmcLogDump.o
  CC      drivers/staging/prima/CORE/SME/src/QoS/sme_Qos.o
  CC      drivers/staging/prima/CORE/SME/src/rrm/sme_rrm.o
  CC      drivers/staging/prima/CORE/SME/src/nan/nan_Api.o
  CC      drivers/staging/prima/CORE/SVC/src/btc/wlan_btc_svc.o
  CC      drivers/staging/prima/CORE/SVC/src/nlink/wlan_nlink_srv.o
  CC      drivers/staging/prima/CORE/SVC/src/ptt/wlan_ptt_sock_svc.o
  CC      drivers/staging/prima/CORE/SVC/src/logging/wlan_logging_sock_svc.o
  CC      drivers/staging/prima/CORE/SYS/common/src/wlan_qct_sys.o
  CC      drivers/staging/prima/CORE/SYS/legacy/src/pal/src/palApiComm.o
  CC      drivers/staging/prima/CORE/SYS/legacy/src/pal/src/palTimer.o
  CC      drivers/staging/prima/CORE/SYS/legacy/src/platform/src/VossWrapper.o
  CC      drivers/staging/prima/CORE/SYS/legacy/src/system/src/macInitApi.o
  CC      drivers/staging/prima/CORE/SYS/legacy/src/system/src/sysEntryFunc.o
  CC      drivers/staging/prima/CORE/SYS/legacy/src/utils/src/dot11f.o
  CC      drivers/staging/prima/CORE/SYS/legacy/src/utils/src/logApi.o
  CC      drivers/staging/prima/CORE/SYS/legacy/src/utils/src/logDump.o
  CC      drivers/staging/prima/CORE/SYS/legacy/src/utils/src/macTrace.o
  CC      drivers/staging/prima/CORE/SYS/legacy/src/utils/src/parserApi.o
  CC      drivers/staging/prima/CORE/SYS/legacy/src/utils/src/utilsApi.o
  CC      drivers/staging/prima/CORE/SYS/legacy/src/utils/src/utilsParser.o
  CC      drivers/staging/prima/CORE/TL/src/wlan_qct_tl.o
  CC      drivers/staging/prima/CORE/TL/src/wlan_qct_tl_ba.o
  CC      drivers/staging/prima/CORE/TL/src/wlan_qct_tl_hosupport.o
  CC      drivers/staging/prima/CORE/TL/src/wlan_qct_tl_trace.o
  CC      drivers/staging/prima/CORE/VOSS/src/vos_api.o
  CC      drivers/staging/prima/CORE/VOSS/src/vos_event.o
  CC      drivers/staging/prima/CORE/VOSS/src/vos_getBin.o
  CC      drivers/staging/prima/CORE/VOSS/src/vos_list.o
  CC      drivers/staging/prima/CORE/VOSS/src/vos_lock.o
  CC      drivers/staging/prima/CORE/VOSS/src/vos_memory.o
  CC      drivers/staging/prima/CORE/VOSS/src/vos_mq.o
  CC      drivers/staging/prima/CORE/VOSS/src/vos_nvitem.o
  CC      drivers/staging/prima/CORE/VOSS/src/vos_packet.o
  CC      drivers/staging/prima/CORE/VOSS/src/vos_sched.o
  CC      drivers/staging/prima/CORE/VOSS/src/vos_threads.o
  CC      drivers/staging/prima/CORE/VOSS/src/vos_timer.o
  CC      drivers/staging/prima/CORE/VOSS/src/vos_trace.o
  CC      drivers/staging/prima/CORE/VOSS/src/vos_types.o
  CC      drivers/staging/prima/CORE/VOSS/src/vos_utils.o
  CC      drivers/staging/prima/CORE/VOSS/src/wlan_nv_parser.o
  CC      drivers/staging/prima/CORE/VOSS/src/wlan_nv_stream_read.o
  CC      drivers/staging/prima/CORE/VOSS/src/wlan_nv_template_builtin.o
  CC      drivers/staging/prima/CORE/VOSS/src/vos_diag.o
  CC      drivers/staging/prima/CORE/WDA/src/wlan_qct_wda.o
  CC      drivers/staging/prima/CORE/WDA/src/wlan_qct_wda_debug.o
  CC      drivers/staging/prima/CORE/WDA/src/wlan_qct_wda_ds.o
  CC      drivers/staging/prima/CORE/WDA/src/wlan_qct_wda_legacy.o
  CC      drivers/staging/prima/CORE/WDA/src/wlan_nv.o
  CC      drivers/staging/prima/CORE/WDI/CP/src/wlan_qct_wdi.o
  CC      drivers/staging/prima/CORE/WDI/CP/src/wlan_qct_wdi_dp.o
  CC      drivers/staging/prima/CORE/WDI/CP/src/wlan_qct_wdi_sta.o
  CC      drivers/staging/prima/CORE/WDI/DP/src/wlan_qct_wdi_bd.o
  CC      drivers/staging/prima/CORE/WDI/DP/src/wlan_qct_wdi_ds.o
  CC      drivers/staging/prima/CORE/WDI/TRP/CTS/src/wlan_qct_wdi_cts.o
  CC      drivers/staging/prima/CORE/WDI/TRP/DTS/src/wlan_qct_wdi_dts.o
  CC      drivers/staging/prima/CORE/WDI/WPAL/src/wlan_qct_pal_api.o
  CC      drivers/staging/prima/CORE/WDI/WPAL/src/wlan_qct_pal_device.o
  CC      drivers/staging/prima/CORE/WDI/WPAL/src/wlan_qct_pal_msg.o
  CC      drivers/staging/prima/CORE/WDI/WPAL/src/wlan_qct_pal_packet.o
  CC      drivers/staging/prima/CORE/WDI/WPAL/src/wlan_qct_pal_sync.o
  CC      drivers/staging/prima/CORE/WDI/WPAL/src/wlan_qct_pal_timer.o
  CC      drivers/staging/prima/CORE/WDI/WPAL/src/wlan_qct_pal_trace.o
  LD      drivers/staging/prima/wlan.o
  LD      drivers/staging/prima/built-in.o
  LD      drivers/staging/built-in.o
  LD      drivers/built-in.o
  LINK    vmlinux
  LD      vmlinux.o
  MODPOST vmlinux.o
  GEN     .version
  CC      init/main.o
  CHK     include/generated/compile.h
  CC      init/do_mounts.o
  CC      init/do_mounts_rd.o
  CC      init/do_mounts_initrd.o
  CC      init/initramfs.o
  CC      init/calibrate.o
  CC      init/init_task.o
  LD      init/mounts.o
  UPD     include/generated/compile.h
  CC      init/version.o
  LD      init/built-in.o
  KSYM    .tmp_kallsyms1.o
  KSYM    .tmp_kallsyms2.o
  LD      vmlinux
  SORTEX  vmlinux
  SYSMAP  System.map
  OBJCOPY arch/arm64/boot/Image
make: Leaving directory '/root/los19/kernel/oppo/msm8939'
Building DTBs
make: Entering directory '/root/los19/kernel/oppo/msm8939'
  CC      scripts/mod/empty.o
  CC      scripts/mod/devicetable-offsets.s
  MKELF   scripts/mod/elfconfig.h
  HOSTCC  scripts/mod/modpost.o
  HOSTCC  scripts/mod/sumversion.o
  GEN     scripts/mod/devicetable-offsets.h
clang-12clang-12: : warningwarning: : argument unused during compilation: '-fuse-ld=lld' [-Wunused-command-line-argument]argument unused during compilation: '-fuse-ld=lld' [-Wunused-command-line-argument]

  HOSTCC  scripts/mod/file2alias.o
clang-12: warning: argument unused during compilation: '-fuse-ld=lld' [-Wunused-command-line-argument]
/root/los19/kernel/oppo/msm8939/scripts/mod/file2alias.c:374:1: warning: adding 'unsigned long' to a string does not append to the string [-Wstring-plus-int]
ADD_TO_DEVTABLE("hid", hid_device_id, do_hid_entry);
^~~~~~~~~~~~~~~~~~~~~~~~~~~~~~~~~~~~~~~~~~~~~~~~~~~
/root/los19/kernel/oppo/msm8939/scripts/mod/file2alias.c:103:13: note: expanded from macro 'ADD_TO_DEVTABLE'
                device_id + 0*sizeof((function)((const char *)NULL,     \
                ~~~~~~~~~~^~~~~~~~~~~~~~~~~~~~~~~~~~~~~~~~~~~~~~~~~~~~~~~
/root/los19/kernel/oppo/msm8939/scripts/mod/file2alias.c:374:1: note: use array indexing to silence this warning
/root/los19/kernel/oppo/msm8939/scripts/mod/file2alias.c:103:13: note: expanded from macro 'ADD_TO_DEVTABLE'
                device_id + 0*sizeof((function)((const char *)NULL,     \
                          ^
/root/los19/kernel/oppo/msm8939/scripts/mod/file2alias.c:399:1: warning: adding 'unsigned long' to a string does not append to the string [-Wstring-plus-int]
ADD_TO_DEVTABLE("ieee1394", ieee1394_device_id, do_ieee1394_entry);
^~~~~~~~~~~~~~~~~~~~~~~~~~~~~~~~~~~~~~~~~~~~~~~~~~~~~~~~~~~~~~~~~~
/root/los19/kernel/oppo/msm8939/scripts/mod/file2alias.c:103:13: note: expanded from macro 'ADD_TO_DEVTABLE'
                device_id + 0*sizeof((function)((const char *)NULL,     \
                ~~~~~~~~~~^~~~~~~~~~~~~~~~~~~~~~~~~~~~~~~~~~~~~~~~~~~~~~~
/root/los19/kernel/oppo/msm8939/scripts/mod/file2alias.c:399:1: note: use array indexing to silence this warning
/root/los19/kernel/oppo/msm8939/scripts/mod/file2alias.c:103:13: note: expanded from macro 'ADD_TO_DEVTABLE'
                device_id + 0*sizeof((function)((const char *)NULL,     \
                          ^
/root/los19/kernel/oppo/msm8939/scripts/mod/file2alias.c:443:1: warning: adding 'unsigned long' to a string does not append to the string [-Wstring-plus-int]
ADD_TO_DEVTABLE("pci", pci_device_id, do_pci_entry);
^~~~~~~~~~~~~~~~~~~~~~~~~~~~~~~~~~~~~~~~~~~~~~~~~~~
/root/los19/kernel/oppo/msm8939/scripts/mod/file2alias.c:103:13: note: expanded from macro 'ADD_TO_DEVTABLE'
                device_id + 0*sizeof((function)((const char *)NULL,     \
                ~~~~~~~~~~^~~~~~~~~~~~~~~~~~~~~~~~~~~~~~~~~~~~~~~~~~~~~~~
/root/los19/kernel/oppo/msm8939/scripts/mod/file2alias.c:443:1: note: use array indexing to silence this warning
/root/los19/kernel/oppo/msm8939/scripts/mod/file2alias.c:103:13: note: expanded from macro 'ADD_TO_DEVTABLE'
                device_id + 0*sizeof((function)((const char *)NULL,     \
                          ^
/root/los19/kernel/oppo/msm8939/scripts/mod/file2alias.c:467:1: warning: adding 'unsigned long' to a string does not append to the string [-Wstring-plus-int]
ADD_TO_DEVTABLE("ccw", ccw_device_id, do_ccw_entry);
^~~~~~~~~~~~~~~~~~~~~~~~~~~~~~~~~~~~~~~~~~~~~~~~~~~
/root/los19/kernel/oppo/msm8939/scripts/mod/file2alias.c:103:13: note: expanded from macro 'ADD_TO_DEVTABLE'
                device_id + 0*sizeof((function)((const char *)NULL,     \
                ~~~~~~~~~~^~~~~~~~~~~~~~~~~~~~~~~~~~~~~~~~~~~~~~~~~~~~~~~
/root/los19/kernel/oppo/msm8939/scripts/mod/file2alias.c:467:1: note: use array indexing to silence this warning
/root/los19/kernel/oppo/msm8939/scripts/mod/file2alias.c:103:13: note: expanded from macro 'ADD_TO_DEVTABLE'
                device_id + 0*sizeof((function)((const char *)NULL,     \
                          ^
/root/los19/kernel/oppo/msm8939/scripts/mod/file2alias.c:478:1: warning: adding 'unsigned long' to a string does not append to the string [-Wstring-plus-int]
ADD_TO_DEVTABLE("ap", ap_device_id, do_ap_entry);
^~~~~~~~~~~~~~~~~~~~~~~~~~~~~~~~~~~~~~~~~~~~~~~~
/root/los19/kernel/oppo/msm8939/scripts/mod/file2alias.c:103:13: note: expanded from macro 'ADD_TO_DEVTABLE'
                device_id + 0*sizeof((function)((const char *)NULL,     \
                ~~~~~~~~~~^~~~~~~~~~~~~~~~~~~~~~~~~~~~~~~~~~~~~~~~~~~~~~~
/root/los19/kernel/oppo/msm8939/scripts/mod/file2alias.c:478:1: note: use array indexing to silence this warning
/root/los19/kernel/oppo/msm8939/scripts/mod/file2alias.c:103:13: note: expanded from macro 'ADD_TO_DEVTABLE'
                device_id + 0*sizeof((function)((const char *)NULL,     \
                          ^
/root/los19/kernel/oppo/msm8939/scripts/mod/file2alias.c:489:1: warning: adding 'unsigned long' to a string does not append to the string [-Wstring-plus-int]
ADD_TO_DEVTABLE("css", css_device_id, do_css_entry);
^~~~~~~~~~~~~~~~~~~~~~~~~~~~~~~~~~~~~~~~~~~~~~~~~~~
/root/los19/kernel/oppo/msm8939/scripts/mod/file2alias.c:103:13: note: expanded from macro 'ADD_TO_DEVTABLE'
                device_id + 0*sizeof((function)((const char *)NULL,     \
                ~~~~~~~~~~^~~~~~~~~~~~~~~~~~~~~~~~~~~~~~~~~~~~~~~~~~~~~~~
/root/los19/kernel/oppo/msm8939/scripts/mod/file2alias.c:489:1: note: use array indexing to silence this warning
/root/los19/kernel/oppo/msm8939/scripts/mod/file2alias.c:103:13: note: expanded from macro 'ADD_TO_DEVTABLE'
                device_id + 0*sizeof((function)((const char *)NULL,     \
                          ^
/root/los19/kernel/oppo/msm8939/scripts/mod/file2alias.c:509:1: warning: adding 'unsigned long' to a string does not append to the string [-Wstring-plus-int]
ADD_TO_DEVTABLE("serio", serio_device_id, do_serio_entry);
^~~~~~~~~~~~~~~~~~~~~~~~~~~~~~~~~~~~~~~~~~~~~~~~~~~~~~~~~
/root/los19/kernel/oppo/msm8939/scripts/mod/file2alias.c:103:13: note: expanded from macro 'ADD_TO_DEVTABLE'
                device_id + 0*sizeof((function)((const char *)NULL,     \
                ~~~~~~~~~~^~~~~~~~~~~~~~~~~~~~~~~~~~~~~~~~~~~~~~~~~~~~~~~
/root/los19/kernel/oppo/msm8939/scripts/mod/file2alias.c:509:1: note: use array indexing to silence this warning
/root/los19/kernel/oppo/msm8939/scripts/mod/file2alias.c:103:13: note: expanded from macro 'ADD_TO_DEVTABLE'
                device_id + 0*sizeof((function)((const char *)NULL,     \
                          ^
/root/los19/kernel/oppo/msm8939/scripts/mod/file2alias.c:519:1: warning: adding 'unsigned long' to a string does not append to the string [-Wstring-plus-int]
ADD_TO_DEVTABLE("acpi", acpi_device_id, do_acpi_entry);
^~~~~~~~~~~~~~~~~~~~~~~~~~~~~~~~~~~~~~~~~~~~~~~~~~~~~~
/root/los19/kernel/oppo/msm8939/scripts/mod/file2alias.c:103:13: note: expanded from macro 'ADD_TO_DEVTABLE'
                device_id + 0*sizeof((function)((const char *)NULL,     \
                ~~~~~~~~~~^~~~~~~~~~~~~~~~~~~~~~~~~~~~~~~~~~~~~~~~~~~~~~~
/root/los19/kernel/oppo/msm8939/scripts/mod/file2alias.c:519:1: note: use array indexing to silence this warning
/root/los19/kernel/oppo/msm8939/scripts/mod/file2alias.c:103:13: note: expanded from macro 'ADD_TO_DEVTABLE'
                device_id + 0*sizeof((function)((const char *)NULL,     \
                          ^
/root/los19/kernel/oppo/msm8939/scripts/mod/file2alias.c:640:1: warning: adding 'unsigned long' to a string does not append to the string [-Wstring-plus-int]
ADD_TO_DEVTABLE("pcmcia", pcmcia_device_id, do_pcmcia_entry);
^~~~~~~~~~~~~~~~~~~~~~~~~~~~~~~~~~~~~~~~~~~~~~~~~~~~~~~~~~~~
/root/los19/kernel/oppo/msm8939/scripts/mod/file2alias.c:103:13: note: expanded from macro 'ADD_TO_DEVTABLE'
                device_id + 0*sizeof((function)((const char *)NULL,     \
                ~~~~~~~~~~^~~~~~~~~~~~~~~~~~~~~~~~~~~~~~~~~~~~~~~~~~~~~~~
/root/los19/kernel/oppo/msm8939/scripts/mod/file2alias.c:640:1: note: use array indexing to silence this warning
/root/los19/kernel/oppo/msm8939/scripts/mod/file2alias.c:103:13: note: expanded from macro 'ADD_TO_DEVTABLE'
                device_id + 0*sizeof((function)((const char *)NULL,     \
                          ^
/root/los19/kernel/oppo/msm8939/scripts/mod/file2alias.c:667:1: warning: adding 'unsigned long' to a string does not append to the string [-Wstring-plus-int]
ADD_TO_DEVTABLE("of", of_device_id, do_of_entry);
^~~~~~~~~~~~~~~~~~~~~~~~~~~~~~~~~~~~~~~~~~~~~~~~
/root/los19/kernel/oppo/msm8939/scripts/mod/file2alias.c:103:13: note: expanded from macro 'ADD_TO_DEVTABLE'
                device_id + 0*sizeof((function)((const char *)NULL,     \
                ~~~~~~~~~~^~~~~~~~~~~~~~~~~~~~~~~~~~~~~~~~~~~~~~~~~~~~~~~
/root/los19/kernel/oppo/msm8939/scripts/mod/file2alias.c:667:1: note: use array indexing to silence this warning
/root/los19/kernel/oppo/msm8939/scripts/mod/file2alias.c:103:13: note: expanded from macro 'ADD_TO_DEVTABLE'
                device_id + 0*sizeof((function)((const char *)NULL,     \
                          ^
/root/los19/kernel/oppo/msm8939/scripts/mod/file2alias.c:687:1: warning: adding 'unsigned long' to a string does not append to the string [-Wstring-plus-int]
ADD_TO_DEVTABLE("vio", vio_device_id, do_vio_entry);
^~~~~~~~~~~~~~~~~~~~~~~~~~~~~~~~~~~~~~~~~~~~~~~~~~~
/root/los19/kernel/oppo/msm8939/scripts/mod/file2alias.c:103:13: note: expanded from macro 'ADD_TO_DEVTABLE'
                device_id + 0*sizeof((function)((const char *)NULL,     \
                ~~~~~~~~~~^~~~~~~~~~~~~~~~~~~~~~~~~~~~~~~~~~~~~~~~~~~~~~~
/root/los19/kernel/oppo/msm8939/scripts/mod/file2alias.c:687:1: note: use array indexing to silence this warning
/root/los19/kernel/oppo/msm8939/scripts/mod/file2alias.c:103:13: note: expanded from macro 'ADD_TO_DEVTABLE'
                device_id + 0*sizeof((function)((const char *)NULL,     \
                          ^
/root/los19/kernel/oppo/msm8939/scripts/mod/file2alias.c:760:1: warning: adding 'unsigned long' to a string does not append to the string [-Wstring-plus-int]
ADD_TO_DEVTABLE("input", input_device_id, do_input_entry);
^~~~~~~~~~~~~~~~~~~~~~~~~~~~~~~~~~~~~~~~~~~~~~~~~~~~~~~~~
/root/los19/kernel/oppo/msm8939/scripts/mod/file2alias.c:103:13: note: expanded from macro 'ADD_TO_DEVTABLE'
                device_id + 0*sizeof((function)((const char *)NULL,     \
                ~~~~~~~~~~^~~~~~~~~~~~~~~~~~~~~~~~~~~~~~~~~~~~~~~~~~~~~~~
/root/los19/kernel/oppo/msm8939/scripts/mod/file2alias.c:760:1: note: use array indexing to silence this warning
/root/los19/kernel/oppo/msm8939/scripts/mod/file2alias.c:103:13: note: expanded from macro 'ADD_TO_DEVTABLE'
                device_id + 0*sizeof((function)((const char *)NULL,     \
                          ^
/root/los19/kernel/oppo/msm8939/scripts/mod/file2alias.c:772:1: warning: adding 'unsigned long' to a string does not append to the string [-Wstring-plus-int]
ADD_TO_DEVTABLE("eisa", eisa_device_id, do_eisa_entry);
^~~~~~~~~~~~~~~~~~~~~~~~~~~~~~~~~~~~~~~~~~~~~~~~~~~~~~
/root/los19/kernel/oppo/msm8939/scripts/mod/file2alias.c:103:13: note: expanded from macro 'ADD_TO_DEVTABLE'
                device_id + 0*sizeof((function)((const char *)NULL,     \
                ~~~~~~~~~~^~~~~~~~~~~~~~~~~~~~~~~~~~~~~~~~~~~~~~~~~~~~~~~
/root/los19/kernel/oppo/msm8939/scripts/mod/file2alias.c:772:1: note: use array indexing to silence this warning
/root/los19/kernel/oppo/msm8939/scripts/mod/file2alias.c:103:13: note: expanded from macro 'ADD_TO_DEVTABLE'
                device_id + 0*sizeof((function)((const char *)NULL,     \
                          ^
/root/los19/kernel/oppo/msm8939/scripts/mod/file2alias.c:792:1: warning: adding 'unsigned long' to a string does not append to the string [-Wstring-plus-int]
ADD_TO_DEVTABLE("parisc", parisc_device_id, do_parisc_entry);
^~~~~~~~~~~~~~~~~~~~~~~~~~~~~~~~~~~~~~~~~~~~~~~~~~~~~~~~~~~~
/root/los19/kernel/oppo/msm8939/scripts/mod/file2alias.c:103:13: note: expanded from macro 'ADD_TO_DEVTABLE'
                device_id + 0*sizeof((function)((const char *)NULL,     \
                ~~~~~~~~~~^~~~~~~~~~~~~~~~~~~~~~~~~~~~~~~~~~~~~~~~~~~~~~~
/root/los19/kernel/oppo/msm8939/scripts/mod/file2alias.c:792:1: note: use array indexing to silence this warning
/root/los19/kernel/oppo/msm8939/scripts/mod/file2alias.c:103:13: note: expanded from macro 'ADD_TO_DEVTABLE'
                device_id + 0*sizeof((function)((const char *)NULL,     \
                          ^
/root/los19/kernel/oppo/msm8939/scripts/mod/file2alias.c:809:1: warning: adding 'unsigned long' to a string does not append to the string [-Wstring-plus-int]
ADD_TO_DEVTABLE("sdio", sdio_device_id, do_sdio_entry);
^~~~~~~~~~~~~~~~~~~~~~~~~~~~~~~~~~~~~~~~~~~~~~~~~~~~~~
/root/los19/kernel/oppo/msm8939/scripts/mod/file2alias.c:103:13: note: expanded from macro 'ADD_TO_DEVTABLE'
                device_id + 0*sizeof((function)((const char *)NULL,     \
                ~~~~~~~~~~^~~~~~~~~~~~~~~~~~~~~~~~~~~~~~~~~~~~~~~~~~~~~~~
/root/los19/kernel/oppo/msm8939/scripts/mod/file2alias.c:809:1: note: use array indexing to silence this warning
/root/los19/kernel/oppo/msm8939/scripts/mod/file2alias.c:103:13: note: expanded from macro 'ADD_TO_DEVTABLE'
                device_id + 0*sizeof((function)((const char *)NULL,     \
                          ^
/root/los19/kernel/oppo/msm8939/scripts/mod/file2alias.c:826:1: warning: adding 'unsigned long' to a string does not append to the string [-Wstring-plus-int]
ADD_TO_DEVTABLE("ssb", ssb_device_id, do_ssb_entry);
^~~~~~~~~~~~~~~~~~~~~~~~~~~~~~~~~~~~~~~~~~~~~~~~~~~
/root/los19/kernel/oppo/msm8939/scripts/mod/file2alias.c:103:13: note: expanded from macro 'ADD_TO_DEVTABLE'
                device_id + 0*sizeof((function)((const char *)NULL,     \
                ~~~~~~~~~~^~~~~~~~~~~~~~~~~~~~~~~~~~~~~~~~~~~~~~~~~~~~~~~
/root/los19/kernel/oppo/msm8939/scripts/mod/file2alias.c:826:1: note: use array indexing to silence this warning
/root/los19/kernel/oppo/msm8939/scripts/mod/file2alias.c:103:13: note: expanded from macro 'ADD_TO_DEVTABLE'
                device_id + 0*sizeof((function)((const char *)NULL,     \
                          ^
/root/los19/kernel/oppo/msm8939/scripts/mod/file2alias.c:845:1: warning: adding 'unsigned long' to a string does not append to the string [-Wstring-plus-int]
ADD_TO_DEVTABLE("bcma", bcma_device_id, do_bcma_entry);
^~~~~~~~~~~~~~~~~~~~~~~~~~~~~~~~~~~~~~~~~~~~~~~~~~~~~~
/root/los19/kernel/oppo/msm8939/scripts/mod/file2alias.c:103:13: note: expanded from macro 'ADD_TO_DEVTABLE'
                device_id + 0*sizeof((function)((const char *)NULL,     \
                ~~~~~~~~~~^~~~~~~~~~~~~~~~~~~~~~~~~~~~~~~~~~~~~~~~~~~~~~~
/root/los19/kernel/oppo/msm8939/scripts/mod/file2alias.c:845:1: note: use array indexing to silence this warning
/root/los19/kernel/oppo/msm8939/scripts/mod/file2alias.c:103:13: note: expanded from macro 'ADD_TO_DEVTABLE'
                device_id + 0*sizeof((function)((const char *)NULL,     \
                          ^
/root/los19/kernel/oppo/msm8939/scripts/mod/file2alias.c:861:1: warning: adding 'unsigned long' to a string does not append to the string [-Wstring-plus-int]
ADD_TO_DEVTABLE("virtio", virtio_device_id, do_virtio_entry);
^~~~~~~~~~~~~~~~~~~~~~~~~~~~~~~~~~~~~~~~~~~~~~~~~~~~~~~~~~~~
/root/los19/kernel/oppo/msm8939/scripts/mod/file2alias.c:103:13: note: expanded from macro 'ADD_TO_DEVTABLE'
                device_id + 0*sizeof((function)((const char *)NULL,     \
                ~~~~~~~~~~^~~~~~~~~~~~~~~~~~~~~~~~~~~~~~~~~~~~~~~~~~~~~~~
/root/los19/kernel/oppo/msm8939/scripts/mod/file2alias.c:861:1: note: use array indexing to silence this warning
/root/los19/kernel/oppo/msm8939/scripts/mod/file2alias.c:103:13: note: expanded from macro 'ADD_TO_DEVTABLE'
                device_id + 0*sizeof((function)((const char *)NULL,     \
                          ^
/root/los19/kernel/oppo/msm8939/scripts/mod/file2alias.c:884:1: warning: adding 'unsigned long' to a string does not append to the string [-Wstring-plus-int]
ADD_TO_DEVTABLE("vmbus", hv_vmbus_device_id, do_vmbus_entry);
^~~~~~~~~~~~~~~~~~~~~~~~~~~~~~~~~~~~~~~~~~~~~~~~~~~~~~~~~~~~
/root/los19/kernel/oppo/msm8939/scripts/mod/file2alias.c:103:13: note: expanded from macro 'ADD_TO_DEVTABLE'
                device_id + 0*sizeof((function)((const char *)NULL,     \
                ~~~~~~~~~~^~~~~~~~~~~~~~~~~~~~~~~~~~~~~~~~~~~~~~~~~~~~~~~
/root/los19/kernel/oppo/msm8939/scripts/mod/file2alias.c:884:1: note: use array indexing to silence this warning
/root/los19/kernel/oppo/msm8939/scripts/mod/file2alias.c:103:13: note: expanded from macro 'ADD_TO_DEVTABLE'
                device_id + 0*sizeof((function)((const char *)NULL,     \
                          ^
/root/los19/kernel/oppo/msm8939/scripts/mod/file2alias.c:895:1: warning: adding 'unsigned long' to a string does not append to the string [-Wstring-plus-int]
ADD_TO_DEVTABLE("i2c", i2c_device_id, do_i2c_entry);
^~~~~~~~~~~~~~~~~~~~~~~~~~~~~~~~~~~~~~~~~~~~~~~~~~~
/root/los19/kernel/oppo/msm8939/scripts/mod/file2alias.c:103:13: note: expanded from macro 'ADD_TO_DEVTABLE'
                device_id + 0*sizeof((function)((const char *)NULL,     \
                ~~~~~~~~~~^~~~~~~~~~~~~~~~~~~~~~~~~~~~~~~~~~~~~~~~~~~~~~~
/root/los19/kernel/oppo/msm8939/scripts/mod/file2alias.c:895:1: note: use array indexing to silence this warning
/root/los19/kernel/oppo/msm8939/scripts/mod/file2alias.c:103:13: note: expanded from macro 'ADD_TO_DEVTABLE'
                device_id + 0*sizeof((function)((const char *)NULL,     \
                          ^
/root/los19/kernel/oppo/msm8939/scripts/mod/file2alias.c:906:1: warning: adding 'unsigned long' to a string does not append to the string [-Wstring-plus-int]
ADD_TO_DEVTABLE("spi", spi_device_id, do_spi_entry);
^~~~~~~~~~~~~~~~~~~~~~~~~~~~~~~~~~~~~~~~~~~~~~~~~~~
/root/los19/kernel/oppo/msm8939/scripts/mod/file2alias.c:103:13: note: expanded from macro 'ADD_TO_DEVTABLE'
                device_id + 0*sizeof((function)((const char *)NULL,     \
                ~~~~~~~~~~^~~~~~~~~~~~~~~~~~~~~~~~~~~~~~~~~~~~~~~~~~~~~~~
/root/los19/kernel/oppo/msm8939/scripts/mod/file2alias.c:906:1: note: use array indexing to silence this warning
/root/los19/kernel/oppo/msm8939/scripts/mod/file2alias.c:103:13: note: expanded from macro 'ADD_TO_DEVTABLE'
                device_id + 0*sizeof((function)((const char *)NULL,     \
                          ^
/root/los19/kernel/oppo/msm8939/scripts/mod/file2alias.c:961:1: warning: adding 'unsigned long' to a string does not append to the string [-Wstring-plus-int]
ADD_TO_DEVTABLE("dmi", dmi_system_id, do_dmi_entry);
^~~~~~~~~~~~~~~~~~~~~~~~~~~~~~~~~~~~~~~~~~~~~~~~~~~
/root/los19/kernel/oppo/msm8939/scripts/mod/file2alias.c:103:13: note: expanded from macro 'ADD_TO_DEVTABLE'
                device_id + 0*sizeof((function)((const char *)NULL,     \
                ~~~~~~~~~~^~~~~~~~~~~~~~~~~~~~~~~~~~~~~~~~~~~~~~~~~~~~~~~
/root/los19/kernel/oppo/msm8939/scripts/mod/file2alias.c:961:1: note: use array indexing to silence this warning
/root/los19/kernel/oppo/msm8939/scripts/mod/file2alias.c:103:13: note: expanded from macro 'ADD_TO_DEVTABLE'
                device_id + 0*sizeof((function)((const char *)NULL,     \
                          ^
/root/los19/kernel/oppo/msm8939/scripts/mod/file2alias.c:970:1: warning: adding 'unsigned long' to a string does not append to the string [-Wstring-plus-int]
ADD_TO_DEVTABLE("platform", platform_device_id, do_platform_entry);
^~~~~~~~~~~~~~~~~~~~~~~~~~~~~~~~~~~~~~~~~~~~~~~~~~~~~~~~~~~~~~~~~~
/root/los19/kernel/oppo/msm8939/scripts/mod/file2alias.c:103:13: note: expanded from macro 'ADD_TO_DEVTABLE'
                device_id + 0*sizeof((function)((const char *)NULL,     \
                ~~~~~~~~~~^~~~~~~~~~~~~~~~~~~~~~~~~~~~~~~~~~~~~~~~~~~~~~~
/root/los19/kernel/oppo/msm8939/scripts/mod/file2alias.c:970:1: note: use array indexing to silence this warning
/root/los19/kernel/oppo/msm8939/scripts/mod/file2alias.c:103:13: note: expanded from macro 'ADD_TO_DEVTABLE'
                device_id + 0*sizeof((function)((const char *)NULL,     \
                          ^
/root/los19/kernel/oppo/msm8939/scripts/mod/file2alias.c:995:1: warning: adding 'unsigned long' to a string does not append to the string [-Wstring-plus-int]
ADD_TO_DEVTABLE("mdio", mdio_device_id, do_mdio_entry);
^~~~~~~~~~~~~~~~~~~~~~~~~~~~~~~~~~~~~~~~~~~~~~~~~~~~~~
/root/los19/kernel/oppo/msm8939/scripts/mod/file2alias.c:103:13: note: expanded from macro 'ADD_TO_DEVTABLE'
                device_id + 0*sizeof((function)((const char *)NULL,     \
                ~~~~~~~~~~^~~~~~~~~~~~~~~~~~~~~~~~~~~~~~~~~~~~~~~~~~~~~~~
/root/los19/kernel/oppo/msm8939/scripts/mod/file2alias.c:995:1: note: use array indexing to silence this warning
/root/los19/kernel/oppo/msm8939/scripts/mod/file2alias.c:103:13: note: expanded from macro 'ADD_TO_DEVTABLE'
                device_id + 0*sizeof((function)((const char *)NULL,     \
                          ^
/root/los19/kernel/oppo/msm8939/scripts/mod/file2alias.c:1006:1: warning: adding 'unsigned long' to a string does not append to the string [-Wstring-plus-int]
ADD_TO_DEVTABLE("zorro", zorro_device_id, do_zorro_entry);
^~~~~~~~~~~~~~~~~~~~~~~~~~~~~~~~~~~~~~~~~~~~~~~~~~~~~~~~~
/root/los19/kernel/oppo/msm8939/scripts/mod/file2alias.c:103:13: note: expanded from macro 'ADD_TO_DEVTABLE'
                device_id + 0*sizeof((function)((const char *)NULL,     \
                ~~~~~~~~~~^~~~~~~~~~~~~~~~~~~~~~~~~~~~~~~~~~~~~~~~~~~~~~~
/root/los19/kernel/oppo/msm8939/scripts/mod/file2alias.c:1006:1: note: use array indexing to silence this warning
/root/los19/kernel/oppo/msm8939/scripts/mod/file2alias.c:103:13: note: expanded from macro 'ADD_TO_DEVTABLE'
                device_id + 0*sizeof((function)((const char *)NULL,     \
                          ^
/root/los19/kernel/oppo/msm8939/scripts/mod/file2alias.c:1022:1: warning: adding 'unsigned long' to a string does not append to the string [-Wstring-plus-int]
ADD_TO_DEVTABLE("isapnp", isapnp_device_id, do_isapnp_entry);
^~~~~~~~~~~~~~~~~~~~~~~~~~~~~~~~~~~~~~~~~~~~~~~~~~~~~~~~~~~~
/root/los19/kernel/oppo/msm8939/scripts/mod/file2alias.c:103:13: note: expanded from macro 'ADD_TO_DEVTABLE'
                device_id + 0*sizeof((function)((const char *)NULL,     \
                ~~~~~~~~~~^~~~~~~~~~~~~~~~~~~~~~~~~~~~~~~~~~~~~~~~~~~~~~~
/root/los19/kernel/oppo/msm8939/scripts/mod/file2alias.c:1022:1: note: use array indexing to silence this warning
/root/los19/kernel/oppo/msm8939/scripts/mod/file2alias.c:103:13: note: expanded from macro 'ADD_TO_DEVTABLE'
                device_id + 0*sizeof((function)((const char *)NULL,     \
                          ^
/root/los19/kernel/oppo/msm8939/scripts/mod/file2alias.c:1038:1: warning: adding 'unsigned long' to a string does not append to the string [-Wstring-plus-int]
ADD_TO_DEVTABLE("ipack", ipack_device_id, do_ipack_entry);
^~~~~~~~~~~~~~~~~~~~~~~~~~~~~~~~~~~~~~~~~~~~~~~~~~~~~~~~~
/root/los19/kernel/oppo/msm8939/scripts/mod/file2alias.c:103:13: note: expanded from macro 'ADD_TO_DEVTABLE'
                device_id + 0*sizeof((function)((const char *)NULL,     \
                ~~~~~~~~~~^~~~~~~~~~~~~~~~~~~~~~~~~~~~~~~~~~~~~~~~~~~~~~~
/root/los19/kernel/oppo/msm8939/scripts/mod/file2alias.c:1038:1: note: use array indexing to silence this warning
/root/los19/kernel/oppo/msm8939/scripts/mod/file2alias.c:103:13: note: expanded from macro 'ADD_TO_DEVTABLE'
                device_id + 0*sizeof((function)((const char *)NULL,     \
                          ^
/root/los19/kernel/oppo/msm8939/scripts/mod/file2alias.c:1109:1: warning: adding 'unsigned long' to a string does not append to the string [-Wstring-plus-int]
ADD_TO_DEVTABLE("amba", amba_id, do_amba_entry);
^~~~~~~~~~~~~~~~~~~~~~~~~~~~~~~~~~~~~~~~~~~~~~~
/root/los19/kernel/oppo/msm8939/scripts/mod/file2alias.c:103:13: note: expanded from macro 'ADD_TO_DEVTABLE'
                device_id + 0*sizeof((function)((const char *)NULL,     \
                ~~~~~~~~~~^~~~~~~~~~~~~~~~~~~~~~~~~~~~~~~~~~~~~~~~~~~~~~~
/root/los19/kernel/oppo/msm8939/scripts/mod/file2alias.c:1109:1: note: use array indexing to silence this warning
/root/los19/kernel/oppo/msm8939/scripts/mod/file2alias.c:103:13: note: expanded from macro 'ADD_TO_DEVTABLE'
                device_id + 0*sizeof((function)((const char *)NULL,     \
                          ^
/root/los19/kernel/oppo/msm8939/scripts/mod/file2alias.c:1134:1: warning: adding 'unsigned long' to a string does not append to the string [-Wstring-plus-int]
ADD_TO_DEVTABLE("x86cpu", x86_cpu_id, do_x86cpu_entry);
^~~~~~~~~~~~~~~~~~~~~~~~~~~~~~~~~~~~~~~~~~~~~~~~~~~~~~
/root/los19/kernel/oppo/msm8939/scripts/mod/file2alias.c:103:13: note: expanded from macro 'ADD_TO_DEVTABLE'
                device_id + 0*sizeof((function)((const char *)NULL,     \
                ~~~~~~~~~~^~~~~~~~~~~~~~~~~~~~~~~~~~~~~~~~~~~~~~~~~~~~~~~
/root/los19/kernel/oppo/msm8939/scripts/mod/file2alias.c:1134:1: note: use array indexing to silence this warning
/root/los19/kernel/oppo/msm8939/scripts/mod/file2alias.c:103:13: note: expanded from macro 'ADD_TO_DEVTABLE'
                device_id + 0*sizeof((function)((const char *)NULL,     \
                          ^
/root/los19/kernel/oppo/msm8939/scripts/mod/file2alias.c:1144:1: warning: adding 'unsigned long' to a string does not append to the string [-Wstring-plus-int]
ADD_TO_DEVTABLE("cpu", cpu_feature, do_cpu_entry);
^~~~~~~~~~~~~~~~~~~~~~~~~~~~~~~~~~~~~~~~~~~~~~~~~
/root/los19/kernel/oppo/msm8939/scripts/mod/file2alias.c:103:13: note: expanded from macro 'ADD_TO_DEVTABLE'
                device_id + 0*sizeof((function)((const char *)NULL,     \
                ~~~~~~~~~~^~~~~~~~~~~~~~~~~~~~~~~~~~~~~~~~~~~~~~~~~~~~~~~
/root/los19/kernel/oppo/msm8939/scripts/mod/file2alias.c:1144:1: note: use array indexing to silence this warning
/root/los19/kernel/oppo/msm8939/scripts/mod/file2alias.c:103:13: note: expanded from macro 'ADD_TO_DEVTABLE'
                device_id + 0*sizeof((function)((const char *)NULL,     \
                          ^
/root/los19/kernel/oppo/msm8939/scripts/mod/file2alias.c:1156:1: warning: adding 'unsigned long' to a string does not append to the string [-Wstring-plus-int]
ADD_TO_DEVTABLE("mei", mei_cl_device_id, do_mei_entry);
^~~~~~~~~~~~~~~~~~~~~~~~~~~~~~~~~~~~~~~~~~~~~~~~~~~~~~
/root/los19/kernel/oppo/msm8939/scripts/mod/file2alias.c:103:13: note: expanded from macro 'ADD_TO_DEVTABLE'
                device_id + 0*sizeof((function)((const char *)NULL,     \
                ~~~~~~~~~~^~~~~~~~~~~~~~~~~~~~~~~~~~~~~~~~~~~~~~~~~~~~~~~
/root/los19/kernel/oppo/msm8939/scripts/mod/file2alias.c:1156:1: note: use array indexing to silence this warning
/root/los19/kernel/oppo/msm8939/scripts/mod/file2alias.c:103:13: note: expanded from macro 'ADD_TO_DEVTABLE'
                device_id + 0*sizeof((function)((const char *)NULL,     \
                          ^
31 warnings generated.
  HOSTLD  scripts/mod/modpost
make[2]: Nothing to be done for 'dtbs'.
  DTC     arch/arm64/boot/dts/qcom/../msm8916-mtp-15399.dtb
make: Leaving directory '/root/los19/kernel/oppo/msm8939'
[ 33% 3/9] Prebuilt:  (out/target/product/A37/kernel)
[ 44% 4/9] Target dt image: out/target/product/A37/dt.img
DTB combiner:
  Input directory: 'out/target/product/A37/obj/KERNEL_OBJ/arch/arm64/boot/dts/'
  Output file: 'out/target/product/A37/dt.img'
Found file: msm8916-mtp-15399.dtb ... 
Version:2
chipset: 206, rev: 0, platform: 8, subtype: 0, oppoId: 15399, pmic0: 0, pmic1: 0, pmic2: 0, pmic3: 0
additional chipset: 248, rev: 0, platform: 8, subtype: 0, oppoId: 15399 pmic0: 0, pmic1: 0, pmic2: 0, pmic3: 0
additional chipset: 249, rev: 0, platform: 8, subtype: 0, oppoId: 15399 pmic0: 0, pmic1: 0, pmic2: 0, pmic3: 0
additional chipset: 250, rev: 0, platform: 8, subtype: 0, oppoId: 15399 pmic0: 0, pmic1: 0, pmic2: 0, pmic3: 0
Searching subdir: out/target/product/A37/obj/KERNEL_OBJ/arch/arm64/boot/dts/qcom/ ... 
=> Found 4 unique DTB(s)

Generating master DTB... completed
Made DT image: out/target/product/A37/dt.img
[ 55% 5/9] Target boot image: out/target/product/A37/boot.img
[ 66% 6/9] build out/target/product/A37/recovery.img
[ 77% 7/9] Package target files: out/target/product/A37/obj/PACKAGING/target_files_intermediates/lineage_A37-target_files-eng.rigaz29.zip
ls: out/target/product/A37/data: No such file or directory
2026-08-02 05:55:51 - common.py - WARNING : Failed to read SYSTEM/etc/build.prop
2026-08-02 05:55:51 - common.py - WARNING : Failed to read VENDOR/etc/build.prop
2026-08-02 05:55:51 - common.py - WARNING : Failed to read VENDOR/build.prop
2026-08-02 05:55:51 - common.py - WARNING : Failed to read PRODUCT/etc/build.prop
2026-08-02 05:55:51 - common.py - WARNING : Failed to read PRODUCT/build.prop
2026-08-02 05:55:51 - common.py - WARNING : Failed to read SYSTEM_EXT/etc/build.prop
2026-08-02 05:55:51 - common.py - WARNING : Failed to read SYSTEM_EXT/build.prop
2026-08-02 05:55:51 - common.py - WARNING : Failed to read ODM/etc/build.prop
2026-08-02 05:55:51 - common.py - WARNING : Failed to read ODM/build.prop
2026-08-02 05:55:51 - common.py - WARNING : Failed to read VENDOR_DLKM/etc/build.prop
2026-08-02 05:55:51 - common.py - WARNING : Failed to read VENDOR_DLKM/build.prop
2026-08-02 05:55:51 - common.py - WARNING : Failed to read ODM_DLKM/etc/build.prop
2026-08-02 05:55:51 - common.py - WARNING : Failed to read ODM_DLKM/build.prop
2026-08-02 05:55:51 - common.py - WARNING : Failed to read IMAGES/boot.img
2026-08-02 05:55:51 - common.py - WARNING : Can't find META/ab_partitions.txt
2026-08-02 05:55:55 - common.py - WARNING : Failed to read SYSTEM/etc/build.prop
2026-08-02 05:55:55 - common.py - WARNING : Failed to read VENDOR/etc/build.prop
2026-08-02 05:55:55 - common.py - WARNING : Failed to read VENDOR/build.prop
2026-08-02 05:55:55 - common.py - WARNING : Failed to read PRODUCT/etc/build.prop
2026-08-02 05:55:55 - common.py - WARNING : Failed to read PRODUCT/build.prop
2026-08-02 05:55:55 - common.py - WARNING : Failed to read SYSTEM_EXT/etc/build.prop
2026-08-02 05:55:55 - common.py - WARNING : Failed to read SYSTEM_EXT/build.prop
2026-08-02 05:55:55 - common.py - WARNING : Failed to read ODM/etc/build.prop
2026-08-02 05:55:55 - common.py - WARNING : Failed to read ODM/build.prop
2026-08-02 05:55:55 - common.py - WARNING : Failed to read VENDOR_DLKM/etc/build.prop
2026-08-02 05:55:55 - common.py - WARNING : Failed to read VENDOR_DLKM/build.prop
2026-08-02 05:55:55 - common.py - WARNING : Failed to read ODM_DLKM/etc/build.prop
2026-08-02 05:55:55 - common.py - WARNING : Failed to read ODM_DLKM/build.prop
2026-08-02 05:55:56 - common.py - WARNING : Unable to get boot image build props: Failed to run command '['unpack_bootimg', '--boot_img', '/root/los19/out/target/product/A37/obj/PACKAGING/target_files_intermediates/lineage_A37-target_files-eng.rigaz29/IMAGES/boot.img', '--out', '/root/los19/out/soong/.temp/boot_iz51Sv.img']' (exit code 1):
Traceback (most recent call last):
  File "/root/los19/out/host/linux-x86/bin/unpack_bootimg/internal/stdlib/runpy.py", line 197, in _run_module_as_main
  File "/root/los19/out/host/linux-x86/bin/unpack_bootimg/internal/stdlib/runpy.py", line 87, in _run_code
  File "/root/los19/out/host/linux-x86/bin/unpack_bootimg/__main__.py", line 12, in <module>
  File "/root/los19/out/host/linux-x86/bin/unpack_bootimg/internal/stdlib/runpy.py", line 197, in _run_module_as_main
  File "/root/los19/out/host/linux-x86/bin/unpack_bootimg/internal/stdlib/runpy.py", line 87, in _run_code
  File "/root/los19/out/host/linux-x86/bin/unpack_bootimg/unpack_bootimg.py", line 547, in <module>
  File "/root/los19/out/host/linux-x86/bin/unpack_bootimg/unpack_bootimg.py", line 543, in main
  File "/root/los19/out/host/linux-x86/bin/unpack_bootimg/unpack_bootimg.py", line 474, in unpack_image
  File "/root/los19/out/host/linux-x86/bin/unpack_bootimg/unpack_bootimg.py", line 215, in unpack_boot_image
UnicodeDecodeError: 'utf-8' codec can't decode byte 0x93 in position 0: invalid start byte

2026-08-02 05:55:56 - common.py - WARNING : Can't find META/ab_partitions.txt
2026-08-02 05:55:56 - add_img_to_target_files.py - INFO    : 

++++ boot  ++++


2026-08-02 05:55:56 - common.py - INFO    : using prebuilt boot.img from IMAGES...
2026-08-02 05:55:56 - add_img_to_target_files.py - INFO    : 

++++ recovery  ++++


2026-08-02 05:55:56 - common.py - INFO    : building image from target_files RECOVERY...
2026-08-02 05:55:57 - add_img_to_target_files.py - INFO    : 

++++ recovery (two-step image)  ++++


2026-08-02 05:55:57 - common.py - INFO    : building image from target_files RECOVERY...
2026-08-02 05:55:59 - add_img_to_target_files.py - INFO    : 

++++ system  ++++


2026-08-02 05:55:59 - add_img_to_target_files.py - INFO    : creating system.img...
2026-08-02 05:56:13 - apex_utils.py - INFO    : Skipping /root/los19/out/target/product/A37/obj/PACKAGING/target_files_intermediates/lineage_A37-target_files-eng.rigaz29/SYSTEM/apex/com.android.tethering because it's not a zipfile
2026-08-02 05:56:13 - apex_utils.py - INFO    : Skipping /root/los19/out/target/product/A37/obj/PACKAGING/target_files_intermediates/lineage_A37-target_files-eng.rigaz29/SYSTEM/apex/com.android.art.debug because it's not a zipfile
2026-08-02 05:56:13 - apex_utils.py - INFO    : Skipping /root/los19/out/target/product/A37/obj/PACKAGING/target_files_intermediates/lineage_A37-target_files-eng.rigaz29/SYSTEM/apex/com.android.runtime because it's not a zipfile
2026-08-02 05:56:13 - apex_utils.py - INFO    : Skipping /root/los19/out/target/product/A37/obj/PACKAGING/target_files_intermediates/lineage_A37-target_files-eng.rigaz29/SYSTEM/apex/com.android.mediaprovider because it's not a zipfile
2026-08-02 05:56:13 - apex_utils.py - INFO    : Skipping /root/los19/out/target/product/A37/obj/PACKAGING/target_files_intermediates/lineage_A37-target_files-eng.rigaz29/SYSTEM/apex/com.android.neuralnetworks because it's not a zipfile
2026-08-02 05:56:13 - apex_utils.py - INFO    : Skipping /root/los19/out/target/product/A37/obj/PACKAGING/target_files_intermediates/lineage_A37-target_files-eng.rigaz29/SYSTEM/apex/com.android.media.swcodec because it's not a zipfile
2026-08-02 05:56:13 - apex_utils.py - INFO    : Skipping /root/los19/out/target/product/A37/obj/PACKAGING/target_files_intermediates/lineage_A37-target_files-eng.rigaz29/SYSTEM/apex/com.android.i18n because it's not a zipfile
2026-08-02 05:56:13 - apex_utils.py - INFO    : Skipping /root/los19/out/target/product/A37/obj/PACKAGING/target_files_intermediates/lineage_A37-target_files-eng.rigaz29/SYSTEM/apex/com.android.os.statsd because it's not a zipfile
2026-08-02 05:56:13 - apex_utils.py - INFO    : Skipping /root/los19/out/target/product/A37/obj/PACKAGING/target_files_intermediates/lineage_A37-target_files-eng.rigaz29/SYSTEM/apex/com.android.sdkext because it's not a zipfile
2026-08-02 05:56:13 - apex_utils.py - INFO    : Skipping /root/los19/out/target/product/A37/obj/PACKAGING/target_files_intermediates/lineage_A37-target_files-eng.rigaz29/SYSTEM/apex/com.android.extservices because it's not a zipfile
2026-08-02 05:56:13 - apex_utils.py - INFO    : Skipping /root/los19/out/target/product/A37/obj/PACKAGING/target_files_intermediates/lineage_A37-target_files-eng.rigaz29/SYSTEM/apex/com.android.adbd because it's not a zipfile
2026-08-02 05:56:13 - apex_utils.py - INFO    : Skipping /root/los19/out/target/product/A37/obj/PACKAGING/target_files_intermediates/lineage_A37-target_files-eng.rigaz29/SYSTEM/apex/com.android.scheduling because it's not a zipfile
2026-08-02 05:56:13 - apex_utils.py - INFO    : Skipping /root/los19/out/target/product/A37/obj/PACKAGING/target_files_intermediates/lineage_A37-target_files-eng.rigaz29/SYSTEM/apex/com.android.appsearch because it's not a zipfile
2026-08-02 05:56:13 - apex_utils.py - INFO    : Skipping /root/los19/out/target/product/A37/obj/PACKAGING/target_files_intermediates/lineage_A37-target_files-eng.rigaz29/SYSTEM/apex/com.android.ipsec because it's not a zipfile
2026-08-02 05:56:13 - apex_utils.py - INFO    : Skipping /root/los19/out/target/product/A37/obj/PACKAGING/target_files_intermediates/lineage_A37-target_files-eng.rigaz29/SYSTEM/apex/com.android.wifi because it's not a zipfile
2026-08-02 05:56:13 - apex_utils.py - INFO    : Skipping /root/los19/out/target/product/A37/obj/PACKAGING/target_files_intermediates/lineage_A37-target_files-eng.rigaz29/SYSTEM/apex/com.android.tethering.inprocess because it's not a zipfile
2026-08-02 05:56:13 - apex_utils.py - INFO    : Skipping /root/los19/out/target/product/A37/obj/PACKAGING/target_files_intermediates/lineage_A37-target_files-eng.rigaz29/SYSTEM/apex/com.android.cellbroadcast because it's not a zipfile
2026-08-02 05:56:13 - apex_utils.py - INFO    : Skipping /root/los19/out/target/product/A37/obj/PACKAGING/target_files_intermediates/lineage_A37-target_files-eng.rigaz29/SYSTEM/apex/com.android.resolv because it's not a zipfile
2026-08-02 05:56:13 - apex_utils.py - INFO    : Skipping /root/los19/out/target/product/A37/obj/PACKAGING/target_files_intermediates/lineage_A37-target_files-eng.rigaz29/SYSTEM/apex/com.android.media because it's not a zipfile
2026-08-02 05:56:13 - apex_utils.py - INFO    : Skipping /root/los19/out/target/product/A37/obj/PACKAGING/target_files_intermediates/lineage_A37-target_files-eng.rigaz29/SYSTEM/apex/com.android.tzdata because it's not a zipfile
2026-08-02 05:56:13 - apex_utils.py - INFO    : Skipping /root/los19/out/target/product/A37/obj/PACKAGING/target_files_intermediates/lineage_A37-target_files-eng.rigaz29/SYSTEM/apex/com.android.permission because it's not a zipfile
2026-08-02 05:56:13 - apex_utils.py - INFO    : Skipping /root/los19/out/target/product/A37/obj/PACKAGING/target_files_intermediates/lineage_A37-target_files-eng.rigaz29/SYSTEM/apex/com.android.conscrypt because it's not a zipfile
2026-08-02 05:56:13 - add_img_to_target_files.py - INFO    : 

++++ userdata  ++++


2026-08-02 05:56:13 - add_img_to_target_files.py - INFO    : creating userdata.img...
2026-08-02 05:56:14 - common.py - INFO    :   userdata size (132) is 0.00% of limit (11632902144)
2026-08-02 05:56:14 - add_img_to_target_files.py - INFO    : 

++++ cache  ++++


2026-08-02 05:56:14 - add_img_to_target_files.py - INFO    : creating cache.img...
2026-08-02 05:56:14 - common.py - INFO    :   cache size (129) is 0.00% of limit (126877696)
2026-08-02 05:56:14 - add_img_to_target_files.py - INFO    : 

++++ radio  ++++


2026-08-02 05:56:14 - add_img_to_target_files.py - INFO    : done.
[ 88% 8/9] Package OTA: out/target/product/A37/lineage_A37-ota-eng.rigaz29.zip
2026-08-02 05:56:25 - common.py - WARNING : Failed to read SYSTEM/etc/build.prop
2026-08-02 05:56:25 - common.py - WARNING : Failed to read VENDOR/etc/build.prop
2026-08-02 05:56:25 - common.py - WARNING : Failed to read VENDOR/build.prop
2026-08-02 05:56:25 - common.py - WARNING : Failed to read PRODUCT/etc/build.prop
2026-08-02 05:56:25 - common.py - WARNING : Failed to read PRODUCT/build.prop
2026-08-02 05:56:25 - common.py - WARNING : Failed to read SYSTEM_EXT/etc/build.prop
2026-08-02 05:56:25 - common.py - WARNING : Failed to read SYSTEM_EXT/build.prop
2026-08-02 05:56:25 - common.py - WARNING : Failed to read ODM/etc/build.prop
2026-08-02 05:56:25 - common.py - WARNING : Failed to read ODM/build.prop
2026-08-02 05:56:25 - common.py - WARNING : Failed to read VENDOR_DLKM/etc/build.prop
2026-08-02 05:56:25 - common.py - WARNING : Failed to read VENDOR_DLKM/build.prop
2026-08-02 05:56:25 - common.py - WARNING : Failed to read ODM_DLKM/etc/build.prop
2026-08-02 05:56:25 - common.py - WARNING : Failed to read ODM_DLKM/build.prop
2026-08-02 05:56:25 - common.py - WARNING : Unable to get boot image build props: Failed to run command '['unpack_bootimg', '--boot_img', 'out/target/product/A37/obj/PACKAGING/target_files_intermediates/lineage_A37-target_files-eng.rigaz29/IMAGES/boot.img', '--out', '/root/los19/out/soong/.temp/boot_gu2gEX.img']' (exit code 1):
Traceback (most recent call last):
  File "/root/los19/out/host/linux-x86/bin/unpack_bootimg/internal/stdlib/runpy.py", line 197, in _run_module_as_main
  File "/root/los19/out/host/linux-x86/bin/unpack_bootimg/internal/stdlib/runpy.py", line 87, in _run_code
  File "/root/los19/out/host/linux-x86/bin/unpack_bootimg/__main__.py", line 12, in <module>
  File "/root/los19/out/host/linux-x86/bin/unpack_bootimg/internal/stdlib/runpy.py", line 197, in _run_module_as_main
  File "/root/los19/out/host/linux-x86/bin/unpack_bootimg/internal/stdlib/runpy.py", line 87, in _run_code
  File "/root/los19/out/host/linux-x86/bin/unpack_bootimg/unpack_bootimg.py", line 547, in <module>
  File "/root/los19/out/host/linux-x86/bin/unpack_bootimg/unpack_bootimg.py", line 543, in main
  File "/root/los19/out/host/linux-x86/bin/unpack_bootimg/unpack_bootimg.py", line 474, in unpack_image
  File "/root/los19/out/host/linux-x86/bin/unpack_bootimg/unpack_bootimg.py", line 215, in unpack_boot_image
UnicodeDecodeError: 'utf-8' codec can't decode byte 0x93 in position 0: invalid start byte

2026-08-02 05:56:25 - common.py - WARNING : Can't find META/ab_partitions.txt
2026-08-02 05:56:25 - ota_from_target_files.py - INFO    : --- target info ---
2026-08-02 05:56:25 - common.py - INFO    : allow_non_ab              = (str) true
2026-08-02 05:56:25 - common.py - INFO    : blockimgdiff_versions     = (str) 3,4
2026-08-02 05:56:25 - common.py - INFO    : blocksize                 = (int) 131072
2026-08-02 05:56:25 - common.py - INFO    : boot.build.prop           = (PartitionBuildProps) <common.PartitionBuildProps object at 0x7cb26cdad650>
2026-08-02 05:56:25 - common.py - INFO    : boot_images               = (str) boot.img
2026-08-02 05:56:25 - common.py - INFO    : boot_size                 = (int) 33554432
2026-08-02 05:56:25 - common.py - INFO    : build.prop                = (PartitionBuildProps) <common.PartitionBuildProps object at 0x7cb26cd9dd50>
2026-08-02 05:56:25 - common.py - INFO    : building_cache_image      = (str) true
2026-08-02 05:56:25 - common.py - INFO    : building_system_image     = (str) true
2026-08-02 05:56:25 - common.py - INFO    : building_userdata_image   = (str) true
2026-08-02 05:56:25 - common.py - INFO    : cache_fs_type             = (str) ext4
2026-08-02 05:56:25 - common.py - INFO    : cache_selinux_fc          = (str) out/target/product/A37/obj/ETC/file_contexts.bin_intermediates/file_contexts.bin
2026-08-02 05:56:25 - common.py - INFO    : cache_size                = (int) 126877696
2026-08-02 05:56:25 - common.py - INFO    : default_system_dev_certificate = (str) build/make/target/product/security/testkey
2026-08-02 05:56:25 - common.py - INFO    : erofs_sparse_flag         = (str) -s
2026-08-02 05:56:25 - common.py - INFO    : ext_mkuserimg             = (str) mkuserimg_mke2fs
2026-08-02 05:56:25 - common.py - INFO    : extfs_sparse_flag         = (str) -s
2026-08-02 05:56:25 - common.py - INFO    : extra_recovery_keys       = (str) vendor/lineage/build/target/product/security/lineage
2026-08-02 05:56:25 - common.py - INFO    : f2fs_sparse_flag          = (str) -S
2026-08-02 05:56:25 - common.py - INFO    : fs_type                   = (str) ext4
2026-08-02 05:56:25 - common.py - INFO    : fstab                     = (dict) {'none': <common.Partition object at 0x7cb26cd9dcd0>, '/cache': <common.Partition object at 0x7cb26cd9db90>, '/data': <common.Partition object at 0x7cb26cd9db10>, '/system': <common.Partition object at 0x7cb26cd9dad0>, '/persist': <common.Partition object at 0x7cb26cd9dbd0>, '/recovery': <common.Partition object at 0x7cb26cd9dc10>, '/firmware': <common.Partition object at 0x7cb26cd9dc90>, '/boot': <common.Partition object at 0x7cb26cd9db50>, '/misc': <common.Partition object at 0x7cb26cd9dc50>}
2026-08-02 05:56:25 - common.py - INFO    : fstab_version             = (int) 2
2026-08-02 05:56:25 - common.py - INFO    : full_recovery_image       = (str) true
2026-08-02 05:56:25 - common.py - INFO    : lpmake                    = (str) lpmake
2026-08-02 05:56:25 - common.py - INFO    : mkbootimg_args            = (str) --ramdisk_offset 0x01000000 --tags_offset 0x00000100
2026-08-02 05:56:25 - common.py - INFO    : mkbootimg_version_args    = (str) --os_version 12 --os_patch_level 2025-03-05
2026-08-02 05:56:25 - common.py - INFO    : multistage_support        = (str) 1
2026-08-02 05:56:25 - common.py - INFO    : odm.build.prop            = (PartitionBuildProps) <common.PartitionBuildProps object at 0x7cb26cdad5d0>
2026-08-02 05:56:25 - common.py - INFO    : odm_dlkm.build.prop       = (PartitionBuildProps) <common.PartitionBuildProps object at 0x7cb26cdad790>
2026-08-02 05:56:25 - common.py - INFO    : oem_selinux_fc            = (str) out/target/product/A37/obj/ETC/file_contexts.bin_intermediates/file_contexts.bin
2026-08-02 05:56:25 - common.py - INFO    : ota_override_device       = (str) A37,a37,a37f,A37f,A37fw,a37fw,A37m,a37m,msm8916,msm8939
2026-08-02 05:56:25 - common.py - INFO    : product.build.prop        = (PartitionBuildProps) <common.PartitionBuildProps object at 0x7cb26cd9d8d0>
2026-08-02 05:56:25 - common.py - INFO    : recovery_api_version      = (int) 3
2026-08-02 05:56:25 - common.py - INFO    : recovery_mkbootimg_args   = (str) --ramdisk_offset 0x01000000 --tags_offset 0x00000100
2026-08-02 05:56:25 - common.py - INFO    : recovery_mount_options    = (str) ext4=max_batch_time=0,commit=1,data=ordered,barrier=1,errors=panic,nodelalloc
2026-08-02 05:56:25 - common.py - INFO    : recovery_size             = (int) 33554432
2026-08-02 05:56:25 - common.py - INFO    : root_dir                  = (str) out/target/product/A37/root
2026-08-02 05:56:25 - common.py - INFO    : squashfs_sparse_flag      = (str) -s
2026-08-02 05:56:25 - common.py - INFO    : super_metadata_device     = (str) 
2026-08-02 05:56:25 - common.py - INFO    : system.build.prop         = (PartitionBuildProps) <common.PartitionBuildProps object at 0x7cb26cd9dd50>
2026-08-02 05:56:25 - common.py - INFO    : system_ext.build.prop     = (PartitionBuildProps) <common.PartitionBuildProps object at 0x7cb26cdad4d0>
2026-08-02 05:56:25 - common.py - INFO    : system_selinux_fc         = (str) out/target/product/A37/obj/ETC/file_contexts.bin_intermediates/file_contexts.bin
2026-08-02 05:56:25 - common.py - INFO    : system_size               = (int) 2859466752
2026-08-02 05:56:25 - common.py - INFO    : tool_extensions           = (str) device/oppo/A37/../common
2026-08-02 05:56:25 - common.py - INFO    : userdata_selinux_fc       = (str) out/target/product/A37/obj/ETC/file_contexts.bin_intermediates/file_contexts.bin
2026-08-02 05:56:25 - common.py - INFO    : userdata_size             = (int) 11632902144
2026-08-02 05:56:25 - common.py - INFO    : vendor.build.prop         = (PartitionBuildProps) <common.PartitionBuildProps object at 0x7cb26d4a2f90>
2026-08-02 05:56:25 - common.py - INFO    : vendor_dlkm.build.prop    = (PartitionBuildProps) <common.PartitionBuildProps object at 0x7cb26cdad690>
2026-08-02 05:56:25 - common.py - INFO    : verity_disable            = (str) true
2026-08-02 05:56:25 - common.py - INFO    : vintf_enforce             = (str) true
2026-08-02 05:56:25 - common.py - INFO    : vintf_include_empty_vendor_sku = (str) true
2026-08-02 05:56:25 - common.py - INFO    : unable to load device-specific module; assuming none
2026-08-02 05:56:25 - sparse_img.py - INFO    : Total of 698112 4096-byte output blocks in 36 input chunks.
2026-08-02 05:56:28 - blockimgdiff.py - INFO    : Finding transfers...
2026-08-02 05:56:33 - blockimgdiff.py - INFO    : Generating digraph...
2026-08-02 05:56:33 - blockimgdiff.py - INFO    : Finding vertex sequence...
2026-08-02 05:56:33 - blockimgdiff.py - INFO    : Reversing backward edges...
2026-08-02 05:56:33 - blockimgdiff.py - INFO    :   0/0 dependencies (0.00%) were violated; 0 source blocks stashed.
2026-08-02 05:56:33 - blockimgdiff.py - INFO    : Improving vertex order...
2026-08-02 05:56:33 - blockimgdiff.py - INFO    : Revising stash size...
2026-08-02 05:56:33 - blockimgdiff.py - INFO    :   Total 0 blocks (0 bytes) are packed as new blocks due to insufficient cache size. Maximum blocks stashed simultaneously: 0
2026-08-02 05:56:33 - blockimgdiff.py - INFO    : Revising stash size...
2026-08-02 05:56:33 - blockimgdiff.py - INFO    :   Total 0 blocks (0 bytes) are packed as new blocks due to insufficient cache size. Maximum blocks stashed simultaneously: 0
2026-08-02 05:56:38 - blockimgdiff.py - INFO    : Reticulating splines...
2026-08-02 05:56:41 - blockimgdiff.py - INFO    : 1326682112 1326682112 (100.00%)     new __DATA 0-272 500-32770 33268-65536 66034-98306 98804-131072 131570-163842 164340-196608 197106-229378 229876-262144 262642-294914 295412-327680 328178-329092 688128
2026-08-02 05:56:41 - blockimgdiff.py - INFO    : max stashed blocks: 0  (0 bytes), limit: 101502156 bytes (0.00%)

2026-08-02 05:56:41 - blockimgdiff.py - INFO    :   Imgdiff Stats Report  
2026-08-02 05:56:41 - blockimgdiff.py - INFO    : ========================

2026-08-02 05:56:41 - common.py - INFO    : using prebuilt recovery.img from IMAGES...
2026-08-02 05:56:41 - common.py - INFO    :   recovery size (26187776) is 78.05% of limit (33554432)
2026-08-02 05:57:59 - common.py - INFO    : using prebuilt boot.img from IMAGES...
2026-08-02 05:57:59 - common.py - INFO    :   boot size (18176000) is 54.17% of limit (33554432)
2026-08-02 05:58:14 - ota_from_target_files.py - INFO    : done.
Compressing system.new.dat with brotli
[100% 9/9] build bacon
Package Complete: out/target/product/A37/lineage-19.1-20260802-UNOFFICIAL-rigaz29-A37.zip

[0;32m#### build completed successfully (04:39 (mm:ss)) ####[00m

=== BUILD rc=0 ===
-rw-r--r-- 1 root root  18M Aug  2 05:55 out/target/product/A37/boot.img
-rw-r--r-- 3 root root 560M Aug  2 05:58 out/target/product/A37/lineage-19.1-20260802-UNOFFICIAL-rigaz29-A37.zip
Sun Aug  2 05:58:17 UTC 2026
